[2026-05-31 12:02:36.658] 📁 日志目录: /Users/yuliang/project/poly-refactor/poly-simmer-fast-loop/main/runs/2026-05-31-12-02-36_live
[2026-05-31 12:02:36.658] 📄 日志文件: /Users/yuliang/project/poly-refactor/poly-simmer-fast-loop/main/runs/2026-05-31-12-02-36_live/output.log
[2026-05-31 12:02:36.658] ============================================================
[2026-05-31 12:02:36.659] 
[2026-05-31 12:02:36.659] ════════════════════════════════════════════════════════════
[2026-05-31 12:02:36.659]   【 PreOpen Loop 预开盘循环 】
[2026-05-31 12:02:36.659] ════════════════════════════════════════════════════════════
[2026-05-31 12:02:36.659]   模式: 实盘交易
[2026-05-31 12:02:36.659]   品种: BTC | 窗口: 5m
[2026-05-31 12:02:36.659]   ── 轮询参数 ──
[2026-05-31 12:02:36.659]   • 轮询间隔: 60s
[2026-05-31 12:02:36.659]   • 预开盘提前时间 (lead_time): 600s
[2026-05-31 12:02:36.659]   • 垃圾回收宽限期 (gc_grace): 60s
[2026-05-31 12:02:36.659]   ── YES 主单参数 ──
[2026-05-31 12:02:36.659]   • 买入数量: 5.0 份
[2026-05-31 12:02:36.659]   • 最高价格: $0.92
[2026-05-31 12:02:36.659]   ── NO 对冲参数 ──
[2026-05-31 12:02:36.659]   • 静态对冲价格: $0.4
[2026-05-31 12:02:36.659]   • 切换 TTL 阈值: 40s
[2026-05-31 12:02:36.659]   • 最大 FAK 价格: $0.42
[2026-05-31 12:02:36.659]   • 最小套利边缘: -0.5
[2026-05-31 12:02:36.659]   • live 事件上限: 200
[2026-05-31 12:02:36.659] ────────────────────────────────────────────────────────────
[2026-05-31 12:02:36.659] 
[2026-05-31 12:02:36.659] ━━━━━━━━━━━━━━━━━━━━━━━━━━━━━━━━━━━━━━━━━━━━━━━━━━━━━━━━━━━━
[2026-05-31 12:02:36.659]   【 PreOpen 轮次 #1 】 2026-05-31 04:02:36 UTC
[2026-05-31 12:02:41.269] 
[2026-05-31 12:02:41.270]   🔍 【市场发现】共找到 5 个市场
[2026-05-31 12:02:41.270]      ├─ ❌ 过滤 [已开始] btc-updown-5m-1780199700 | 开始于 03:55:00 UTC | tts=-457s
[2026-05-31 12:02:41.270]      ├─ ❌ 过滤 [已开始] btc-updown-5m-1780200000 | 开始于 04:00:00 UTC | tts=-157s
[2026-05-31 12:02:41.270]      └─ ✅ 可交易 btc-updown-5m-1780200300 | 开始 04:05:00 UTC | 结束 04:10:00 UTC | tts=143s
[2026-05-31 12:02:41.270]      └─ ✅ 可交易 btc-updown-5m-1780200600 | 开始 04:10:00 UTC | 结束 04:15:00 UTC | tts=443s
[2026-05-31 12:02:41.270]      ├─ ❌ 过滤 [太远] btc-updown-5m-1780200900 | 开始于 04:15:00 UTC | tts=743s > 600s
[2026-05-31 12:02:41.270] 
[2026-05-31 12:02:41.271]   📊 【汇总】发现 5 个 | 可交易 2 个
[2026-05-31 12:02:41.271]      └─ 时间窗口外: 3
[2026-05-31 12:02:41.271] 
[2026-05-31 12:02:41.271]   📅 【所有市场时间表】(当前: 04:02:36 UTC)
[2026-05-31 12:02:41.271]      🔴 已开始 03:55:00 - 04:00:00 UTC | btc-updown-5m-1780199700 | 开始已过 457s | 已结束
[2026-05-31 12:02:41.271]      🔴 已开始 04:00:00 - 04:05:00 UTC | btc-updown-5m-1780200000 | 开始已过 157s | 143s后结束
[2026-05-31 12:02:41.271]      ✅ 可交易 04:05:00 - 04:10:00 UTC | btc-updown-5m-1780200300 | 开始143s后 | 443s后结束
[2026-05-31 12:02:41.271]      ✅ 可交易 04:10:00 - 04:15:00 UTC | btc-updown-5m-1780200600 | 开始443s后 | 743s后结束
[2026-05-31 12:02:41.271]      🔜 太远 04:15:00 - 04:20:00 UTC | btc-updown-5m-1780200900 | 开始743s后 | 1043s后结束
[2026-05-31 12:02:41.271]   ✨ 新发现事件: btc-updown-5m-1780200300 | 状态=已发现 | 距开始=143s | 距结束=443s
[2026-05-31 12:02:41.271]   ✨ 新发现事件: btc-updown-5m-1780200600 | 状态=已发现 | 距开始=443s | 距结束=743s
[2026-05-31 12:02:41.271]   🎯 目标事件: btc-updown-5m-1780200300 | 状态=已发现 | 距开始=143s | 距结束=443s
[2026-05-31 12:02:41.272]   ⏱  距离开始=143.3s | 状态=discovered | 动作次数=0
[2026-05-31 12:02:41.272]   🔄 事件状态: DISCOVERED → READY | btc-updown-5m-1780200300
[2026-05-31 12:02:43.259] [py_clob_client_v2] request error status=400 url=https://clob.polymarket.com/auth/api-key body={"error":"Could not create api key"}
[2026-05-31 12:02:43.259] 
[2026-05-31 12:02:45.123]   📗 YES下单: ✅ 已下单 | 价格=$0.5300 | 数量=5.0份 | 订单ID=0x30e897b7044a0678e0a54edac08557b28b3ca0651a53a180fc6d81c704533605
[2026-05-31 12:02:45.123]   ✅ Bought 5.0 YES shares @ $0.530
[2026-05-31 12:02:53.955]   📙 NO挂单: ✅ 已下单 | 价格=$0.4000 | 数量=5.0份 | 订单ID=0x36b72f44731c3570bf5128c819b452c2d080ecb17377b093408d57630e88c6ad
[2026-05-31 12:02:53.956]   ✅ Bought 5.0 NO shares @ $0.400
[2026-05-31 12:03:00.096]   🎯 live 事件进度: 1/200
[2026-05-31 12:03:00.096] 
[2026-05-31 12:03:00.096]   ✅ 【已下单】btc-updown-5m-1780200300
[2026-05-31 12:03:00.096]      📗 YES: 订单ID=0x30e897b7044a0678e0a54edac08557b28b3ca0651a53a180fc6d81c704533605 | 成交价=$0.5300
[2026-05-31 12:03:00.096]      📙 NO: 订单ID=0x36b72f44731c3570bf5128c819b452c2d080ecb17377b093408d57630e88c6ad | 成交价=$0.4000
[2026-05-31 12:03:00.096]      📍 当前状态: down_resting | 动作次数: 3
[2026-05-31 12:03:00.096]   📊 套利边缘: net=-0.4000 | 充足=True | edge=-0.4000 >= min=-0.5000; YES@0.530 cost=0.5300 + NO@0.400 cost=0.4000
[2026-05-31 12:03:00.096] 
[2026-05-31 12:03:00.096]   💤 等待 60s 后进行下次轮询...
[2026-05-31 12:04:00.110] 
[2026-05-31 12:04:00.112] ━━━━━━━━━━━━━━━━━━━━━━━━━━━━━━━━━━━━━━━━━━━━━━━━━━━━━━━━━━━━
[2026-05-31 12:04:00.112]   【 PreOpen 轮次 #2 】 2026-05-31 04:04:00 UTC
[2026-05-31 12:04:05.324] 
[2026-05-31 12:04:05.324]   🔍 【市场发现】共找到 5 个市场
[2026-05-31 12:04:05.324]      ├─ ❌ 过滤 [已开始] btc-updown-5m-1780199700 | 开始于 03:55:00 UTC | tts=-540s
[2026-05-31 12:04:05.324]      ├─ ❌ 过滤 [已开始] btc-updown-5m-1780200000 | 开始于 04:00:00 UTC | tts=-240s
[2026-05-31 12:04:05.324]      └─ ✅ 可交易 btc-updown-5m-1780200600 | 开始 04:10:00 UTC | 结束 04:15:00 UTC | tts=360s
[2026-05-31 12:04:05.324]      ├─ ❌ 过滤 [太远] btc-updown-5m-1780200900 | 开始于 04:15:00 UTC | tts=660s > 600s
[2026-05-31 12:04:05.324] 
[2026-05-31 12:04:05.324]   📊 【汇总】发现 5 个 | 可交易 0 个
[2026-05-31 12:04:05.324]      ├─ 已下单事件排除: 1
[2026-05-31 12:04:05.325]      └─ 时间窗口外: 3
[2026-05-31 12:04:05.325] 
[2026-05-31 12:04:05.325]   📅 【所有市场时间表】(当前: 04:04:00 UTC)
[2026-05-31 12:04:05.325]      🔴 已开始 03:55:00 - 04:00:00 UTC | btc-updown-5m-1780199700 | 开始已过 540s | 已结束
[2026-05-31 12:04:05.325]      🔴 已开始 04:00:00 - 04:05:00 UTC | btc-updown-5m-1780200000 | 开始已过 240s | 60s后结束
[2026-05-31 12:04:05.325]      ✅ 可交易 🧾已下单 04:05:00 - 04:10:00 UTC | btc-updown-5m-1780200300 | 开始60s后 | 360s后结束
[2026-05-31 12:04:05.325]      ✅ 可交易 04:10:00 - 04:15:00 UTC | btc-updown-5m-1780200600 | 开始360s后 | 660s后结束
[2026-05-31 12:04:05.325]      🔜 太远 04:15:00 - 04:20:00 UTC | btc-updown-5m-1780200900 | 开始660s后 | 960s后结束
[2026-05-31 12:04:05.325]   🎯 目标事件: btc-updown-5m-1780200300 | 状态=NO挂单中 | 距开始=60s | 距结束=360s
[2026-05-31 12:04:05.325]   ⏱  距离开始=59.9s | 状态=down_resting | 动作次数=3
[2026-05-31 12:04:05.325]   循环检查: ⏭️ 跳过 | 价格=- | 数量=- | 原因: action_count=3 >= max=3
[2026-05-31 12:04:05.325] 
[2026-05-31 12:04:05.325]   ✅ 【已下单】btc-updown-5m-1780200300
[2026-05-31 12:04:05.325]      📗 YES: 订单ID=0x30e897b7044a0678e0a54edac08557b28b3ca0651a53a180fc6d81c704533605 | 成交价=$0.5300
[2026-05-31 12:04:05.325]      📙 NO: 订单ID=0x36b72f44731c3570bf5128c819b452c2d080ecb17377b093408d57630e88c6ad | 成交价=$0.4000
[2026-05-31 12:04:05.325]      📍 当前状态: down_resting | 动作次数: 3
[2026-05-31 12:04:05.325]   📊 套利边缘: net=-0.4000 | 充足=True | edge=-0.4000 >= min=-0.5000; YES@0.530 cost=0.5300 + NO@0.400 cost=0.4000
[2026-05-31 12:04:05.326] 
[2026-05-31 12:04:05.326]   💤 等待 60s 后进行下次轮询...
[2026-05-31 12:05:05.328] 
[2026-05-31 12:05:05.332] ━━━━━━━━━━━━━━━━━━━━━━━━━━━━━━━━━━━━━━━━━━━━━━━━━━━━━━━━━━━━
[2026-05-31 12:05:05.332]   【 PreOpen 轮次 #3 】 2026-05-31 04:05:05 UTC
[2026-05-31 12:05:09.830] 
[2026-05-31 12:05:09.830]   🔍 【市场发现】共找到 5 个市场
[2026-05-31 12:05:09.830]      ├─ ❌ 过滤 [已开始] btc-updown-5m-1780200000 | 开始于 04:00:00 UTC | tts=-305s
[2026-05-31 12:05:09.831]      └─ ✅ 可交易 btc-updown-5m-1780200600 | 开始 04:10:00 UTC | 结束 04:15:00 UTC | tts=295s
[2026-05-31 12:05:09.831]      └─ ✅ 可交易 btc-updown-5m-1780200900 | 开始 04:15:00 UTC | 结束 04:20:00 UTC | tts=595s
[2026-05-31 12:05:09.831]      ├─ ❌ 过滤 [太远] btc-updown-5m-1780201200 | 开始于 04:20:00 UTC | tts=895s > 600s
[2026-05-31 12:05:09.831] 
[2026-05-31 12:05:09.831]   📊 【汇总】发现 5 个 | 可交易 1 个
[2026-05-31 12:05:09.831]      ├─ 已下单事件排除: 1
[2026-05-31 12:05:09.832]      └─ 时间窗口外: 2
[2026-05-31 12:05:09.832] 
[2026-05-31 12:05:09.832]   📅 【所有市场时间表】(当前: 04:05:05 UTC)
[2026-05-31 12:05:09.832]      🔴 已开始 04:00:00 - 04:05:00 UTC | btc-updown-5m-1780200000 | 开始已过 305s | 已结束
[2026-05-31 12:05:09.832]      🔴 已开始 🧾已下单 04:05:00 - 04:10:00 UTC | btc-updown-5m-1780200300 | 开始已过 5s | 295s后结束
[2026-05-31 12:05:09.832]      ✅ 可交易 04:10:00 - 04:15:00 UTC | btc-updown-5m-1780200600 | 开始295s后 | 595s后结束
[2026-05-31 12:05:09.832]      ✅ 可交易 04:15:00 - 04:20:00 UTC | btc-updown-5m-1780200900 | 开始595s后 | 895s后结束
[2026-05-31 12:05:09.833]      🔜 太远 04:20:00 - 04:25:00 UTC | btc-updown-5m-1780201200 | 开始895s后 | 1195s后结束
[2026-05-31 12:05:09.833]   ✨ 新发现事件: btc-updown-5m-1780200900 | 状态=已发现 | 距开始=595s | 距结束=895s
[2026-05-31 12:05:09.833]   🎯 目标事件: btc-updown-5m-1780200600 | 状态=已发现 | 距开始=295s | 距结束=595s
[2026-05-31 12:05:09.833]   ⏱  距离开始=294.7s | 状态=discovered | 动作次数=0
[2026-05-31 12:05:09.833]   🔄 事件状态: DISCOVERED → READY | btc-updown-5m-1780200600
[2026-05-31 12:05:13.936]   📗 YES下单: ✅ 已下单 | 价格=$0.4800 | 数量=5.0份 | 订单ID=0xfe09b05763543b5af127f9c4cd25549eae1058335723293e247186c2a65a492a
[2026-05-31 12:05:13.937]   ✅ Bought 5.0 YES shares @ $0.480
[2026-05-31 12:05:20.027]   📙 NO挂单: ✅ 已下单 | 价格=$0.4000 | 数量=5.0份 | 订单ID=0x748c9fcdb33a25a0e0f634fee613027866104c025ba9189df5838f0d772d8537
[2026-05-31 12:05:20.027]   ✅ Bought 5.0 NO shares @ $0.400
[2026-05-31 12:05:26.191]   🎯 live 事件进度: 2/200
[2026-05-31 12:05:26.191] 
[2026-05-31 12:05:26.191]   ✅ 【已下单】btc-updown-5m-1780200600
[2026-05-31 12:05:26.191]      📗 YES: 订单ID=0xfe09b05763543b5af127f9c4cd25549eae1058335723293e247186c2a65a492a | 成交价=$0.4800
[2026-05-31 12:05:26.191]      📙 NO: 订单ID=0x748c9fcdb33a25a0e0f634fee613027866104c025ba9189df5838f0d772d8537 | 成交价=$0.4000
[2026-05-31 12:05:26.191]      📍 当前状态: down_resting | 动作次数: 3
[2026-05-31 12:05:26.191]   📊 套利边缘: net=-0.4000 | 充足=True | edge=-0.4000 >= min=-0.5000; YES@0.480 cost=0.4800 + NO@0.400 cost=0.4000
[2026-05-31 12:05:44.796] 
[2026-05-31 12:05:44.797]   💤 等待 60s 后进行下次轮询...
[2026-05-31 12:06:44.801] 
[2026-05-31 12:06:44.803] ━━━━━━━━━━━━━━━━━━━━━━━━━━━━━━━━━━━━━━━━━━━━━━━━━━━━━━━━━━━━
[2026-05-31 12:06:44.803]   【 PreOpen 轮次 #4 】 2026-05-31 04:06:44 UTC
[2026-05-31 12:06:44.804]   🗑 Pre-GC removed: btc-updown-5m-1780200300 | reason=stale/untradeable
[2026-05-31 12:06:52.204] 
[2026-05-31 12:06:52.205]   🔍 【市场发现】共找到 5 个市场
[2026-05-31 12:06:52.205]      ├─ ❌ 过滤 [已开始] btc-updown-5m-1780200000 | 开始于 04:00:00 UTC | tts=-405s
[2026-05-31 12:06:52.205]      ├─ ❌ 过滤 [已开始] btc-updown-5m-1780200300 | 开始于 04:05:00 UTC | tts=-105s
[2026-05-31 12:06:52.205]      └─ ✅ 可交易 btc-updown-5m-1780200900 | 开始 04:15:00 UTC | 结束 04:20:00 UTC | tts=495s
[2026-05-31 12:06:52.205]      ├─ ❌ 过滤 [太远] btc-updown-5m-1780201200 | 开始于 04:20:00 UTC | tts=795s > 600s
[2026-05-31 12:06:52.205] 
[2026-05-31 12:06:52.205]   📊 【汇总】发现 5 个 | 可交易 0 个
[2026-05-31 12:06:52.206]      ├─ 已下单事件排除: 1
[2026-05-31 12:06:52.206]      └─ 时间窗口外: 3
[2026-05-31 12:06:52.206] 
[2026-05-31 12:06:52.206]   📅 【所有市场时间表】(当前: 04:06:44 UTC)
[2026-05-31 12:06:52.206]      🔴 已开始 04:00:00 - 04:05:00 UTC | btc-updown-5m-1780200000 | 开始已过 405s | 已结束
[2026-05-31 12:06:52.206]      🔴 已开始 04:05:00 - 04:10:00 UTC | btc-updown-5m-1780200300 | 开始已过 105s | 195s后结束
[2026-05-31 12:06:52.206]      ✅ 可交易 🧾已下单 04:10:00 - 04:15:00 UTC | btc-updown-5m-1780200600 | 开始195s后 | 495s后结束
[2026-05-31 12:06:52.206]      ✅ 可交易 04:15:00 - 04:20:00 UTC | btc-updown-5m-1780200900 | 开始495s后 | 795s后结束
[2026-05-31 12:06:52.206]      🔜 太远 04:20:00 - 04:25:00 UTC | btc-updown-5m-1780201200 | 开始795s后 | 1095s后结束
[2026-05-31 12:06:52.206]   🎯 目标事件: btc-updown-5m-1780200600 | 状态=NO挂单中 | 距开始=195s | 距结束=495s
[2026-05-31 12:06:52.206]   ⏱  距离开始=195.2s | 状态=down_resting | 动作次数=3
[2026-05-31 12:06:52.206]   循环检查: ⏭️ 跳过 | 价格=- | 数量=- | 原因: action_count=3 >= max=3
[2026-05-31 12:06:52.207] 
[2026-05-31 12:06:52.207]   ✅ 【已下单】btc-updown-5m-1780200600
[2026-05-31 12:06:52.207]      📗 YES: 订单ID=0xfe09b05763543b5af127f9c4cd25549eae1058335723293e247186c2a65a492a | 成交价=$0.4800
[2026-05-31 12:06:52.207]      📙 NO: 订单ID=0x748c9fcdb33a25a0e0f634fee613027866104c025ba9189df5838f0d772d8537 | 成交价=$0.4000
[2026-05-31 12:06:52.207]      📍 当前状态: down_resting | 动作次数: 3
[2026-05-31 12:06:52.207]   📊 套利边缘: net=-0.4000 | 充足=True | edge=-0.4000 >= min=-0.5000; YES@0.480 cost=0.4800 + NO@0.400 cost=0.4000
[2026-05-31 12:06:52.207] 
[2026-05-31 12:06:52.207]   💤 等待 60s 后进行下次轮询...
[2026-05-31 12:07:52.211] 
[2026-05-31 12:07:52.213] ━━━━━━━━━━━━━━━━━━━━━━━━━━━━━━━━━━━━━━━━━━━━━━━━━━━━━━━━━━━━
[2026-05-31 12:07:52.213]   【 PreOpen 轮次 #5 】 2026-05-31 04:07:52 UTC
[2026-05-31 12:07:58.019] 
[2026-05-31 12:07:58.019]   🔍 【市场发现】共找到 5 个市场
[2026-05-31 12:07:58.020]      ├─ ❌ 过滤 [已开始] btc-updown-5m-1780200000 | 开始于 04:00:00 UTC | tts=-472s
[2026-05-31 12:07:58.020]      ├─ ❌ 过滤 [已开始] btc-updown-5m-1780200300 | 开始于 04:05:00 UTC | tts=-172s
[2026-05-31 12:07:58.020]      └─ ✅ 可交易 btc-updown-5m-1780200900 | 开始 04:15:00 UTC | 结束 04:20:00 UTC | tts=428s
[2026-05-31 12:07:58.020]      ├─ ❌ 过滤 [太远] btc-updown-5m-1780201200 | 开始于 04:20:00 UTC | tts=728s > 600s
[2026-05-31 12:07:58.020] 
[2026-05-31 12:07:58.021]   📊 【汇总】发现 5 个 | 可交易 0 个
[2026-05-31 12:07:58.021]      ├─ 已下单事件排除: 1
[2026-05-31 12:07:58.021]      └─ 时间窗口外: 3
[2026-05-31 12:07:58.021] 
[2026-05-31 12:07:58.021]   📅 【所有市场时间表】(当前: 04:07:52 UTC)
[2026-05-31 12:07:58.021]      🔴 已开始 04:00:00 - 04:05:00 UTC | btc-updown-5m-1780200000 | 开始已过 472s | 已结束
[2026-05-31 12:07:58.021]      🔴 已开始 04:05:00 - 04:10:00 UTC | btc-updown-5m-1780200300 | 开始已过 172s | 128s后结束
[2026-05-31 12:07:58.021]      ✅ 可交易 🧾已下单 04:10:00 - 04:15:00 UTC | btc-updown-5m-1780200600 | 开始128s后 | 428s后结束
[2026-05-31 12:07:58.022]      ✅ 可交易 04:15:00 - 04:20:00 UTC | btc-updown-5m-1780200900 | 开始428s后 | 728s后结束
[2026-05-31 12:07:58.022]      🔜 太远 04:20:00 - 04:25:00 UTC | btc-updown-5m-1780201200 | 开始728s后 | 1028s后结束
[2026-05-31 12:07:58.022]   🎯 目标事件: btc-updown-5m-1780200600 | 状态=NO挂单中 | 距开始=128s | 距结束=428s
[2026-05-31 12:07:58.022]   ⏱  距离开始=127.8s | 状态=down_resting | 动作次数=3
[2026-05-31 12:07:58.022]   循环检查: ⏭️ 跳过 | 价格=- | 数量=- | 原因: action_count=3 >= max=3
[2026-05-31 12:07:58.022] 
[2026-05-31 12:07:58.022]   ✅ 【已下单】btc-updown-5m-1780200600
[2026-05-31 12:07:58.022]      📗 YES: 订单ID=0xfe09b05763543b5af127f9c4cd25549eae1058335723293e247186c2a65a492a | 成交价=$0.4800
[2026-05-31 12:07:58.022]      📙 NO: 订单ID=0x748c9fcdb33a25a0e0f634fee613027866104c025ba9189df5838f0d772d8537 | 成交价=$0.4000
[2026-05-31 12:07:58.022]      📍 当前状态: down_resting | 动作次数: 3
[2026-05-31 12:07:58.022]   📊 套利边缘: net=-0.4000 | 充足=True | edge=-0.4000 >= min=-0.5000; YES@0.480 cost=0.4800 + NO@0.400 cost=0.4000
[2026-05-31 12:08:16.586] 
[2026-05-31 12:08:16.587]   💤 等待 60s 后进行下次轮询...
[2026-05-31 12:09:16.588] 
[2026-05-31 12:09:16.589] ━━━━━━━━━━━━━━━━━━━━━━━━━━━━━━━━━━━━━━━━━━━━━━━━━━━━━━━━━━━━
[2026-05-31 12:09:16.589]   【 PreOpen 轮次 #6 】 2026-05-31 04:09:16 UTC
[2026-05-31 12:09:22.078] 
[2026-05-31 12:09:22.078]   🔍 【市场发现】共找到 5 个市场
[2026-05-31 12:09:22.079]      ├─ ❌ 过滤 [已开始] btc-updown-5m-1780200000 | 开始于 04:00:00 UTC | tts=-557s
[2026-05-31 12:09:22.079]      ├─ ❌ 过滤 [已开始] btc-updown-5m-1780200300 | 开始于 04:05:00 UTC | tts=-257s
[2026-05-31 12:09:22.079]      └─ ✅ 可交易 btc-updown-5m-1780200900 | 开始 04:15:00 UTC | 结束 04:20:00 UTC | tts=343s
[2026-05-31 12:09:22.079]      ├─ ❌ 过滤 [太远] btc-updown-5m-1780201200 | 开始于 04:20:00 UTC | tts=643s > 600s
[2026-05-31 12:09:22.079] 
[2026-05-31 12:09:22.079]   📊 【汇总】发现 5 个 | 可交易 0 个
[2026-05-31 12:09:22.079]      ├─ 已下单事件排除: 1
[2026-05-31 12:09:22.079]      └─ 时间窗口外: 3
[2026-05-31 12:09:22.079] 
[2026-05-31 12:09:22.079]   📅 【所有市场时间表】(当前: 04:09:16 UTC)
[2026-05-31 12:09:22.079]      🔴 已开始 04:00:00 - 04:05:00 UTC | btc-updown-5m-1780200000 | 开始已过 557s | 已结束
[2026-05-31 12:09:22.080]      🔴 已开始 04:05:00 - 04:10:00 UTC | btc-updown-5m-1780200300 | 开始已过 257s | 43s后结束
[2026-05-31 12:09:22.080]      ✅ 可交易 🧾已下单 04:10:00 - 04:15:00 UTC | btc-updown-5m-1780200600 | 开始43s后 | 343s后结束
[2026-05-31 12:09:22.080]      ✅ 可交易 04:15:00 - 04:20:00 UTC | btc-updown-5m-1780200900 | 开始343s后 | 643s后结束
[2026-05-31 12:09:22.080]      🔜 太远 04:20:00 - 04:25:00 UTC | btc-updown-5m-1780201200 | 开始643s后 | 943s后结束
[2026-05-31 12:09:22.080]   🎯 目标事件: btc-updown-5m-1780200600 | 状态=NO挂单中 | 距开始=43s | 距结束=343s
[2026-05-31 12:09:22.080]   ⏱  距离开始=43.4s | 状态=down_resting | 动作次数=3
[2026-05-31 12:09:22.080]   循环检查: ⏭️ 跳过 | 价格=- | 数量=- | 原因: action_count=3 >= max=3
[2026-05-31 12:09:22.081] 
[2026-05-31 12:09:22.081]   ✅ 【已下单】btc-updown-5m-1780200600
[2026-05-31 12:09:22.081]      📗 YES: 订单ID=0xfe09b05763543b5af127f9c4cd25549eae1058335723293e247186c2a65a492a | 成交价=$0.4800
[2026-05-31 12:09:22.081]      📙 NO: 订单ID=0x748c9fcdb33a25a0e0f634fee613027866104c025ba9189df5838f0d772d8537 | 成交价=$0.4000
[2026-05-31 12:09:22.081]      📍 当前状态: down_resting | 动作次数: 3
[2026-05-31 12:09:22.081]   📊 套利边缘: net=-0.4000 | 充足=True | edge=-0.4000 >= min=-0.5000; YES@0.480 cost=0.4800 + NO@0.400 cost=0.4000
[2026-05-31 12:09:22.081] 
[2026-05-31 12:09:22.081]   💤 等待 60s 后进行下次轮询...
[2026-05-31 12:10:22.089] 
[2026-05-31 12:10:22.095] ━━━━━━━━━━━━━━━━━━━━━━━━━━━━━━━━━━━━━━━━━━━━━━━━━━━━━━━━━━━━
[2026-05-31 12:10:22.095]   【 PreOpen 轮次 #7 】 2026-05-31 04:10:22 UTC
[2026-05-31 12:10:27.343] 
[2026-05-31 12:10:27.343]   🔍 【市场发现】共找到 6 个市场
[2026-05-31 12:10:27.343]      ├─ ❌ 过滤 [已开始] btc-updown-5m-1780200000 | 开始于 04:00:00 UTC | tts=-622s
[2026-05-31 12:10:27.343]      ├─ ❌ 过滤 [已开始] btc-updown-5m-1780200300 | 开始于 04:05:00 UTC | tts=-322s
[2026-05-31 12:10:27.344]      └─ ✅ 可交易 btc-updown-5m-1780200900 | 开始 04:15:00 UTC | 结束 04:20:00 UTC | tts=278s
[2026-05-31 12:10:27.344]      └─ ✅ 可交易 btc-updown-5m-1780201200 | 开始 04:20:00 UTC | 结束 04:25:00 UTC | tts=578s
[2026-05-31 12:10:27.344]      ├─ ❌ 过滤 [太远] btc-updown-5m-1780201500 | 开始于 04:25:00 UTC | tts=878s > 600s
[2026-05-31 12:10:27.344] 
[2026-05-31 12:10:27.344]   📊 【汇总】发现 6 个 | 可交易 1 个
[2026-05-31 12:10:27.344]      ├─ 已下单事件排除: 1
[2026-05-31 12:10:27.344]      └─ 时间窗口外: 3
[2026-05-31 12:10:27.344] 
[2026-05-31 12:10:27.344]   📅 【所有市场时间表】(当前: 04:10:22 UTC)
[2026-05-31 12:10:27.345]      🔴 已开始 04:00:00 - 04:05:00 UTC | btc-updown-5m-1780200000 | 开始已过 622s | 已结束
[2026-05-31 12:10:27.345]      🔴 已开始 04:05:00 - 04:10:00 UTC | btc-updown-5m-1780200300 | 开始已过 322s | 已结束
[2026-05-31 12:10:27.345]      🔴 已开始 🧾已下单 04:10:00 - 04:15:00 UTC | btc-updown-5m-1780200600 | 开始已过 22s | 278s后结束
[2026-05-31 12:10:27.345]      ✅ 可交易 04:15:00 - 04:20:00 UTC | btc-updown-5m-1780200900 | 开始278s后 | 578s后结束
[2026-05-31 12:10:27.345]      ✅ 可交易 04:20:00 - 04:25:00 UTC | btc-updown-5m-1780201200 | 开始578s后 | 878s后结束
[2026-05-31 12:10:27.345]      🔜 太远 04:25:00 - 04:30:00 UTC | btc-updown-5m-1780201500 | 开始878s后 | 1178s后结束
[2026-05-31 12:10:27.346]   ✨ 新发现事件: btc-updown-5m-1780201200 | 状态=已发现 | 距开始=578s | 距结束=878s
[2026-05-31 12:10:27.346]   🎯 目标事件: btc-updown-5m-1780200900 | 状态=已发现 | 距开始=278s | 距结束=578s
[2026-05-31 12:10:27.346]   ⏱  距离开始=277.9s | 状态=discovered | 动作次数=0
[2026-05-31 12:10:27.346]   🔄 事件状态: DISCOVERED → READY | btc-updown-5m-1780200900
[2026-05-31 12:10:29.624] [py_clob_client_v2] request error status=400 url=https://clob.polymarket.com/order body={"error":"not enough balance / allowance: the balance is not enough -\u003e balance: 2837152, sum of matched orders: 2637460, order amount (inc. fees): 2000000"}
[2026-05-31 12:10:29.625]   📗 YES下单: ✅ 已下单 | 价格=$0.5100 | 数量=5.0份 | 订单ID=0x1fe813d0bc4cfc80a39fe0f91c5bbc3e8e17c34ff65ba0efab3da9464410b0db
[2026-05-31 12:10:29.625]   ✅ Bought 5.0 YES shares @ $0.510
[2026-05-31 12:10:36.614]   📙 NO挂单: ❌ 错误 | 价格=$0.4000 | 数量=5.0份 | 原因: direct_clob_failed: PolyApiException[status_code=400, error_message={'error': 'not enough balance / allowance: the balance is not enough -> balance: 2837152, sum of matched orders: 2637460, order amount (inc. fees): 2000000'}]
[2026-05-31 12:10:36.614]   🎯 live 事件进度: 3/200
[2026-05-31 12:10:36.614] 
[2026-05-31 12:10:36.614]   ✅ 【已下单】btc-updown-5m-1780200900
[2026-05-31 12:10:36.614]      📗 YES: 订单ID=0x1fe813d0bc4cfc80a39fe0f91c5bbc3e8e17c34ff65ba0efab3da9464410b0db | 成交价=$0.5100
[2026-05-31 12:10:36.614]      📍 当前状态: yes_placed | 动作次数: 2
[2026-05-31 12:10:58.396] 
[2026-05-31 12:10:58.397]   💤 等待 60s 后进行下次轮询...
[2026-05-31 12:11:58.401] 
[2026-05-31 12:11:58.402] ━━━━━━━━━━━━━━━━━━━━━━━━━━━━━━━━━━━━━━━━━━━━━━━━━━━━━━━━━━━━
[2026-05-31 12:11:58.403]   【 PreOpen 轮次 #8 】 2026-05-31 04:11:58 UTC
[2026-05-31 12:11:58.405]   🗑 Pre-GC removed: btc-updown-5m-1780200600 | reason=stale/untradeable
[2026-05-31 12:12:03.679] 
[2026-05-31 12:12:03.680]   🔍 【市场发现】共找到 6 个市场
[2026-05-31 12:12:03.682]      ├─ ❌ 过滤 [已开始] btc-updown-5m-1780200000 | 开始于 04:00:00 UTC | tts=-718s
[2026-05-31 12:12:03.682]      ├─ ❌ 过滤 [已开始] btc-updown-5m-1780200300 | 开始于 04:05:00 UTC | tts=-418s
[2026-05-31 12:12:03.682]      ├─ ❌ 过滤 [已开始] btc-updown-5m-1780200600 | 开始于 04:10:00 UTC | tts=-118s
[2026-05-31 12:12:03.682]      └─ ✅ 可交易 btc-updown-5m-1780201200 | 开始 04:20:00 UTC | 结束 04:25:00 UTC | tts=482s
[2026-05-31 12:12:03.682]      ├─ ❌ 过滤 [太远] btc-updown-5m-1780201500 | 开始于 04:25:00 UTC | tts=782s > 600s
[2026-05-31 12:12:03.682] 
[2026-05-31 12:12:03.682]   📊 【汇总】发现 6 个 | 可交易 0 个
[2026-05-31 12:12:03.682]      ├─ 已下单事件排除: 1
[2026-05-31 12:12:03.682]      └─ 时间窗口外: 4
[2026-05-31 12:12:03.682] 
[2026-05-31 12:12:03.682]   📅 【所有市场时间表】(当前: 04:11:58 UTC)
[2026-05-31 12:12:03.682]      🔴 已开始 04:00:00 - 04:05:00 UTC | btc-updown-5m-1780200000 | 开始已过 718s | 已结束
[2026-05-31 12:12:03.682]      🔴 已开始 04:05:00 - 04:10:00 UTC | btc-updown-5m-1780200300 | 开始已过 418s | 已结束
[2026-05-31 12:12:03.683]      🔴 已开始 04:10:00 - 04:15:00 UTC | btc-updown-5m-1780200600 | 开始已过 118s | 182s后结束
[2026-05-31 12:12:03.683]      ✅ 可交易 🧾已下单 04:15:00 - 04:20:00 UTC | btc-updown-5m-1780200900 | 开始182s后 | 482s后结束
[2026-05-31 12:12:03.683]      ✅ 可交易 04:20:00 - 04:25:00 UTC | btc-updown-5m-1780201200 | 开始482s后 | 782s后结束
[2026-05-31 12:12:03.683]      🔜 太远 04:25:00 - 04:30:00 UTC | btc-updown-5m-1780201500 | 开始782s后 | 1082s后结束
[2026-05-31 12:12:03.683]   🎯 目标事件: btc-updown-5m-1780200900 | 状态=YES已下单 | 距开始=182s | 距结束=482s
[2026-05-31 12:12:03.683]   ⏱  距离开始=181.6s | 状态=yes_placed | 动作次数=2
[2026-05-31 12:12:04.428]   📙 NO挂单: ✅ 已下单 | 价格=$0.4000 | 数量=5.0份 | 订单ID=0x4e3f1dc9c10df96857138732a07c6097268c0ed00938ee82972474e7422e6517
[2026-05-31 12:12:04.428]   ✅ Bought 5.0 NO shares @ $0.400
[2026-05-31 12:12:11.743]   🎯 live 事件进度: 3/200
[2026-05-31 12:12:11.744] 
[2026-05-31 12:12:11.744]   ✅ 【已下单】btc-updown-5m-1780200900
[2026-05-31 12:12:11.744]      📗 YES: 订单ID=0x1fe813d0bc4cfc80a39fe0f91c5bbc3e8e17c34ff65ba0efab3da9464410b0db | 成交价=$0.5100
[2026-05-31 12:12:11.744]      📙 NO: 订单ID=0x4e3f1dc9c10df96857138732a07c6097268c0ed00938ee82972474e7422e6517 | 成交价=$0.4000
[2026-05-31 12:12:11.744]      📍 当前状态: down_resting | 动作次数: 3
[2026-05-31 12:12:11.744]   📊 套利边缘: net=-0.4000 | 充足=True | edge=-0.4000 >= min=-0.5000; YES@0.510 cost=0.5100 + NO@0.400 cost=0.4000
[2026-05-31 12:12:11.744] 
[2026-05-31 12:12:11.744]   💤 等待 60s 后进行下次轮询...
[2026-05-31 12:13:11.749] 
[2026-05-31 12:13:11.750] ━━━━━━━━━━━━━━━━━━━━━━━━━━━━━━━━━━━━━━━━━━━━━━━━━━━━━━━━━━━━
[2026-05-31 12:13:11.750]   【 PreOpen 轮次 #9 】 2026-05-31 04:13:11 UTC
[2026-05-31 12:13:16.976] 
[2026-05-31 12:13:16.977]   🔍 【市场发现】共找到 6 个市场
[2026-05-31 12:13:16.977]      ├─ ❌ 过滤 [已开始] btc-updown-5m-1780200000 | 开始于 04:00:00 UTC | tts=-792s
[2026-05-31 12:13:16.977]      ├─ ❌ 过滤 [已开始] btc-updown-5m-1780200300 | 开始于 04:05:00 UTC | tts=-492s
[2026-05-31 12:13:16.978]      ├─ ❌ 过滤 [已开始] btc-updown-5m-1780200600 | 开始于 04:10:00 UTC | tts=-192s
[2026-05-31 12:13:16.978]      └─ ✅ 可交易 btc-updown-5m-1780201200 | 开始 04:20:00 UTC | 结束 04:25:00 UTC | tts=408s
[2026-05-31 12:13:16.978]      ├─ ❌ 过滤 [太远] btc-updown-5m-1780201500 | 开始于 04:25:00 UTC | tts=708s > 600s
[2026-05-31 12:13:16.978] 
[2026-05-31 12:13:16.978]   📊 【汇总】发现 6 个 | 可交易 0 个
[2026-05-31 12:13:16.978]      ├─ 已下单事件排除: 1
[2026-05-31 12:13:16.978]      └─ 时间窗口外: 4
[2026-05-31 12:13:16.978] 
[2026-05-31 12:13:16.978]   📅 【所有市场时间表】(当前: 04:13:11 UTC)
[2026-05-31 12:13:16.978]      🔴 已开始 04:00:00 - 04:05:00 UTC | btc-updown-5m-1780200000 | 开始已过 792s | 已结束
[2026-05-31 12:13:16.979]      🔴 已开始 04:05:00 - 04:10:00 UTC | btc-updown-5m-1780200300 | 开始已过 492s | 已结束
[2026-05-31 12:13:16.979]      🔴 已开始 04:10:00 - 04:15:00 UTC | btc-updown-5m-1780200600 | 开始已过 192s | 108s后结束
[2026-05-31 12:13:16.979]      ✅ 可交易 🧾已下单 04:15:00 - 04:20:00 UTC | btc-updown-5m-1780200900 | 开始108s后 | 408s后结束
[2026-05-31 12:13:16.979]      ✅ 可交易 04:20:00 - 04:25:00 UTC | btc-updown-5m-1780201200 | 开始408s后 | 708s后结束
[2026-05-31 12:13:16.979]      🔜 太远 04:25:00 - 04:30:00 UTC | btc-updown-5m-1780201500 | 开始708s后 | 1008s后结束
[2026-05-31 12:13:16.979]   🎯 目标事件: btc-updown-5m-1780200900 | 状态=NO挂单中 | 距开始=108s | 距结束=408s
[2026-05-31 12:13:16.979]   ⏱  距离开始=108.3s | 状态=down_resting | 动作次数=3
[2026-05-31 12:13:16.979]   循环检查: ⏭️ 跳过 | 价格=- | 数量=- | 原因: action_count=3 >= max=3
[2026-05-31 12:13:16.979] 
[2026-05-31 12:13:16.979]   ✅ 【已下单】btc-updown-5m-1780200900
[2026-05-31 12:13:16.979]      📗 YES: 订单ID=0x1fe813d0bc4cfc80a39fe0f91c5bbc3e8e17c34ff65ba0efab3da9464410b0db | 成交价=$0.5100
[2026-05-31 12:13:16.979]      📙 NO: 订单ID=0x4e3f1dc9c10df96857138732a07c6097268c0ed00938ee82972474e7422e6517 | 成交价=$0.4000
[2026-05-31 12:13:16.979]      📍 当前状态: down_resting | 动作次数: 3
[2026-05-31 12:13:16.980]   📊 套利边缘: net=-0.4000 | 充足=True | edge=-0.4000 >= min=-0.5000; YES@0.510 cost=0.5100 + NO@0.400 cost=0.4000
[2026-05-31 12:13:49.672] 
[2026-05-31 12:13:49.673]   💤 等待 60s 后进行下次轮询...
[2026-05-31 12:14:49.676] 
[2026-05-31 12:14:49.678] ━━━━━━━━━━━━━━━━━━━━━━━━━━━━━━━━━━━━━━━━━━━━━━━━━━━━━━━━━━━━
[2026-05-31 12:14:49.678]   【 PreOpen 轮次 #10 】 2026-05-31 04:14:49 UTC
[2026-05-31 12:14:54.131] 
[2026-05-31 12:14:54.131]   🔍 【市场发现】共找到 5 个市场
[2026-05-31 12:14:54.132]      ├─ ❌ 过滤 [已开始] btc-updown-5m-1780200300 | 开始于 04:05:00 UTC | tts=-590s
[2026-05-31 12:14:54.132]      ├─ ❌ 过滤 [已开始] btc-updown-5m-1780200600 | 开始于 04:10:00 UTC | tts=-290s
[2026-05-31 12:14:54.132]      └─ ✅ 可交易 btc-updown-5m-1780201200 | 开始 04:20:00 UTC | 结束 04:25:00 UTC | tts=310s
[2026-05-31 12:14:54.132]      ├─ ❌ 过滤 [太远] btc-updown-5m-1780201500 | 开始于 04:25:00 UTC | tts=610s > 600s
[2026-05-31 12:14:54.132] 
[2026-05-31 12:14:54.133]   📊 【汇总】发现 5 个 | 可交易 0 个
[2026-05-31 12:14:54.133]      ├─ 已下单事件排除: 1
[2026-05-31 12:14:54.133]      └─ 时间窗口外: 3
[2026-05-31 12:14:54.133] 
[2026-05-31 12:14:54.133]   📅 【所有市场时间表】(当前: 04:14:49 UTC)
[2026-05-31 12:14:54.133]      🔴 已开始 04:05:00 - 04:10:00 UTC | btc-updown-5m-1780200300 | 开始已过 590s | 已结束
[2026-05-31 12:14:54.133]      🔴 已开始 04:10:00 - 04:15:00 UTC | btc-updown-5m-1780200600 | 开始已过 290s | 10s后结束
[2026-05-31 12:14:54.133]      ✅ 可交易 🧾已下单 04:15:00 - 04:20:00 UTC | btc-updown-5m-1780200900 | 开始10s后 | 310s后结束
[2026-05-31 12:14:54.133]      ✅ 可交易 04:20:00 - 04:25:00 UTC | btc-updown-5m-1780201200 | 开始310s后 | 610s后结束
[2026-05-31 12:14:54.133]      🔜 太远 04:25:00 - 04:30:00 UTC | btc-updown-5m-1780201500 | 开始610s后 | 910s后结束
[2026-05-31 12:14:54.133]   🎯 目标事件: btc-updown-5m-1780200900 | 状态=NO挂单中 | 距开始=10s | 距结束=310s
[2026-05-31 12:14:54.133]   ⏱  距离开始=10.3s | 状态=down_resting | 动作次数=3
[2026-05-31 12:14:54.133]   循环检查: ⏭️ 跳过 | 价格=- | 数量=- | 原因: action_count=3 >= max=3
[2026-05-31 12:14:54.133] 
[2026-05-31 12:14:54.134]   ✅ 【已下单】btc-updown-5m-1780200900
[2026-05-31 12:14:54.134]      📗 YES: 订单ID=0x1fe813d0bc4cfc80a39fe0f91c5bbc3e8e17c34ff65ba0efab3da9464410b0db | 成交价=$0.5100
[2026-05-31 12:14:54.134]      📙 NO: 订单ID=0x4e3f1dc9c10df96857138732a07c6097268c0ed00938ee82972474e7422e6517 | 成交价=$0.4000
[2026-05-31 12:14:54.134]      📍 当前状态: down_resting | 动作次数: 3
[2026-05-31 12:14:54.134]   📊 套利边缘: net=-0.4000 | 充足=True | edge=-0.4000 >= min=-0.5000; YES@0.510 cost=0.5100 + NO@0.400 cost=0.4000
[2026-05-31 12:14:54.134] 
[2026-05-31 12:14:54.134]   💤 等待 60s 后进行下次轮询...
[2026-05-31 12:15:54.140] 
[2026-05-31 12:15:54.143] ━━━━━━━━━━━━━━━━━━━━━━━━━━━━━━━━━━━━━━━━━━━━━━━━━━━━━━━━━━━━
[2026-05-31 12:15:54.144]   【 PreOpen 轮次 #11 】 2026-05-31 04:15:54 UTC
[2026-05-31 12:15:59.879] 
[2026-05-31 12:15:59.879]   🔍 【市场发现】共找到 6 个市场
[2026-05-31 12:15:59.879]      ├─ ❌ 过滤 [已开始] btc-updown-5m-1780200300 | 开始于 04:05:00 UTC | tts=-654s
[2026-05-31 12:15:59.880]      ├─ ❌ 过滤 [已开始] btc-updown-5m-1780200600 | 开始于 04:10:00 UTC | tts=-354s
[2026-05-31 12:15:59.880]      └─ ✅ 可交易 btc-updown-5m-1780201200 | 开始 04:20:00 UTC | 结束 04:25:00 UTC | tts=246s
[2026-05-31 12:15:59.880]      └─ ✅ 可交易 btc-updown-5m-1780201500 | 开始 04:25:00 UTC | 结束 04:30:00 UTC | tts=546s
[2026-05-31 12:15:59.880]      ├─ ❌ 过滤 [太远] btc-updown-5m-1780201800 | 开始于 04:30:00 UTC | tts=846s > 600s
[2026-05-31 12:15:59.880] 
[2026-05-31 12:15:59.880]   📊 【汇总】发现 6 个 | 可交易 1 个
[2026-05-31 12:15:59.880]      ├─ 已下单事件排除: 1
[2026-05-31 12:15:59.881]      └─ 时间窗口外: 3
[2026-05-31 12:15:59.881] 
[2026-05-31 12:15:59.881]   📅 【所有市场时间表】(当前: 04:15:54 UTC)
[2026-05-31 12:15:59.881]      🔴 已开始 04:05:00 - 04:10:00 UTC | btc-updown-5m-1780200300 | 开始已过 654s | 已结束
[2026-05-31 12:15:59.881]      🔴 已开始 04:10:00 - 04:15:00 UTC | btc-updown-5m-1780200600 | 开始已过 354s | 已结束
[2026-05-31 12:15:59.881]      🔴 已开始 🧾已下单 04:15:00 - 04:20:00 UTC | btc-updown-5m-1780200900 | 开始已过 54s | 246s后结束
[2026-05-31 12:15:59.881]      ✅ 可交易 04:20:00 - 04:25:00 UTC | btc-updown-5m-1780201200 | 开始246s后 | 546s后结束
[2026-05-31 12:15:59.881]      ✅ 可交易 04:25:00 - 04:30:00 UTC | btc-updown-5m-1780201500 | 开始546s后 | 846s后结束
[2026-05-31 12:15:59.881]      🔜 太远 04:30:00 - 04:35:00 UTC | btc-updown-5m-1780201800 | 开始846s后 | 1146s后结束
[2026-05-31 12:15:59.881]   ✨ 新发现事件: btc-updown-5m-1780201500 | 状态=已发现 | 距开始=546s | 距结束=846s
[2026-05-31 12:15:59.882]   🎯 目标事件: btc-updown-5m-1780201200 | 状态=已发现 | 距开始=246s | 距结束=546s
[2026-05-31 12:15:59.882]   ⏱  距离开始=245.9s | 状态=discovered | 动作次数=0
[2026-05-31 12:15:59.882]   🔄 事件状态: DISCOVERED → READY | btc-updown-5m-1780201200
[2026-05-31 12:16:02.754]   📗 YES下单: ✅ 已下单 | 价格=$0.5100 | 数量=5.0份 | 订单ID=0xd6f9945a41fb00f49d44754764968cdffbb7b6ba29b0d5300cdb05dc82d18155
[2026-05-31 12:16:02.755]   ✅ Bought 5.0 YES shares @ $0.510
[2026-05-31 12:16:09.566]   📙 NO挂单: ✅ 已下单 | 价格=$0.4000 | 数量=5.0份 | 订单ID=0x2bb3f14303dedefd48dfe6c00b217a190fbc94cd6e61ca3587aa278e754d846a
[2026-05-31 12:16:09.567]   ✅ Bought 5.0 NO shares @ $0.400
[2026-05-31 12:16:15.916]   🎯 live 事件进度: 4/200
[2026-05-31 12:16:15.916] 
[2026-05-31 12:16:15.916]   ✅ 【已下单】btc-updown-5m-1780201200
[2026-05-31 12:16:15.916]      📗 YES: 订单ID=0xd6f9945a41fb00f49d44754764968cdffbb7b6ba29b0d5300cdb05dc82d18155 | 成交价=$0.5100
[2026-05-31 12:16:15.916]      📙 NO: 订单ID=0x2bb3f14303dedefd48dfe6c00b217a190fbc94cd6e61ca3587aa278e754d846a | 成交价=$0.4000
[2026-05-31 12:16:15.916]      📍 当前状态: down_resting | 动作次数: 3
[2026-05-31 12:16:15.916]   📊 套利边缘: net=-0.4000 | 充足=True | edge=-0.4000 >= min=-0.5000; YES@0.510 cost=0.5100 + NO@0.400 cost=0.4000
[2026-05-31 12:16:44.873]   🧾 结算回填: 已追加 2 条 settled 记录到 trades.csv
[2026-05-31 12:16:44.876] 
[2026-05-31 12:16:44.876]   💤 等待 60s 后进行下次轮询...
[2026-05-31 12:17:44.880] 
[2026-05-31 12:17:44.884] ━━━━━━━━━━━━━━━━━━━━━━━━━━━━━━━━━━━━━━━━━━━━━━━━━━━━━━━━━━━━
[2026-05-31 12:17:44.884]   【 PreOpen 轮次 #12 】 2026-05-31 04:17:44 UTC
[2026-05-31 12:17:44.885]   🗑 Pre-GC removed: btc-updown-5m-1780200900 | reason=stale/untradeable
[2026-05-31 12:17:49.990] 
[2026-05-31 12:17:49.990]   🔍 【市场发现】共找到 6 个市场
[2026-05-31 12:17:49.991]      ├─ ❌ 过滤 [已开始] btc-updown-5m-1780200300 | 开始于 04:05:00 UTC | tts=-765s
[2026-05-31 12:17:49.991]      ├─ ❌ 过滤 [已开始] btc-updown-5m-1780200600 | 开始于 04:10:00 UTC | tts=-465s
[2026-05-31 12:17:49.991]      ├─ ❌ 过滤 [已开始] btc-updown-5m-1780200900 | 开始于 04:15:00 UTC | tts=-165s
[2026-05-31 12:17:49.991]      └─ ✅ 可交易 btc-updown-5m-1780201500 | 开始 04:25:00 UTC | 结束 04:30:00 UTC | tts=435s
[2026-05-31 12:17:49.992]      ├─ ❌ 过滤 [太远] btc-updown-5m-1780201800 | 开始于 04:30:00 UTC | tts=735s > 600s
[2026-05-31 12:17:49.992] 
[2026-05-31 12:17:49.992]   📊 【汇总】发现 6 个 | 可交易 0 个
[2026-05-31 12:17:49.992]      ├─ 已下单事件排除: 1
[2026-05-31 12:17:49.992]      └─ 时间窗口外: 4
[2026-05-31 12:17:49.992] 
[2026-05-31 12:17:49.992]   📅 【所有市场时间表】(当前: 04:17:44 UTC)
[2026-05-31 12:17:49.992]      🔴 已开始 04:05:00 - 04:10:00 UTC | btc-updown-5m-1780200300 | 开始已过 765s | 已结束
[2026-05-31 12:17:49.992]      🔴 已开始 04:10:00 - 04:15:00 UTC | btc-updown-5m-1780200600 | 开始已过 465s | 已结束
[2026-05-31 12:17:49.992]      🔴 已开始 04:15:00 - 04:20:00 UTC | btc-updown-5m-1780200900 | 开始已过 165s | 135s后结束
[2026-05-31 12:17:49.992]      ✅ 可交易 🧾已下单 04:20:00 - 04:25:00 UTC | btc-updown-5m-1780201200 | 开始135s后 | 435s后结束
[2026-05-31 12:17:49.993]      ✅ 可交易 04:25:00 - 04:30:00 UTC | btc-updown-5m-1780201500 | 开始435s后 | 735s后结束
[2026-05-31 12:17:49.993]      🔜 太远 04:30:00 - 04:35:00 UTC | btc-updown-5m-1780201800 | 开始735s后 | 1035s后结束
[2026-05-31 12:17:49.993]   🎯 目标事件: btc-updown-5m-1780201200 | 状态=NO挂单中 | 距开始=135s | 距结束=435s
[2026-05-31 12:17:49.993]   ⏱  距离开始=135.1s | 状态=down_resting | 动作次数=3
[2026-05-31 12:17:49.994]   循环检查: ⏭️ 跳过 | 价格=- | 数量=- | 原因: action_count=3 >= max=3
[2026-05-31 12:17:49.994] 
[2026-05-31 12:17:49.994]   ✅ 【已下单】btc-updown-5m-1780201200
[2026-05-31 12:17:49.994]      📗 YES: 订单ID=0xd6f9945a41fb00f49d44754764968cdffbb7b6ba29b0d5300cdb05dc82d18155 | 成交价=$0.5100
[2026-05-31 12:17:49.994]      📙 NO: 订单ID=0x2bb3f14303dedefd48dfe6c00b217a190fbc94cd6e61ca3587aa278e754d846a | 成交价=$0.4000
[2026-05-31 12:17:49.994]      📍 当前状态: down_resting | 动作次数: 3
[2026-05-31 12:17:49.994]   📊 套利边缘: net=-0.4000 | 充足=True | edge=-0.4000 >= min=-0.5000; YES@0.510 cost=0.5100 + NO@0.400 cost=0.4000
[2026-05-31 12:17:49.994] 
[2026-05-31 12:17:49.994]   💤 等待 60s 后进行下次轮询...
[2026-05-31 12:18:49.999] 
[2026-05-31 12:18:50.001] ━━━━━━━━━━━━━━━━━━━━━━━━━━━━━━━━━━━━━━━━━━━━━━━━━━━━━━━━━━━━
[2026-05-31 12:18:50.002]   【 PreOpen 轮次 #13 】 2026-05-31 04:18:49 UTC
[2026-05-31 12:18:55.014] 
[2026-05-31 12:18:55.015]   🔍 【市场发现】共找到 4 个市场
[2026-05-31 12:18:55.015]      ├─ ❌ 过滤 [已开始] btc-updown-5m-1780200900 | 开始于 04:15:00 UTC | tts=-230s
[2026-05-31 12:18:55.015]      └─ ✅ 可交易 btc-updown-5m-1780201500 | 开始 04:25:00 UTC | 结束 04:30:00 UTC | tts=370s
[2026-05-31 12:18:55.015]      ├─ ❌ 过滤 [太远] btc-updown-5m-1780201800 | 开始于 04:30:00 UTC | tts=670s > 600s
[2026-05-31 12:18:55.015] 
[2026-05-31 12:18:55.015]   📊 【汇总】发现 4 个 | 可交易 0 个
[2026-05-31 12:18:55.016]      ├─ 已下单事件排除: 1
[2026-05-31 12:18:55.016]      └─ 时间窗口外: 2
[2026-05-31 12:18:55.016] 
[2026-05-31 12:18:55.016]   📅 【所有市场时间表】(当前: 04:18:49 UTC)
[2026-05-31 12:18:55.016]      🔴 已开始 04:15:00 - 04:20:00 UTC | btc-updown-5m-1780200900 | 开始已过 230s | 70s后结束
[2026-05-31 12:18:55.016]      ✅ 可交易 🧾已下单 04:20:00 - 04:25:00 UTC | btc-updown-5m-1780201200 | 开始70s后 | 370s后结束
[2026-05-31 12:18:55.017]      ✅ 可交易 04:25:00 - 04:30:00 UTC | btc-updown-5m-1780201500 | 开始370s后 | 670s后结束
[2026-05-31 12:18:55.017]      🔜 太远 04:30:00 - 04:35:00 UTC | btc-updown-5m-1780201800 | 开始670s后 | 970s后结束
[2026-05-31 12:18:55.017]   🎯 目标事件: btc-updown-5m-1780201200 | 状态=NO挂单中 | 距开始=70s | 距结束=370s
[2026-05-31 12:18:55.017]   ⏱  距离开始=70.0s | 状态=down_resting | 动作次数=3
[2026-05-31 12:18:55.017]   循环检查: ⏭️ 跳过 | 价格=- | 数量=- | 原因: action_count=3 >= max=3
[2026-05-31 12:18:55.017] 
[2026-05-31 12:18:55.017]   ✅ 【已下单】btc-updown-5m-1780201200
[2026-05-31 12:18:55.017]      📗 YES: 订单ID=0xd6f9945a41fb00f49d44754764968cdffbb7b6ba29b0d5300cdb05dc82d18155 | 成交价=$0.5100
[2026-05-31 12:18:55.017]      📙 NO: 订单ID=0x2bb3f14303dedefd48dfe6c00b217a190fbc94cd6e61ca3587aa278e754d846a | 成交价=$0.4000
[2026-05-31 12:18:55.017]      📍 当前状态: down_resting | 动作次数: 3
[2026-05-31 12:18:55.018]   📊 套利边缘: net=-0.4000 | 充足=True | edge=-0.4000 >= min=-0.5000; YES@0.510 cost=0.5100 + NO@0.400 cost=0.4000
[2026-05-31 12:19:24.615]   🧾 结算回填: 已追加 2 条 settled 记录到 trades.csv
[2026-05-31 12:19:24.615] 
[2026-05-31 12:19:24.615]   💤 等待 60s 后进行下次轮询...
[2026-05-31 12:20:24.621] 
[2026-05-31 12:20:24.622] ━━━━━━━━━━━━━━━━━━━━━━━━━━━━━━━━━━━━━━━━━━━━━━━━━━━━━━━━━━━━
[2026-05-31 12:20:24.623]   【 PreOpen 轮次 #14 】 2026-05-31 04:20:24 UTC
[2026-05-31 12:20:29.049] 
[2026-05-31 12:20:29.050]   🔍 【市场发现】共找到 5 个市场
[2026-05-31 12:20:29.050]      ├─ ❌ 过滤 [已开始] btc-updown-5m-1780200900 | 开始于 04:15:00 UTC | tts=-325s
[2026-05-31 12:20:29.050]      └─ ✅ 可交易 btc-updown-5m-1780201500 | 开始 04:25:00 UTC | 结束 04:30:00 UTC | tts=275s
[2026-05-31 12:20:29.050]      └─ ✅ 可交易 btc-updown-5m-1780201800 | 开始 04:30:00 UTC | 结束 04:35:00 UTC | tts=575s
[2026-05-31 12:20:29.050]      ├─ ❌ 过滤 [太远] btc-updown-5m-1780202100 | 开始于 04:35:00 UTC | tts=875s > 600s
[2026-05-31 12:20:29.050] 
[2026-05-31 12:20:29.050]   📊 【汇总】发现 5 个 | 可交易 1 个
[2026-05-31 12:20:29.050]      ├─ 已下单事件排除: 1
[2026-05-31 12:20:29.050]      └─ 时间窗口外: 2
[2026-05-31 12:20:29.050] 
[2026-05-31 12:20:29.050]   📅 【所有市场时间表】(当前: 04:20:24 UTC)
[2026-05-31 12:20:29.050]      🔴 已开始 04:15:00 - 04:20:00 UTC | btc-updown-5m-1780200900 | 开始已过 325s | 已结束
[2026-05-31 12:20:29.050]      🔴 已开始 🧾已下单 04:20:00 - 04:25:00 UTC | btc-updown-5m-1780201200 | 开始已过 25s | 275s后结束
[2026-05-31 12:20:29.050]      ✅ 可交易 04:25:00 - 04:30:00 UTC | btc-updown-5m-1780201500 | 开始275s后 | 575s后结束
[2026-05-31 12:20:29.050]      ✅ 可交易 04:30:00 - 04:35:00 UTC | btc-updown-5m-1780201800 | 开始575s后 | 875s后结束
[2026-05-31 12:20:29.051]      🔜 太远 04:35:00 - 04:40:00 UTC | btc-updown-5m-1780202100 | 开始875s后 | 1175s后结束
[2026-05-31 12:20:29.051]   ✨ 新发现事件: btc-updown-5m-1780201800 | 状态=已发现 | 距开始=575s | 距结束=875s
[2026-05-31 12:20:29.051]   🎯 目标事件: btc-updown-5m-1780201500 | 状态=已发现 | 距开始=275s | 距结束=575s
[2026-05-31 12:20:29.051]   ⏱  距离开始=275.4s | 状态=discovered | 动作次数=0
[2026-05-31 12:20:29.051]   🔄 事件状态: DISCOVERED → READY | btc-updown-5m-1780201500
[2026-05-31 12:20:31.399]   📗 YES下单: ✅ 已下单 | 价格=$0.5100 | 数量=5.0份 | 订单ID=0xf6595b5cc3e6d6c38dec385f111b4438839ad5bb51235b8bcccf2cc40f1d94a6
[2026-05-31 12:20:31.399]   ✅ Bought 5.0 YES shares @ $0.510
[2026-05-31 12:20:38.777]   📙 NO挂单: ✅ 已下单 | 价格=$0.4000 | 数量=5.0份 | 订单ID=0x2060f72a1eed20ee2e1e4c2f401c84e25273def8f7527d946d7793d938984033
[2026-05-31 12:20:38.777]   ✅ Bought 5.0 NO shares @ $0.400
[2026-05-31 12:20:44.950]   🎯 live 事件进度: 5/200
[2026-05-31 12:20:44.951] 
[2026-05-31 12:20:44.951]   ✅ 【已下单】btc-updown-5m-1780201500
[2026-05-31 12:20:44.951]      📗 YES: 订单ID=0xf6595b5cc3e6d6c38dec385f111b4438839ad5bb51235b8bcccf2cc40f1d94a6 | 成交价=$0.5100
[2026-05-31 12:20:44.951]      📙 NO: 订单ID=0x2060f72a1eed20ee2e1e4c2f401c84e25273def8f7527d946d7793d938984033 | 成交价=$0.4000
[2026-05-31 12:20:44.951]      📍 当前状态: down_resting | 动作次数: 3
[2026-05-31 12:20:44.951]   📊 套利边缘: net=-0.4000 | 充足=True | edge=-0.4000 >= min=-0.5000; YES@0.510 cost=0.5100 + NO@0.400 cost=0.4000
[2026-05-31 12:20:44.951] 
[2026-05-31 12:20:44.951]   💤 等待 60s 后进行下次轮询...
[2026-05-31 12:21:44.957] 
[2026-05-31 12:21:44.959] ━━━━━━━━━━━━━━━━━━━━━━━━━━━━━━━━━━━━━━━━━━━━━━━━━━━━━━━━━━━━
[2026-05-31 12:21:44.959]   【 PreOpen 轮次 #15 】 2026-05-31 04:21:44 UTC
[2026-05-31 12:21:44.960]   🗑 Pre-GC removed: btc-updown-5m-1780201200 | reason=stale/untradeable
[2026-05-31 12:21:49.940] 
[2026-05-31 12:21:49.940]   🔍 【市场发现】共找到 5 个市场
[2026-05-31 12:21:49.940]      ├─ ❌ 过滤 [已开始] btc-updown-5m-1780200900 | 开始于 04:15:00 UTC | tts=-405s
[2026-05-31 12:21:49.940]      ├─ ❌ 过滤 [已开始] btc-updown-5m-1780201200 | 开始于 04:20:00 UTC | tts=-105s
[2026-05-31 12:21:49.940]      └─ ✅ 可交易 btc-updown-5m-1780201800 | 开始 04:30:00 UTC | 结束 04:35:00 UTC | tts=495s
[2026-05-31 12:21:49.940]      ├─ ❌ 过滤 [太远] btc-updown-5m-1780202100 | 开始于 04:35:00 UTC | tts=795s > 600s
[2026-05-31 12:21:49.940] 
[2026-05-31 12:21:49.941]   📊 【汇总】发现 5 个 | 可交易 0 个
[2026-05-31 12:21:49.941]      ├─ 已下单事件排除: 1
[2026-05-31 12:21:49.941]      └─ 时间窗口外: 3
[2026-05-31 12:21:49.941] 
[2026-05-31 12:21:49.941]   📅 【所有市场时间表】(当前: 04:21:44 UTC)
[2026-05-31 12:21:49.941]      🔴 已开始 04:15:00 - 04:20:00 UTC | btc-updown-5m-1780200900 | 开始已过 405s | 已结束
[2026-05-31 12:21:49.941]      🔴 已开始 04:20:00 - 04:25:00 UTC | btc-updown-5m-1780201200 | 开始已过 105s | 195s后结束
[2026-05-31 12:21:49.941]      ✅ 可交易 🧾已下单 04:25:00 - 04:30:00 UTC | btc-updown-5m-1780201500 | 开始195s后 | 495s后结束
[2026-05-31 12:21:49.941]      ✅ 可交易 04:30:00 - 04:35:00 UTC | btc-updown-5m-1780201800 | 开始495s后 | 795s后结束
[2026-05-31 12:21:49.941]      🔜 太远 04:35:00 - 04:40:00 UTC | btc-updown-5m-1780202100 | 开始795s后 | 1095s后结束
[2026-05-31 12:21:49.942]   🎯 目标事件: btc-updown-5m-1780201500 | 状态=NO挂单中 | 距开始=195s | 距结束=495s
[2026-05-31 12:21:49.942]   ⏱  距离开始=195.0s | 状态=down_resting | 动作次数=3
[2026-05-31 12:21:49.942]   循环检查: ⏭️ 跳过 | 价格=- | 数量=- | 原因: action_count=3 >= max=3
[2026-05-31 12:21:49.942] 
[2026-05-31 12:21:49.942]   ✅ 【已下单】btc-updown-5m-1780201500
[2026-05-31 12:21:49.942]      📗 YES: 订单ID=0xf6595b5cc3e6d6c38dec385f111b4438839ad5bb51235b8bcccf2cc40f1d94a6 | 成交价=$0.5100
[2026-05-31 12:21:49.942]      📙 NO: 订单ID=0x2060f72a1eed20ee2e1e4c2f401c84e25273def8f7527d946d7793d938984033 | 成交价=$0.4000
[2026-05-31 12:21:49.942]      📍 当前状态: down_resting | 动作次数: 3
[2026-05-31 12:21:49.942]   📊 套利边缘: net=-0.4000 | 充足=True | edge=-0.4000 >= min=-0.5000; YES@0.510 cost=0.5100 + NO@0.400 cost=0.4000
[2026-05-31 12:22:17.461] 
[2026-05-31 12:22:17.462]   💤 等待 60s 后进行下次轮询...
[2026-05-31 12:23:17.467] 
[2026-05-31 12:23:17.469] ━━━━━━━━━━━━━━━━━━━━━━━━━━━━━━━━━━━━━━━━━━━━━━━━━━━━━━━━━━━━
[2026-05-31 12:23:17.470]   【 PreOpen 轮次 #16 】 2026-05-31 04:23:17 UTC
[2026-05-31 12:23:21.870] 
[2026-05-31 12:23:21.871]   🔍 【市场发现】共找到 5 个市场
[2026-05-31 12:23:21.871]      ├─ ❌ 过滤 [已开始] btc-updown-5m-1780200900 | 开始于 04:15:00 UTC | tts=-497s
[2026-05-31 12:23:21.871]      ├─ ❌ 过滤 [已开始] btc-updown-5m-1780201200 | 开始于 04:20:00 UTC | tts=-197s
[2026-05-31 12:23:21.871]      └─ ✅ 可交易 btc-updown-5m-1780201800 | 开始 04:30:00 UTC | 结束 04:35:00 UTC | tts=403s
[2026-05-31 12:23:21.871]      ├─ ❌ 过滤 [太远] btc-updown-5m-1780202100 | 开始于 04:35:00 UTC | tts=703s > 600s
[2026-05-31 12:23:21.871] 
[2026-05-31 12:23:21.871]   📊 【汇总】发现 5 个 | 可交易 0 个
[2026-05-31 12:23:21.871]      ├─ 已下单事件排除: 1
[2026-05-31 12:23:21.871]      └─ 时间窗口外: 3
[2026-05-31 12:23:21.871] 
[2026-05-31 12:23:21.871]   📅 【所有市场时间表】(当前: 04:23:17 UTC)
[2026-05-31 12:23:21.872]      🔴 已开始 04:15:00 - 04:20:00 UTC | btc-updown-5m-1780200900 | 开始已过 497s | 已结束
[2026-05-31 12:23:21.872]      🔴 已开始 04:20:00 - 04:25:00 UTC | btc-updown-5m-1780201200 | 开始已过 197s | 103s后结束
[2026-05-31 12:23:21.872]      ✅ 可交易 🧾已下单 04:25:00 - 04:30:00 UTC | btc-updown-5m-1780201500 | 开始103s后 | 403s后结束
[2026-05-31 12:23:21.872]      ✅ 可交易 04:30:00 - 04:35:00 UTC | btc-updown-5m-1780201800 | 开始403s后 | 703s后结束
[2026-05-31 12:23:21.872]      🔜 太远 04:35:00 - 04:40:00 UTC | btc-updown-5m-1780202100 | 开始703s后 | 1003s后结束
[2026-05-31 12:23:21.872]   🎯 目标事件: btc-updown-5m-1780201500 | 状态=NO挂单中 | 距开始=103s | 距结束=403s
[2026-05-31 12:23:21.872]   ⏱  距离开始=102.5s | 状态=down_resting | 动作次数=3
[2026-05-31 12:23:21.872]   循环检查: ⏭️ 跳过 | 价格=- | 数量=- | 原因: action_count=3 >= max=3
[2026-05-31 12:23:21.872] 
[2026-05-31 12:23:21.872]   ✅ 【已下单】btc-updown-5m-1780201500
[2026-05-31 12:23:21.872]      📗 YES: 订单ID=0xf6595b5cc3e6d6c38dec385f111b4438839ad5bb51235b8bcccf2cc40f1d94a6 | 成交价=$0.5100
[2026-05-31 12:23:21.872]      📙 NO: 订单ID=0x2060f72a1eed20ee2e1e4c2f401c84e25273def8f7527d946d7793d938984033 | 成交价=$0.4000
[2026-05-31 12:23:21.872]      📍 当前状态: down_resting | 动作次数: 3
[2026-05-31 12:23:21.873]   📊 套利边缘: net=-0.4000 | 充足=True | edge=-0.4000 >= min=-0.5000; YES@0.510 cost=0.5100 + NO@0.400 cost=0.4000
[2026-05-31 12:23:21.873] 
[2026-05-31 12:23:21.873]   💤 等待 60s 后进行下次轮询...
[2026-05-31 12:24:21.878] 
[2026-05-31 12:24:21.880] ━━━━━━━━━━━━━━━━━━━━━━━━━━━━━━━━━━━━━━━━━━━━━━━━━━━━━━━━━━━━
[2026-05-31 12:24:21.881]   【 PreOpen 轮次 #17 】 2026-05-31 04:24:21 UTC
[2026-05-31 12:24:28.736] 
[2026-05-31 12:24:28.736]   🔍 【市场发现】共找到 5 个市场
[2026-05-31 12:24:28.737]      ├─ ❌ 过滤 [已开始] btc-updown-5m-1780200900 | 开始于 04:15:00 UTC | tts=-562s
[2026-05-31 12:24:28.737]      ├─ ❌ 过滤 [已开始] btc-updown-5m-1780201200 | 开始于 04:20:00 UTC | tts=-262s
[2026-05-31 12:24:28.737]      └─ ✅ 可交易 btc-updown-5m-1780201800 | 开始 04:30:00 UTC | 结束 04:35:00 UTC | tts=338s
[2026-05-31 12:24:28.737]      ├─ ❌ 过滤 [太远] btc-updown-5m-1780202100 | 开始于 04:35:00 UTC | tts=638s > 600s
[2026-05-31 12:24:28.737] 
[2026-05-31 12:24:28.737]   📊 【汇总】发现 5 个 | 可交易 0 个
[2026-05-31 12:24:28.737]      ├─ 已下单事件排除: 1
[2026-05-31 12:24:28.737]      └─ 时间窗口外: 3
[2026-05-31 12:24:28.738] 
[2026-05-31 12:24:28.738]   📅 【所有市场时间表】(当前: 04:24:21 UTC)
[2026-05-31 12:24:28.738]      🔴 已开始 04:15:00 - 04:20:00 UTC | btc-updown-5m-1780200900 | 开始已过 562s | 已结束
[2026-05-31 12:24:28.738]      🔴 已开始 04:20:00 - 04:25:00 UTC | btc-updown-5m-1780201200 | 开始已过 262s | 38s后结束
[2026-05-31 12:24:28.738]      ✅ 可交易 🧾已下单 04:25:00 - 04:30:00 UTC | btc-updown-5m-1780201500 | 开始38s后 | 338s后结束
[2026-05-31 12:24:28.738]      ✅ 可交易 04:30:00 - 04:35:00 UTC | btc-updown-5m-1780201800 | 开始338s后 | 638s后结束
[2026-05-31 12:24:28.738]      🔜 太远 04:35:00 - 04:40:00 UTC | btc-updown-5m-1780202100 | 开始638s后 | 938s后结束
[2026-05-31 12:24:28.738]   🎯 目标事件: btc-updown-5m-1780201500 | 状态=NO挂单中 | 距开始=38s | 距结束=338s
[2026-05-31 12:24:28.738]   ⏱  距离开始=38.1s | 状态=down_resting | 动作次数=3
[2026-05-31 12:24:28.738]   循环检查: ⏭️ 跳过 | 价格=- | 数量=- | 原因: action_count=3 >= max=3
[2026-05-31 12:24:28.738] 
[2026-05-31 12:24:28.738]   ✅ 【已下单】btc-updown-5m-1780201500
[2026-05-31 12:24:28.738]      📗 YES: 订单ID=0xf6595b5cc3e6d6c38dec385f111b4438839ad5bb51235b8bcccf2cc40f1d94a6 | 成交价=$0.5100
[2026-05-31 12:24:28.738]      📙 NO: 订单ID=0x2060f72a1eed20ee2e1e4c2f401c84e25273def8f7527d946d7793d938984033 | 成交价=$0.4000
[2026-05-31 12:24:28.739]      📍 当前状态: down_resting | 动作次数: 3
[2026-05-31 12:24:28.739]   📊 套利边缘: net=-0.4000 | 充足=True | edge=-0.4000 >= min=-0.5000; YES@0.510 cost=0.5100 + NO@0.400 cost=0.4000
[2026-05-31 12:24:51.326]   🧾 结算回填: 已追加 1 条 settled 记录到 trades.csv
[2026-05-31 12:24:51.326] 
[2026-05-31 12:24:51.326]   💤 等待 60s 后进行下次轮询...
[2026-05-31 12:25:51.329] 
[2026-05-31 12:25:51.331] ━━━━━━━━━━━━━━━━━━━━━━━━━━━━━━━━━━━━━━━━━━━━━━━━━━━━━━━━━━━━
[2026-05-31 12:25:51.331]   【 PreOpen 轮次 #18 】 2026-05-31 04:25:51 UTC
[2026-05-31 12:25:55.925] 
[2026-05-31 12:25:55.925]   🔍 【市场发现】共找到 6 个市场
[2026-05-31 12:25:55.925]      ├─ ❌ 过滤 [已开始] btc-updown-5m-1780200900 | 开始于 04:15:00 UTC | tts=-651s
[2026-05-31 12:25:55.925]      ├─ ❌ 过滤 [已开始] btc-updown-5m-1780201200 | 开始于 04:20:00 UTC | tts=-351s
[2026-05-31 12:25:55.925]      └─ ✅ 可交易 btc-updown-5m-1780201800 | 开始 04:30:00 UTC | 结束 04:35:00 UTC | tts=249s
[2026-05-31 12:25:55.926]      └─ ✅ 可交易 btc-updown-5m-1780202100 | 开始 04:35:00 UTC | 结束 04:40:00 UTC | tts=549s
[2026-05-31 12:25:55.926]      ├─ ❌ 过滤 [太远] btc-updown-5m-1780202400 | 开始于 04:40:00 UTC | tts=849s > 600s
[2026-05-31 12:25:55.926] 
[2026-05-31 12:25:55.926]   📊 【汇总】发现 6 个 | 可交易 1 个
[2026-05-31 12:25:55.926]      ├─ 已下单事件排除: 1
[2026-05-31 12:25:55.926]      └─ 时间窗口外: 3
[2026-05-31 12:25:55.926] 
[2026-05-31 12:25:55.926]   📅 【所有市场时间表】(当前: 04:25:51 UTC)
[2026-05-31 12:25:55.926]      🔴 已开始 04:15:00 - 04:20:00 UTC | btc-updown-5m-1780200900 | 开始已过 651s | 已结束
[2026-05-31 12:25:55.926]      🔴 已开始 04:20:00 - 04:25:00 UTC | btc-updown-5m-1780201200 | 开始已过 351s | 已结束
[2026-05-31 12:25:55.926]      🔴 已开始 🧾已下单 04:25:00 - 04:30:00 UTC | btc-updown-5m-1780201500 | 开始已过 51s | 249s后结束
[2026-05-31 12:25:55.926]      ✅ 可交易 04:30:00 - 04:35:00 UTC | btc-updown-5m-1780201800 | 开始249s后 | 549s后结束
[2026-05-31 12:25:55.926]      ✅ 可交易 04:35:00 - 04:40:00 UTC | btc-updown-5m-1780202100 | 开始549s后 | 849s后结束
[2026-05-31 12:25:55.927]      🔜 太远 04:40:00 - 04:45:00 UTC | btc-updown-5m-1780202400 | 开始849s后 | 1149s后结束
[2026-05-31 12:25:55.927]   ✨ 新发现事件: btc-updown-5m-1780202100 | 状态=已发现 | 距开始=549s | 距结束=849s
[2026-05-31 12:25:55.927]   🎯 目标事件: btc-updown-5m-1780201800 | 状态=已发现 | 距开始=249s | 距结束=549s
[2026-05-31 12:25:55.927]   ⏱  距离开始=248.7s | 状态=discovered | 动作次数=0
[2026-05-31 12:25:55.927]   🔄 事件状态: DISCOVERED → READY | btc-updown-5m-1780201800
[2026-05-31 12:25:58.257]   📗 YES下单: ✅ 已下单 | 价格=$0.5100 | 数量=5.0份 | 订单ID=0xde41f617961b6258b7a1474315777449283ddc549b35927adad93e34b23ab999
[2026-05-31 12:25:58.258]   ✅ Bought 5.0 YES shares @ $0.510
[2026-05-31 12:26:04.091]   📙 NO挂单: ✅ 已下单 | 价格=$0.4000 | 数量=5.0份 | 订单ID=0xa5612fdf47731d971d6a505ddd1c386f3e1627dded89810d16692cad14a5cf1a
[2026-05-31 12:26:04.092]   ✅ Bought 5.0 NO shares @ $0.400
[2026-05-31 12:26:09.904]   🎯 live 事件进度: 6/200
[2026-05-31 12:26:09.904] 
[2026-05-31 12:26:09.904]   ✅ 【已下单】btc-updown-5m-1780201800
[2026-05-31 12:26:09.904]      📗 YES: 订单ID=0xde41f617961b6258b7a1474315777449283ddc549b35927adad93e34b23ab999 | 成交价=$0.5100
[2026-05-31 12:26:09.904]      📙 NO: 订单ID=0xa5612fdf47731d971d6a505ddd1c386f3e1627dded89810d16692cad14a5cf1a | 成交价=$0.4000
[2026-05-31 12:26:09.904]      📍 当前状态: down_resting | 动作次数: 3
[2026-05-31 12:26:09.904]   📊 套利边缘: net=-0.4000 | 充足=True | edge=-0.4000 >= min=-0.5000; YES@0.510 cost=0.5100 + NO@0.400 cost=0.4000
[2026-05-31 12:26:09.904] 
[2026-05-31 12:26:09.904]   💤 等待 60s 后进行下次轮询...
[2026-05-31 12:27:09.910] 
[2026-05-31 12:27:09.913] ━━━━━━━━━━━━━━━━━━━━━━━━━━━━━━━━━━━━━━━━━━━━━━━━━━━━━━━━━━━━
[2026-05-31 12:27:09.913]   【 PreOpen 轮次 #19 】 2026-05-31 04:27:09 UTC
[2026-05-31 12:27:09.914]   🗑 Pre-GC removed: btc-updown-5m-1780201500 | reason=stale/untradeable
[2026-05-31 12:27:14.753] 
[2026-05-31 12:27:14.754]   🔍 【市场发现】共找到 6 个市场
[2026-05-31 12:27:14.754]      ├─ ❌ 过滤 [已开始] btc-updown-5m-1780200900 | 开始于 04:15:00 UTC | tts=-730s
[2026-05-31 12:27:14.754]      ├─ ❌ 过滤 [已开始] btc-updown-5m-1780201200 | 开始于 04:20:00 UTC | tts=-430s
[2026-05-31 12:27:14.754]      ├─ ❌ 过滤 [已开始] btc-updown-5m-1780201500 | 开始于 04:25:00 UTC | tts=-130s
[2026-05-31 12:27:14.754]      └─ ✅ 可交易 btc-updown-5m-1780202100 | 开始 04:35:00 UTC | 结束 04:40:00 UTC | tts=470s
[2026-05-31 12:27:14.755]      ├─ ❌ 过滤 [太远] btc-updown-5m-1780202400 | 开始于 04:40:00 UTC | tts=770s > 600s
[2026-05-31 12:27:14.755] 
[2026-05-31 12:27:14.755]   📊 【汇总】发现 6 个 | 可交易 0 个
[2026-05-31 12:27:14.755]      ├─ 已下单事件排除: 1
[2026-05-31 12:27:14.755]      └─ 时间窗口外: 4
[2026-05-31 12:27:14.755] 
[2026-05-31 12:27:14.755]   📅 【所有市场时间表】(当前: 04:27:09 UTC)
[2026-05-31 12:27:14.755]      🔴 已开始 04:15:00 - 04:20:00 UTC | btc-updown-5m-1780200900 | 开始已过 730s | 已结束
[2026-05-31 12:27:14.755]      🔴 已开始 04:20:00 - 04:25:00 UTC | btc-updown-5m-1780201200 | 开始已过 430s | 已结束
[2026-05-31 12:27:14.756]      🔴 已开始 04:25:00 - 04:30:00 UTC | btc-updown-5m-1780201500 | 开始已过 130s | 170s后结束
[2026-05-31 12:27:14.756]      ✅ 可交易 🧾已下单 04:30:00 - 04:35:00 UTC | btc-updown-5m-1780201800 | 开始170s后 | 470s后结束
[2026-05-31 12:27:14.756]      ✅ 可交易 04:35:00 - 04:40:00 UTC | btc-updown-5m-1780202100 | 开始470s后 | 770s后结束
[2026-05-31 12:27:14.756]      🔜 太远 04:40:00 - 04:45:00 UTC | btc-updown-5m-1780202400 | 开始770s后 | 1070s后结束
[2026-05-31 12:27:14.756]   🎯 目标事件: btc-updown-5m-1780201800 | 状态=NO挂单中 | 距开始=170s | 距结束=470s
[2026-05-31 12:27:14.756]   ⏱  距离开始=170.1s | 状态=down_resting | 动作次数=3
[2026-05-31 12:27:14.756]   循环检查: ⏭️ 跳过 | 价格=- | 数量=- | 原因: action_count=3 >= max=3
[2026-05-31 12:27:14.756] 
[2026-05-31 12:27:14.756]   ✅ 【已下单】btc-updown-5m-1780201800
[2026-05-31 12:27:14.756]      📗 YES: 订单ID=0xde41f617961b6258b7a1474315777449283ddc549b35927adad93e34b23ab999 | 成交价=$0.5100
[2026-05-31 12:27:14.756]      📙 NO: 订单ID=0xa5612fdf47731d971d6a505ddd1c386f3e1627dded89810d16692cad14a5cf1a | 成交价=$0.4000
[2026-05-31 12:27:14.756]      📍 当前状态: down_resting | 动作次数: 3
[2026-05-31 12:27:14.757]   📊 套利边缘: net=-0.4000 | 充足=True | edge=-0.4000 >= min=-0.5000; YES@0.510 cost=0.5100 + NO@0.400 cost=0.4000
[2026-05-31 12:27:51.132]   🧾 结算回填: 已追加 1 条 settled 记录到 trades.csv
[2026-05-31 12:27:51.135] 
[2026-05-31 12:27:51.135]   💤 等待 60s 后进行下次轮询...
[2026-05-31 12:28:51.141] 
[2026-05-31 12:28:51.142] ━━━━━━━━━━━━━━━━━━━━━━━━━━━━━━━━━━━━━━━━━━━━━━━━━━━━━━━━━━━━
[2026-05-31 12:28:51.143]   【 PreOpen 轮次 #20 】 2026-05-31 04:28:51 UTC
[2026-05-31 12:28:55.528] 
[2026-05-31 12:28:55.528]   🔍 【市场发现】共找到 5 个市场
[2026-05-31 12:28:55.528]      ├─ ❌ 过滤 [已开始] btc-updown-5m-1780201200 | 开始于 04:20:00 UTC | tts=-531s
[2026-05-31 12:28:55.528]      ├─ ❌ 过滤 [已开始] btc-updown-5m-1780201500 | 开始于 04:25:00 UTC | tts=-231s
[2026-05-31 12:28:55.529]      └─ ✅ 可交易 btc-updown-5m-1780202100 | 开始 04:35:00 UTC | 结束 04:40:00 UTC | tts=369s
[2026-05-31 12:28:55.529]      ├─ ❌ 过滤 [太远] btc-updown-5m-1780202400 | 开始于 04:40:00 UTC | tts=669s > 600s
[2026-05-31 12:28:55.529] 
[2026-05-31 12:28:55.529]   📊 【汇总】发现 5 个 | 可交易 0 个
[2026-05-31 12:28:55.529]      ├─ 已下单事件排除: 1
[2026-05-31 12:28:55.529]      └─ 时间窗口外: 3
[2026-05-31 12:28:55.529] 
[2026-05-31 12:28:55.529]   📅 【所有市场时间表】(当前: 04:28:51 UTC)
[2026-05-31 12:28:55.529]      🔴 已开始 04:20:00 - 04:25:00 UTC | btc-updown-5m-1780201200 | 开始已过 531s | 已结束
[2026-05-31 12:28:55.529]      🔴 已开始 04:25:00 - 04:30:00 UTC | btc-updown-5m-1780201500 | 开始已过 231s | 69s后结束
[2026-05-31 12:28:55.529]      ✅ 可交易 🧾已下单 04:30:00 - 04:35:00 UTC | btc-updown-5m-1780201800 | 开始69s后 | 369s后结束
[2026-05-31 12:28:55.529]      ✅ 可交易 04:35:00 - 04:40:00 UTC | btc-updown-5m-1780202100 | 开始369s后 | 669s后结束
[2026-05-31 12:28:55.529]      🔜 太远 04:40:00 - 04:45:00 UTC | btc-updown-5m-1780202400 | 开始669s后 | 969s后结束
[2026-05-31 12:28:55.530]   🎯 目标事件: btc-updown-5m-1780201800 | 状态=NO挂单中 | 距开始=69s | 距结束=369s
[2026-05-31 12:28:55.530]   ⏱  距离开始=68.9s | 状态=down_resting | 动作次数=3
[2026-05-31 12:28:55.530]   循环检查: ⏭️ 跳过 | 价格=- | 数量=- | 原因: action_count=3 >= max=3
[2026-05-31 12:28:55.530] 
[2026-05-31 12:28:55.530]   ✅ 【已下单】btc-updown-5m-1780201800
[2026-05-31 12:28:55.530]      📗 YES: 订单ID=0xde41f617961b6258b7a1474315777449283ddc549b35927adad93e34b23ab999 | 成交价=$0.5100
[2026-05-31 12:28:55.530]      📙 NO: 订单ID=0xa5612fdf47731d971d6a505ddd1c386f3e1627dded89810d16692cad14a5cf1a | 成交价=$0.4000
[2026-05-31 12:28:55.530]      📍 当前状态: down_resting | 动作次数: 3
[2026-05-31 12:28:55.530]   📊 套利边缘: net=-0.4000 | 充足=True | edge=-0.4000 >= min=-0.5000; YES@0.510 cost=0.5100 + NO@0.400 cost=0.4000
[2026-05-31 12:28:55.530] 
[2026-05-31 12:28:55.530]   💤 等待 60s 后进行下次轮询...
[2026-05-31 12:29:55.535] 
[2026-05-31 12:29:55.536] ━━━━━━━━━━━━━━━━━━━━━━━━━━━━━━━━━━━━━━━━━━━━━━━━━━━━━━━━━━━━
[2026-05-31 12:29:55.536]   【 PreOpen 轮次 #21 】 2026-05-31 04:29:55 UTC
[2026-05-31 12:30:00.923] 
[2026-05-31 12:30:00.923]   🔍 【市场发现】共找到 5 个市场
[2026-05-31 12:30:00.924]      ├─ ❌ 过滤 [已开始] btc-updown-5m-1780201200 | 开始于 04:20:00 UTC | tts=-596s
[2026-05-31 12:30:00.924]      ├─ ❌ 过滤 [已开始] btc-updown-5m-1780201500 | 开始于 04:25:00 UTC | tts=-296s
[2026-05-31 12:30:00.924]      └─ ✅ 可交易 btc-updown-5m-1780202100 | 开始 04:35:00 UTC | 结束 04:40:00 UTC | tts=304s
[2026-05-31 12:30:00.924]      ├─ ❌ 过滤 [太远] btc-updown-5m-1780202400 | 开始于 04:40:00 UTC | tts=604s > 600s
[2026-05-31 12:30:00.924] 
[2026-05-31 12:30:00.924]   📊 【汇总】发现 5 个 | 可交易 0 个
[2026-05-31 12:30:00.924]      ├─ 已下单事件排除: 1
[2026-05-31 12:30:00.924]      └─ 时间窗口外: 3
[2026-05-31 12:30:00.924] 
[2026-05-31 12:30:00.925]   📅 【所有市场时间表】(当前: 04:29:55 UTC)
[2026-05-31 12:30:00.925]      🔴 已开始 04:20:00 - 04:25:00 UTC | btc-updown-5m-1780201200 | 开始已过 596s | 已结束
[2026-05-31 12:30:00.925]      🔴 已开始 04:25:00 - 04:30:00 UTC | btc-updown-5m-1780201500 | 开始已过 296s | 4s后结束
[2026-05-31 12:30:00.925]      ✅ 可交易 🧾已下单 04:30:00 - 04:35:00 UTC | btc-updown-5m-1780201800 | 开始4s后 | 304s后结束
[2026-05-31 12:30:00.925]      ✅ 可交易 04:35:00 - 04:40:00 UTC | btc-updown-5m-1780202100 | 开始304s后 | 604s后结束
[2026-05-31 12:30:00.925]      🔜 太远 04:40:00 - 04:45:00 UTC | btc-updown-5m-1780202400 | 开始604s后 | 904s后结束
[2026-05-31 12:30:00.925]   🎯 目标事件: btc-updown-5m-1780201800 | 状态=NO挂单中 | 距开始=4s | 距结束=304s
[2026-05-31 12:30:00.925]   ⏱  距离开始=4.5s | 状态=down_resting | 动作次数=3
[2026-05-31 12:30:00.925]   循环检查: ⏭️ 跳过 | 价格=- | 数量=- | 原因: action_count=3 >= max=3
[2026-05-31 12:30:00.925] 
[2026-05-31 12:30:00.926]   ✅ 【已下单】btc-updown-5m-1780201800
[2026-05-31 12:30:00.926]      📗 YES: 订单ID=0xde41f617961b6258b7a1474315777449283ddc549b35927adad93e34b23ab999 | 成交价=$0.5100
[2026-05-31 12:30:00.926]      📙 NO: 订单ID=0xa5612fdf47731d971d6a505ddd1c386f3e1627dded89810d16692cad14a5cf1a | 成交价=$0.4000
[2026-05-31 12:30:00.926]      📍 当前状态: down_resting | 动作次数: 3
[2026-05-31 12:30:00.926]   📊 套利边缘: net=-0.4000 | 充足=True | edge=-0.4000 >= min=-0.5000; YES@0.510 cost=0.5100 + NO@0.400 cost=0.4000
[2026-05-31 12:30:24.707]   🧾 结算回填: 已追加 1 条 settled 记录到 trades.csv
[2026-05-31 12:30:24.708] 
[2026-05-31 12:30:24.708]   💤 等待 60s 后进行下次轮询...
[2026-05-31 12:31:24.714] 
[2026-05-31 12:31:24.716] ━━━━━━━━━━━━━━━━━━━━━━━━━━━━━━━━━━━━━━━━━━━━━━━━━━━━━━━━━━━━
[2026-05-31 12:31:24.716]   【 PreOpen 轮次 #22 】 2026-05-31 04:31:24 UTC
[2026-05-31 12:31:24.717]   🗑 Pre-GC removed: btc-updown-5m-1780201800 | reason=stale/untradeable
[2026-05-31 12:31:29.873] 
[2026-05-31 12:31:29.873]   🔍 【市场发现】共找到 6 个市场
[2026-05-31 12:31:29.874]      ├─ ❌ 过滤 [已开始] btc-updown-5m-1780201200 | 开始于 04:20:00 UTC | tts=-685s
[2026-05-31 12:31:29.874]      ├─ ❌ 过滤 [已开始] btc-updown-5m-1780201500 | 开始于 04:25:00 UTC | tts=-385s
[2026-05-31 12:31:29.874]      ├─ ❌ 过滤 [已开始] btc-updown-5m-1780201800 | 开始于 04:30:00 UTC | tts=-85s
[2026-05-31 12:31:29.874]      └─ ✅ 可交易 btc-updown-5m-1780202100 | 开始 04:35:00 UTC | 结束 04:40:00 UTC | tts=215s
[2026-05-31 12:31:29.875]      └─ ✅ 可交易 btc-updown-5m-1780202400 | 开始 04:40:00 UTC | 结束 04:45:00 UTC | tts=515s
[2026-05-31 12:31:29.875]      ├─ ❌ 过滤 [太远] btc-updown-5m-1780202700 | 开始于 04:45:00 UTC | tts=815s > 600s
[2026-05-31 12:31:29.875] 
[2026-05-31 12:31:29.875]   📊 【汇总】发现 6 个 | 可交易 1 个
[2026-05-31 12:31:29.875]      └─ 时间窗口外: 4
[2026-05-31 12:31:29.875] 
[2026-05-31 12:31:29.875]   📅 【所有市场时间表】(当前: 04:31:24 UTC)
[2026-05-31 12:31:29.875]      🔴 已开始 04:20:00 - 04:25:00 UTC | btc-updown-5m-1780201200 | 开始已过 685s | 已结束
[2026-05-31 12:31:29.875]      🔴 已开始 04:25:00 - 04:30:00 UTC | btc-updown-5m-1780201500 | 开始已过 385s | 已结束
[2026-05-31 12:31:29.875]      🔴 已开始 04:30:00 - 04:35:00 UTC | btc-updown-5m-1780201800 | 开始已过 85s | 215s后结束
[2026-05-31 12:31:29.876]      ✅ 可交易 04:35:00 - 04:40:00 UTC | btc-updown-5m-1780202100 | 开始215s后 | 515s后结束
[2026-05-31 12:31:29.876]      ✅ 可交易 04:40:00 - 04:45:00 UTC | btc-updown-5m-1780202400 | 开始515s后 | 815s后结束
[2026-05-31 12:31:29.876]      🔜 太远 04:45:00 - 04:50:00 UTC | btc-updown-5m-1780202700 | 开始815s后 | 1115s后结束
[2026-05-31 12:31:29.876]   ✨ 新发现事件: btc-updown-5m-1780202400 | 状态=已发现 | 距开始=515s | 距结束=815s
[2026-05-31 12:31:29.876]   🎯 目标事件: btc-updown-5m-1780202100 | 状态=已发现 | 距开始=215s | 距结束=515s
[2026-05-31 12:31:29.876]   ⏱  距离开始=215.3s | 状态=discovered | 动作次数=0
[2026-05-31 12:31:29.876]   🔄 事件状态: DISCOVERED → READY | btc-updown-5m-1780202100
[2026-05-31 12:31:32.268]   📗 YES下单: ✅ 已下单 | 价格=$0.5100 | 数量=5.0份 | 订单ID=0xa40665034569459623097e5eb68c20fc1303010d516e15b1866de46d45525bbe
[2026-05-31 12:31:32.269]   ✅ Bought 5.0 YES shares @ $0.510
[2026-05-31 12:31:38.686]   📙 NO挂单: ✅ 已下单 | 价格=$0.4000 | 数量=5.0份 | 订单ID=0xeb123f350ca131a246c447dd715e2b1507f144f0c442932ab2f685eb3bb29f66
[2026-05-31 12:31:38.687]   ✅ Bought 5.0 NO shares @ $0.400
[2026-05-31 12:31:45.001]   🎯 live 事件进度: 7/200
[2026-05-31 12:31:45.001] 
[2026-05-31 12:31:45.001]   ✅ 【已下单】btc-updown-5m-1780202100
[2026-05-31 12:31:45.002]      📗 YES: 订单ID=0xa40665034569459623097e5eb68c20fc1303010d516e15b1866de46d45525bbe | 成交价=$0.5100
[2026-05-31 12:31:45.002]      📙 NO: 订单ID=0xeb123f350ca131a246c447dd715e2b1507f144f0c442932ab2f685eb3bb29f66 | 成交价=$0.4000
[2026-05-31 12:31:45.002]      📍 当前状态: down_resting | 动作次数: 3
[2026-05-31 12:31:45.002]   📊 套利边缘: net=-0.4000 | 充足=True | edge=-0.4000 >= min=-0.5000; YES@0.510 cost=0.5100 + NO@0.400 cost=0.4000
[2026-05-31 12:31:45.002] 
[2026-05-31 12:31:45.002]   💤 等待 60s 后进行下次轮询...
[2026-05-31 12:32:45.007] 
[2026-05-31 12:32:45.014] ━━━━━━━━━━━━━━━━━━━━━━━━━━━━━━━━━━━━━━━━━━━━━━━━━━━━━━━━━━━━
[2026-05-31 12:32:45.018]   【 PreOpen 轮次 #23 】 2026-05-31 04:32:45 UTC
[2026-05-31 12:32:49.480] 
[2026-05-31 12:32:49.480]   🔍 【市场发现】共找到 5 个市场
[2026-05-31 12:32:49.480]      ├─ ❌ 过滤 [已开始] btc-updown-5m-1780201500 | 开始于 04:25:00 UTC | tts=-465s
[2026-05-31 12:32:49.480]      ├─ ❌ 过滤 [已开始] btc-updown-5m-1780201800 | 开始于 04:30:00 UTC | tts=-165s
[2026-05-31 12:32:49.480]      └─ ✅ 可交易 btc-updown-5m-1780202400 | 开始 04:40:00 UTC | 结束 04:45:00 UTC | tts=435s
[2026-05-31 12:32:49.480]      ├─ ❌ 过滤 [太远] btc-updown-5m-1780202700 | 开始于 04:45:00 UTC | tts=735s > 600s
[2026-05-31 12:32:49.480] 
[2026-05-31 12:32:49.481]   📊 【汇总】发现 5 个 | 可交易 0 个
[2026-05-31 12:32:49.481]      ├─ 已下单事件排除: 1
[2026-05-31 12:32:49.481]      └─ 时间窗口外: 3
[2026-05-31 12:32:49.481] 
[2026-05-31 12:32:49.481]   📅 【所有市场时间表】(当前: 04:32:45 UTC)
[2026-05-31 12:32:49.481]      🔴 已开始 04:25:00 - 04:30:00 UTC | btc-updown-5m-1780201500 | 开始已过 465s | 已结束
[2026-05-31 12:32:49.481]      🔴 已开始 04:30:00 - 04:35:00 UTC | btc-updown-5m-1780201800 | 开始已过 165s | 135s后结束
[2026-05-31 12:32:49.481]      ✅ 可交易 🧾已下单 04:35:00 - 04:40:00 UTC | btc-updown-5m-1780202100 | 开始135s后 | 435s后结束
[2026-05-31 12:32:49.481]      ✅ 可交易 04:40:00 - 04:45:00 UTC | btc-updown-5m-1780202400 | 开始435s后 | 735s后结束
[2026-05-31 12:32:49.481]      🔜 太远 04:45:00 - 04:50:00 UTC | btc-updown-5m-1780202700 | 开始735s后 | 1035s后结束
[2026-05-31 12:32:49.481]   🎯 目标事件: btc-updown-5m-1780202100 | 状态=NO挂单中 | 距开始=135s | 距结束=435s
[2026-05-31 12:32:49.481]   ⏱  距离开始=135.0s | 状态=down_resting | 动作次数=3
[2026-05-31 12:32:49.481]   循环检查: ⏭️ 跳过 | 价格=- | 数量=- | 原因: action_count=3 >= max=3
[2026-05-31 12:32:49.481] 
[2026-05-31 12:32:49.481]   ✅ 【已下单】btc-updown-5m-1780202100
[2026-05-31 12:32:49.482]      📗 YES: 订单ID=0xa40665034569459623097e5eb68c20fc1303010d516e15b1866de46d45525bbe | 成交价=$0.5100
[2026-05-31 12:32:49.482]      📙 NO: 订单ID=0xeb123f350ca131a246c447dd715e2b1507f144f0c442932ab2f685eb3bb29f66 | 成交价=$0.4000
[2026-05-31 12:32:49.482]      📍 当前状态: down_resting | 动作次数: 3
[2026-05-31 12:32:49.482]   📊 套利边缘: net=-0.4000 | 充足=True | edge=-0.4000 >= min=-0.5000; YES@0.510 cost=0.5100 + NO@0.400 cost=0.4000
[2026-05-31 12:33:22.103]   🧾 结算回填: 已追加 1 条 settled 记录到 trades.csv
[2026-05-31 12:33:22.104] 
[2026-05-31 12:33:22.104]   💤 等待 60s 后进行下次轮询...
[2026-05-31 12:34:22.106] 
[2026-05-31 12:34:22.113] ━━━━━━━━━━━━━━━━━━━━━━━━━━━━━━━━━━━━━━━━━━━━━━━━━━━━━━━━━━━━
[2026-05-31 12:34:22.113]   【 PreOpen 轮次 #24 】 2026-05-31 04:34:22 UTC
[2026-05-31 12:34:29.587] 
[2026-05-31 12:34:29.587]   🔍 【市场发现】共找到 5 个市场
[2026-05-31 12:34:29.588]      ├─ ❌ 过滤 [已开始] btc-updown-5m-1780201500 | 开始于 04:25:00 UTC | tts=-562s
[2026-05-31 12:34:29.588]      ├─ ❌ 过滤 [已开始] btc-updown-5m-1780201800 | 开始于 04:30:00 UTC | tts=-262s
[2026-05-31 12:34:29.588]      └─ ✅ 可交易 btc-updown-5m-1780202400 | 开始 04:40:00 UTC | 结束 04:45:00 UTC | tts=338s
[2026-05-31 12:34:29.588]      ├─ ❌ 过滤 [太远] btc-updown-5m-1780202700 | 开始于 04:45:00 UTC | tts=638s > 600s
[2026-05-31 12:34:29.588] 
[2026-05-31 12:34:29.588]   📊 【汇总】发现 5 个 | 可交易 0 个
[2026-05-31 12:34:29.588]      ├─ 已下单事件排除: 1
[2026-05-31 12:34:29.588]      └─ 时间窗口外: 3
[2026-05-31 12:34:29.588] 
[2026-05-31 12:34:29.588]   📅 【所有市场时间表】(当前: 04:34:22 UTC)
[2026-05-31 12:34:29.588]      🔴 已开始 04:25:00 - 04:30:00 UTC | btc-updown-5m-1780201500 | 开始已过 562s | 已结束
[2026-05-31 12:34:29.588]      🔴 已开始 04:30:00 - 04:35:00 UTC | btc-updown-5m-1780201800 | 开始已过 262s | 38s后结束
[2026-05-31 12:34:29.588]      ✅ 可交易 🧾已下单 04:35:00 - 04:40:00 UTC | btc-updown-5m-1780202100 | 开始38s后 | 338s后结束
[2026-05-31 12:34:29.588]      ✅ 可交易 04:40:00 - 04:45:00 UTC | btc-updown-5m-1780202400 | 开始338s后 | 638s后结束
[2026-05-31 12:34:29.589]      🔜 太远 04:45:00 - 04:50:00 UTC | btc-updown-5m-1780202700 | 开始638s后 | 938s后结束
[2026-05-31 12:34:29.589]   🎯 目标事件: btc-updown-5m-1780202100 | 状态=NO挂单中 | 距开始=38s | 距结束=338s
[2026-05-31 12:34:29.589]   ⏱  距离开始=37.9s | 状态=down_resting | 动作次数=3
[2026-05-31 12:34:29.589]   循环检查: ⏭️ 跳过 | 价格=- | 数量=- | 原因: action_count=3 >= max=3
[2026-05-31 12:34:29.589] 
[2026-05-31 12:34:29.589]   ✅ 【已下单】btc-updown-5m-1780202100
[2026-05-31 12:34:29.589]      📗 YES: 订单ID=0xa40665034569459623097e5eb68c20fc1303010d516e15b1866de46d45525bbe | 成交价=$0.5100
[2026-05-31 12:34:29.589]      📙 NO: 订单ID=0xeb123f350ca131a246c447dd715e2b1507f144f0c442932ab2f685eb3bb29f66 | 成交价=$0.4000
[2026-05-31 12:34:29.589]      📍 当前状态: down_resting | 动作次数: 3
[2026-05-31 12:34:29.589]   📊 套利边缘: net=-0.4000 | 充足=True | edge=-0.4000 >= min=-0.5000; YES@0.510 cost=0.5100 + NO@0.400 cost=0.4000
[2026-05-31 12:34:29.589] 
[2026-05-31 12:34:29.589]   💤 等待 60s 后进行下次轮询...
[2026-05-31 12:35:29.595] 
[2026-05-31 12:35:29.598] ━━━━━━━━━━━━━━━━━━━━━━━━━━━━━━━━━━━━━━━━━━━━━━━━━━━━━━━━━━━━
[2026-05-31 12:35:29.598]   【 PreOpen 轮次 #25 】 2026-05-31 04:35:29 UTC
[2026-05-31 12:35:35.548] 
[2026-05-31 12:35:35.549]   🔍 【市场发现】共找到 6 个市场
[2026-05-31 12:35:35.549]      ├─ ❌ 过滤 [已开始] btc-updown-5m-1780201500 | 开始于 04:25:00 UTC | tts=-630s
[2026-05-31 12:35:35.549]      ├─ ❌ 过滤 [已开始] btc-updown-5m-1780201800 | 开始于 04:30:00 UTC | tts=-330s
[2026-05-31 12:35:35.549]      └─ ✅ 可交易 btc-updown-5m-1780202400 | 开始 04:40:00 UTC | 结束 04:45:00 UTC | tts=270s
[2026-05-31 12:35:35.550]      └─ ✅ 可交易 btc-updown-5m-1780202700 | 开始 04:45:00 UTC | 结束 04:50:00 UTC | tts=570s
[2026-05-31 12:35:35.550]      ├─ ❌ 过滤 [太远] btc-updown-5m-1780203000 | 开始于 04:50:00 UTC | tts=870s > 600s
[2026-05-31 12:35:35.550] 
[2026-05-31 12:35:35.550]   📊 【汇总】发现 6 个 | 可交易 1 个
[2026-05-31 12:35:35.550]      ├─ 已下单事件排除: 1
[2026-05-31 12:35:35.550]      └─ 时间窗口外: 3
[2026-05-31 12:35:35.550] 
[2026-05-31 12:35:35.550]   📅 【所有市场时间表】(当前: 04:35:29 UTC)
[2026-05-31 12:35:35.550]      🔴 已开始 04:25:00 - 04:30:00 UTC | btc-updown-5m-1780201500 | 开始已过 630s | 已结束
[2026-05-31 12:35:35.550]      🔴 已开始 04:30:00 - 04:35:00 UTC | btc-updown-5m-1780201800 | 开始已过 330s | 已结束
[2026-05-31 12:35:35.550]      🔴 已开始 🧾已下单 04:35:00 - 04:40:00 UTC | btc-updown-5m-1780202100 | 开始已过 30s | 270s后结束
[2026-05-31 12:35:35.550]      ✅ 可交易 04:40:00 - 04:45:00 UTC | btc-updown-5m-1780202400 | 开始270s后 | 570s后结束
[2026-05-31 12:35:35.551]      ✅ 可交易 04:45:00 - 04:50:00 UTC | btc-updown-5m-1780202700 | 开始570s后 | 870s后结束
[2026-05-31 12:35:35.551]      🔜 太远 04:50:00 - 04:55:00 UTC | btc-updown-5m-1780203000 | 开始870s后 | 1170s后结束
[2026-05-31 12:35:35.551]   ✨ 新发现事件: btc-updown-5m-1780202700 | 状态=已发现 | 距开始=570s | 距结束=870s
[2026-05-31 12:35:35.551]   🎯 目标事件: btc-updown-5m-1780202400 | 状态=已发现 | 距开始=270s | 距结束=570s
[2026-05-31 12:35:35.551]   ⏱  距离开始=270.4s | 状态=discovered | 动作次数=0
[2026-05-31 12:35:35.551]   🔄 事件状态: DISCOVERED → READY | btc-updown-5m-1780202400
[2026-05-31 12:35:38.906]   📗 YES下单: ✅ 已下单 | 价格=$0.5100 | 数量=5.0份 | 订单ID=0x9d9360442b3f8041e007a07d9c1de990421b8e309926f96fbc85b251ebb845e3
[2026-05-31 12:35:38.906]   ✅ Bought 5.0 YES shares @ $0.510
[2026-05-31 12:35:46.789]   📙 NO挂单: ✅ 已下单 | 价格=$0.4000 | 数量=5.0份 | 订单ID=0x449fa4c6695e2aba6f9ef3d540d2457d805eb9fa50a0a0aea8b9282c935c3cda
[2026-05-31 12:35:46.790]   ✅ Bought 5.0 NO shares @ $0.400
[2026-05-31 12:35:57.616]   🎯 live 事件进度: 8/200
[2026-05-31 12:35:57.616] 
[2026-05-31 12:35:57.616]   ✅ 【已下单】btc-updown-5m-1780202400
[2026-05-31 12:35:57.616]      📗 YES: 订单ID=0x9d9360442b3f8041e007a07d9c1de990421b8e309926f96fbc85b251ebb845e3 | 成交价=$0.5100
[2026-05-31 12:35:57.616]      📙 NO: 订单ID=0x449fa4c6695e2aba6f9ef3d540d2457d805eb9fa50a0a0aea8b9282c935c3cda | 成交价=$0.4000
[2026-05-31 12:35:57.617]      📍 当前状态: down_resting | 动作次数: 3
[2026-05-31 12:35:57.617]   📊 套利边缘: net=-0.4000 | 充足=True | edge=-0.4000 >= min=-0.5000; YES@0.510 cost=0.5100 + NO@0.400 cost=0.4000
[2026-05-31 12:36:35.838] 
[2026-05-31 12:36:35.839]   💤 等待 60s 后进行下次轮询...
[2026-05-31 12:37:35.849] 
[2026-05-31 12:37:35.863] ━━━━━━━━━━━━━━━━━━━━━━━━━━━━━━━━━━━━━━━━━━━━━━━━━━━━━━━━━━━━
[2026-05-31 12:37:35.865]   【 PreOpen 轮次 #26 】 2026-05-31 04:37:35 UTC
[2026-05-31 12:37:35.868]   🗑 Pre-GC removed: btc-updown-5m-1780202100 | reason=stale/untradeable
[2026-05-31 12:37:40.358] 
[2026-05-31 12:37:40.359]   🔍 【市场发现】共找到 5 个市场
[2026-05-31 12:37:40.359]      ├─ ❌ 过滤 [已开始] btc-updown-5m-1780201800 | 开始于 04:30:00 UTC | tts=-456s
[2026-05-31 12:37:40.359]      ├─ ❌ 过滤 [已开始] btc-updown-5m-1780202100 | 开始于 04:35:00 UTC | tts=-156s
[2026-05-31 12:37:40.359]      └─ ✅ 可交易 btc-updown-5m-1780202700 | 开始 04:45:00 UTC | 结束 04:50:00 UTC | tts=444s
[2026-05-31 12:37:40.360]      ├─ ❌ 过滤 [太远] btc-updown-5m-1780203000 | 开始于 04:50:00 UTC | tts=744s > 600s
[2026-05-31 12:37:40.360] 
[2026-05-31 12:37:40.360]   📊 【汇总】发现 5 个 | 可交易 0 个
[2026-05-31 12:37:40.360]      ├─ 已下单事件排除: 1
[2026-05-31 12:37:40.360]      └─ 时间窗口外: 3
[2026-05-31 12:37:40.360] 
[2026-05-31 12:37:40.360]   📅 【所有市场时间表】(当前: 04:37:35 UTC)
[2026-05-31 12:37:40.360]      🔴 已开始 04:30:00 - 04:35:00 UTC | btc-updown-5m-1780201800 | 开始已过 456s | 已结束
[2026-05-31 12:37:40.361]      🔴 已开始 04:35:00 - 04:40:00 UTC | btc-updown-5m-1780202100 | 开始已过 156s | 144s后结束
[2026-05-31 12:37:40.361]      ✅ 可交易 🧾已下单 04:40:00 - 04:45:00 UTC | btc-updown-5m-1780202400 | 开始144s后 | 444s后结束
[2026-05-31 12:37:40.361]      ✅ 可交易 04:45:00 - 04:50:00 UTC | btc-updown-5m-1780202700 | 开始444s后 | 744s后结束
[2026-05-31 12:37:40.361]      🔜 太远 04:50:00 - 04:55:00 UTC | btc-updown-5m-1780203000 | 开始744s后 | 1044s后结束
[2026-05-31 12:37:40.362]   🎯 目标事件: btc-updown-5m-1780202400 | 状态=NO挂单中 | 距开始=144s | 距结束=444s
[2026-05-31 12:37:40.362]   ⏱  距离开始=144.2s | 状态=down_resting | 动作次数=3
[2026-05-31 12:37:40.363]   循环检查: ⏭️ 跳过 | 价格=- | 数量=- | 原因: action_count=3 >= max=3
[2026-05-31 12:37:40.363] 
[2026-05-31 12:37:40.363]   ✅ 【已下单】btc-updown-5m-1780202400
[2026-05-31 12:37:40.363]      📗 YES: 订单ID=0x9d9360442b3f8041e007a07d9c1de990421b8e309926f96fbc85b251ebb845e3 | 成交价=$0.5100
[2026-05-31 12:37:40.363]      📙 NO: 订单ID=0x449fa4c6695e2aba6f9ef3d540d2457d805eb9fa50a0a0aea8b9282c935c3cda | 成交价=$0.4000
[2026-05-31 12:37:40.363]      📍 当前状态: down_resting | 动作次数: 3
[2026-05-31 12:37:40.364]   📊 套利边缘: net=-0.4000 | 充足=True | edge=-0.4000 >= min=-0.5000; YES@0.510 cost=0.5100 + NO@0.400 cost=0.4000
[2026-05-31 12:37:40.364] 
[2026-05-31 12:37:40.364]   💤 等待 60s 后进行下次轮询...
[2026-05-31 12:38:40.367] 
[2026-05-31 12:38:40.370] ━━━━━━━━━━━━━━━━━━━━━━━━━━━━━━━━━━━━━━━━━━━━━━━━━━━━━━━━━━━━
[2026-05-31 12:38:40.371]   【 PreOpen 轮次 #27 】 2026-05-31 04:38:40 UTC
[2026-05-31 12:38:44.953] 
[2026-05-31 12:38:44.953]   🔍 【市场发现】共找到 5 个市场
[2026-05-31 12:38:44.954]      ├─ ❌ 过滤 [已开始] btc-updown-5m-1780201800 | 开始于 04:30:00 UTC | tts=-520s
[2026-05-31 12:38:44.954]      ├─ ❌ 过滤 [已开始] btc-updown-5m-1780202100 | 开始于 04:35:00 UTC | tts=-220s
[2026-05-31 12:38:44.954]      └─ ✅ 可交易 btc-updown-5m-1780202700 | 开始 04:45:00 UTC | 结束 04:50:00 UTC | tts=380s
[2026-05-31 12:38:44.954]      ├─ ❌ 过滤 [太远] btc-updown-5m-1780203000 | 开始于 04:50:00 UTC | tts=680s > 600s
[2026-05-31 12:38:44.954] 
[2026-05-31 12:38:44.955]   📊 【汇总】发现 5 个 | 可交易 0 个
[2026-05-31 12:38:44.955]      ├─ 已下单事件排除: 1
[2026-05-31 12:38:44.956]      └─ 时间窗口外: 3
[2026-05-31 12:38:44.956] 
[2026-05-31 12:38:44.956]   📅 【所有市场时间表】(当前: 04:38:40 UTC)
[2026-05-31 12:38:44.956]      🔴 已开始 04:30:00 - 04:35:00 UTC | btc-updown-5m-1780201800 | 开始已过 520s | 已结束
[2026-05-31 12:38:44.956]      🔴 已开始 04:35:00 - 04:40:00 UTC | btc-updown-5m-1780202100 | 开始已过 220s | 80s后结束
[2026-05-31 12:38:44.956]      ✅ 可交易 🧾已下单 04:40:00 - 04:45:00 UTC | btc-updown-5m-1780202400 | 开始80s后 | 380s后结束
[2026-05-31 12:38:44.956]      ✅ 可交易 04:45:00 - 04:50:00 UTC | btc-updown-5m-1780202700 | 开始380s后 | 680s后结束
[2026-05-31 12:38:44.956]      🔜 太远 04:50:00 - 04:55:00 UTC | btc-updown-5m-1780203000 | 开始680s后 | 980s后结束
[2026-05-31 12:38:44.956]   🎯 目标事件: btc-updown-5m-1780202400 | 状态=NO挂单中 | 距开始=80s | 距结束=380s
[2026-05-31 12:38:44.956]   ⏱  距离开始=79.6s | 状态=down_resting | 动作次数=3
[2026-05-31 12:38:44.957]   循环检查: ⏭️ 跳过 | 价格=- | 数量=- | 原因: action_count=3 >= max=3
[2026-05-31 12:38:44.957] 
[2026-05-31 12:38:44.957]   ✅ 【已下单】btc-updown-5m-1780202400
[2026-05-31 12:38:44.957]      📗 YES: 订单ID=0x9d9360442b3f8041e007a07d9c1de990421b8e309926f96fbc85b251ebb845e3 | 成交价=$0.5100
[2026-05-31 12:38:44.957]      📙 NO: 订单ID=0x449fa4c6695e2aba6f9ef3d540d2457d805eb9fa50a0a0aea8b9282c935c3cda | 成交价=$0.4000
[2026-05-31 12:38:44.957]      📍 当前状态: down_resting | 动作次数: 3
[2026-05-31 12:38:44.957]   📊 套利边缘: net=-0.4000 | 充足=True | edge=-0.4000 >= min=-0.5000; YES@0.510 cost=0.5100 + NO@0.400 cost=0.4000
[2026-05-31 12:39:14.286]   🧾 结算回填: 已追加 2 条 settled 记录到 trades.csv
[2026-05-31 12:39:14.287] 
[2026-05-31 12:39:14.287]   💤 等待 60s 后进行下次轮询...
[2026-05-31 12:40:14.290] 
[2026-05-31 12:40:14.293] ━━━━━━━━━━━━━━━━━━━━━━━━━━━━━━━━━━━━━━━━━━━━━━━━━━━━━━━━━━━━
[2026-05-31 12:40:14.294]   【 PreOpen 轮次 #28 】 2026-05-31 04:40:14 UTC
[2026-05-31 12:40:21.744] 
[2026-05-31 12:40:21.745]   🔍 【市场发现】共找到 5 个市场
[2026-05-31 12:40:21.745]      ├─ ❌ 过滤 [已开始] btc-updown-5m-1780202100 | 开始于 04:35:00 UTC | tts=-314s
[2026-05-31 12:40:21.745]      └─ ✅ 可交易 btc-updown-5m-1780202700 | 开始 04:45:00 UTC | 结束 04:50:00 UTC | tts=286s
[2026-05-31 12:40:21.746]      └─ ✅ 可交易 btc-updown-5m-1780203000 | 开始 04:50:00 UTC | 结束 04:55:00 UTC | tts=586s
[2026-05-31 12:40:21.746]      ├─ ❌ 过滤 [太远] btc-updown-5m-1780203300 | 开始于 04:55:00 UTC | tts=886s > 600s
[2026-05-31 12:40:21.746] 
[2026-05-31 12:40:21.746]   📊 【汇总】发现 5 个 | 可交易 1 个
[2026-05-31 12:40:21.746]      ├─ 已下单事件排除: 1
[2026-05-31 12:40:21.746]      └─ 时间窗口外: 2
[2026-05-31 12:40:21.746] 
[2026-05-31 12:40:21.746]   📅 【所有市场时间表】(当前: 04:40:14 UTC)
[2026-05-31 12:40:21.746]      🔴 已开始 04:35:00 - 04:40:00 UTC | btc-updown-5m-1780202100 | 开始已过 314s | 已结束
[2026-05-31 12:40:21.746]      🔴 已开始 🧾已下单 04:40:00 - 04:45:00 UTC | btc-updown-5m-1780202400 | 开始已过 14s | 286s后结束
[2026-05-31 12:40:21.747]      ✅ 可交易 04:45:00 - 04:50:00 UTC | btc-updown-5m-1780202700 | 开始286s后 | 586s后结束
[2026-05-31 12:40:21.747]      ✅ 可交易 04:50:00 - 04:55:00 UTC | btc-updown-5m-1780203000 | 开始586s后 | 886s后结束
[2026-05-31 12:40:21.747]      🔜 太远 04:55:00 - 05:00:00 UTC | btc-updown-5m-1780203300 | 开始886s后 | 1186s后结束
[2026-05-31 12:40:21.747]   ✨ 新发现事件: btc-updown-5m-1780203000 | 状态=已发现 | 距开始=586s | 距结束=886s
[2026-05-31 12:40:21.747]   🎯 目标事件: btc-updown-5m-1780202700 | 状态=已发现 | 距开始=286s | 距结束=586s
[2026-05-31 12:40:21.747]   ⏱  距离开始=285.7s | 状态=discovered | 动作次数=0
[2026-05-31 12:40:21.747]   🔄 事件状态: DISCOVERED → READY | btc-updown-5m-1780202700
[2026-05-31 12:40:26.950]   📗 YES下单: ✅ 已下单 | 价格=$0.5100 | 数量=5.0份 | 订单ID=0xda2d09516154eb1ecb2d1127a7931b10db55133120fbf9a01dd528d0c6657036
[2026-05-31 12:40:26.951]   ✅ Bought 5.0 YES shares @ $0.510
[2026-05-31 12:40:33.561]   📙 NO挂单: ✅ 已下单 | 价格=$0.4000 | 数量=5.0份 | 订单ID=0x20f62bbea03bd05a57329cff22c6d0672581bbf4784b4c90b3bfb5e85b55f604
[2026-05-31 12:40:33.561]   ✅ Bought 5.0 NO shares @ $0.400
[2026-05-31 12:40:39.474]   🎯 live 事件进度: 9/200
[2026-05-31 12:40:39.475] 
[2026-05-31 12:40:39.475]   ✅ 【已下单】btc-updown-5m-1780202700
[2026-05-31 12:40:39.475]      📗 YES: 订单ID=0xda2d09516154eb1ecb2d1127a7931b10db55133120fbf9a01dd528d0c6657036 | 成交价=$0.5100
[2026-05-31 12:40:39.475]      📙 NO: 订单ID=0x20f62bbea03bd05a57329cff22c6d0672581bbf4784b4c90b3bfb5e85b55f604 | 成交价=$0.4000
[2026-05-31 12:40:39.475]      📍 当前状态: down_resting | 动作次数: 3
[2026-05-31 12:40:39.475]   📊 套利边缘: net=-0.4000 | 充足=True | edge=-0.4000 >= min=-0.5000; YES@0.510 cost=0.5100 + NO@0.400 cost=0.4000
[2026-05-31 12:40:39.475] 
[2026-05-31 12:40:39.475]   💤 等待 60s 后进行下次轮询...
[2026-05-31 12:41:39.482] 
[2026-05-31 12:41:39.485] ━━━━━━━━━━━━━━━━━━━━━━━━━━━━━━━━━━━━━━━━━━━━━━━━━━━━━━━━━━━━
[2026-05-31 12:41:39.486]   【 PreOpen 轮次 #29 】 2026-05-31 04:41:39 UTC
[2026-05-31 12:41:39.487]   🗑 Pre-GC removed: btc-updown-5m-1780202400 | reason=stale/untradeable
[2026-05-31 12:41:44.112] 
[2026-05-31 12:41:44.112]   🔍 【市场发现】共找到 5 个市场
[2026-05-31 12:41:44.113]      ├─ ❌ 过滤 [已开始] btc-updown-5m-1780202100 | 开始于 04:35:00 UTC | tts=-399s
[2026-05-31 12:41:44.113]      ├─ ❌ 过滤 [已开始] btc-updown-5m-1780202400 | 开始于 04:40:00 UTC | tts=-99s
[2026-05-31 12:41:44.113]      └─ ✅ 可交易 btc-updown-5m-1780203000 | 开始 04:50:00 UTC | 结束 04:55:00 UTC | tts=501s
[2026-05-31 12:41:44.113]      ├─ ❌ 过滤 [太远] btc-updown-5m-1780203300 | 开始于 04:55:00 UTC | tts=801s > 600s
[2026-05-31 12:41:44.113] 
[2026-05-31 12:41:44.113]   📊 【汇总】发现 5 个 | 可交易 0 个
[2026-05-31 12:41:44.113]      ├─ 已下单事件排除: 1
[2026-05-31 12:41:44.113]      └─ 时间窗口外: 3
[2026-05-31 12:41:44.113] 
[2026-05-31 12:41:44.113]   📅 【所有市场时间表】(当前: 04:41:39 UTC)
[2026-05-31 12:41:44.113]      🔴 已开始 04:35:00 - 04:40:00 UTC | btc-updown-5m-1780202100 | 开始已过 399s | 已结束
[2026-05-31 12:41:44.113]      🔴 已开始 04:40:00 - 04:45:00 UTC | btc-updown-5m-1780202400 | 开始已过 99s | 201s后结束
[2026-05-31 12:41:44.114]      ✅ 可交易 🧾已下单 04:45:00 - 04:50:00 UTC | btc-updown-5m-1780202700 | 开始201s后 | 501s后结束
[2026-05-31 12:41:44.114]      ✅ 可交易 04:50:00 - 04:55:00 UTC | btc-updown-5m-1780203000 | 开始501s后 | 801s后结束
[2026-05-31 12:41:44.114]      🔜 太远 04:55:00 - 05:00:00 UTC | btc-updown-5m-1780203300 | 开始801s后 | 1101s后结束
[2026-05-31 12:41:44.114]   🎯 目标事件: btc-updown-5m-1780202700 | 状态=NO挂单中 | 距开始=201s | 距结束=501s
[2026-05-31 12:41:44.114]   ⏱  距离开始=200.5s | 状态=down_resting | 动作次数=3
[2026-05-31 12:41:44.114]   循环检查: ⏭️ 跳过 | 价格=- | 数量=- | 原因: action_count=3 >= max=3
[2026-05-31 12:41:44.115] 
[2026-05-31 12:41:44.115]   ✅ 【已下单】btc-updown-5m-1780202700
[2026-05-31 12:41:44.115]      📗 YES: 订单ID=0xda2d09516154eb1ecb2d1127a7931b10db55133120fbf9a01dd528d0c6657036 | 成交价=$0.5100
[2026-05-31 12:41:44.115]      📙 NO: 订单ID=0x20f62bbea03bd05a57329cff22c6d0672581bbf4784b4c90b3bfb5e85b55f604 | 成交价=$0.4000
[2026-05-31 12:41:44.115]      📍 当前状态: down_resting | 动作次数: 3
[2026-05-31 12:41:44.115]   📊 套利边缘: net=-0.4000 | 充足=True | edge=-0.4000 >= min=-0.5000; YES@0.510 cost=0.5100 + NO@0.400 cost=0.4000
[2026-05-31 12:42:18.368]   🧾 结算回填: 已追加 2 条 settled 记录到 trades.csv
[2026-05-31 12:42:18.369] 
[2026-05-31 12:42:18.369]   💤 等待 60s 后进行下次轮询...
[2026-05-31 12:43:18.370] 
[2026-05-31 12:43:18.371] ━━━━━━━━━━━━━━━━━━━━━━━━━━━━━━━━━━━━━━━━━━━━━━━━━━━━━━━━━━━━
[2026-05-31 12:43:18.372]   【 PreOpen 轮次 #30 】 2026-05-31 04:43:18 UTC
[2026-05-31 12:43:23.337] 
[2026-05-31 12:43:23.337]   🔍 【市场发现】共找到 5 个市场
[2026-05-31 12:43:23.337]      ├─ ❌ 过滤 [已开始] btc-updown-5m-1780202100 | 开始于 04:35:00 UTC | tts=-498s
[2026-05-31 12:43:23.337]      ├─ ❌ 过滤 [已开始] btc-updown-5m-1780202400 | 开始于 04:40:00 UTC | tts=-198s
[2026-05-31 12:43:23.338]      └─ ✅ 可交易 btc-updown-5m-1780203000 | 开始 04:50:00 UTC | 结束 04:55:00 UTC | tts=402s
[2026-05-31 12:43:23.338]      ├─ ❌ 过滤 [太远] btc-updown-5m-1780203300 | 开始于 04:55:00 UTC | tts=702s > 600s
[2026-05-31 12:43:23.338] 
[2026-05-31 12:43:23.338]   📊 【汇总】发现 5 个 | 可交易 0 个
[2026-05-31 12:43:23.338]      ├─ 已下单事件排除: 1
[2026-05-31 12:43:23.338]      └─ 时间窗口外: 3
[2026-05-31 12:43:23.339] 
[2026-05-31 12:43:23.339]   📅 【所有市场时间表】(当前: 04:43:18 UTC)
[2026-05-31 12:43:23.339]      🔴 已开始 04:35:00 - 04:40:00 UTC | btc-updown-5m-1780202100 | 开始已过 498s | 已结束
[2026-05-31 12:43:23.339]      🔴 已开始 04:40:00 - 04:45:00 UTC | btc-updown-5m-1780202400 | 开始已过 198s | 102s后结束
[2026-05-31 12:43:23.339]      ✅ 可交易 🧾已下单 04:45:00 - 04:50:00 UTC | btc-updown-5m-1780202700 | 开始102s后 | 402s后结束
[2026-05-31 12:43:23.339]      ✅ 可交易 04:50:00 - 04:55:00 UTC | btc-updown-5m-1780203000 | 开始402s后 | 702s后结束
[2026-05-31 12:43:23.339]      🔜 太远 04:55:00 - 05:00:00 UTC | btc-updown-5m-1780203300 | 开始702s后 | 1002s后结束
[2026-05-31 12:43:23.339]   🎯 目标事件: btc-updown-5m-1780202700 | 状态=NO挂单中 | 距开始=102s | 距结束=402s
[2026-05-31 12:43:23.340]   ⏱  距离开始=101.6s | 状态=down_resting | 动作次数=3
[2026-05-31 12:43:23.340]   循环检查: ⏭️ 跳过 | 价格=- | 数量=- | 原因: action_count=3 >= max=3
[2026-05-31 12:43:23.340] 
[2026-05-31 12:43:23.340]   ✅ 【已下单】btc-updown-5m-1780202700
[2026-05-31 12:43:23.340]      📗 YES: 订单ID=0xda2d09516154eb1ecb2d1127a7931b10db55133120fbf9a01dd528d0c6657036 | 成交价=$0.5100
[2026-05-31 12:43:23.340]      📙 NO: 订单ID=0x20f62bbea03bd05a57329cff22c6d0672581bbf4784b4c90b3bfb5e85b55f604 | 成交价=$0.4000
[2026-05-31 12:43:23.340]      📍 当前状态: down_resting | 动作次数: 3
[2026-05-31 12:43:23.340]   📊 套利边缘: net=-0.4000 | 充足=True | edge=-0.4000 >= min=-0.5000; YES@0.510 cost=0.5100 + NO@0.400 cost=0.4000
[2026-05-31 12:43:23.340] 
[2026-05-31 12:43:23.340]   💤 等待 60s 后进行下次轮询...
[2026-05-31 12:44:23.344] 
[2026-05-31 12:44:23.346] ━━━━━━━━━━━━━━━━━━━━━━━━━━━━━━━━━━━━━━━━━━━━━━━━━━━━━━━━━━━━
[2026-05-31 12:44:23.346]   【 PreOpen 轮次 #31 】 2026-05-31 04:44:23 UTC
[2026-05-31 12:44:27.753] 
[2026-05-31 12:44:27.753]   🔍 【市场发现】共找到 5 个市场
[2026-05-31 12:44:27.754]      ├─ ❌ 过滤 [已开始] btc-updown-5m-1780202100 | 开始于 04:35:00 UTC | tts=-563s
[2026-05-31 12:44:27.754]      ├─ ❌ 过滤 [已开始] btc-updown-5m-1780202400 | 开始于 04:40:00 UTC | tts=-263s
[2026-05-31 12:44:27.754]      └─ ✅ 可交易 btc-updown-5m-1780203000 | 开始 04:50:00 UTC | 结束 04:55:00 UTC | tts=337s
[2026-05-31 12:44:27.754]      ├─ ❌ 过滤 [太远] btc-updown-5m-1780203300 | 开始于 04:55:00 UTC | tts=637s > 600s
[2026-05-31 12:44:27.755] 
[2026-05-31 12:44:27.755]   📊 【汇总】发现 5 个 | 可交易 0 个
[2026-05-31 12:44:27.755]      ├─ 已下单事件排除: 1
[2026-05-31 12:44:27.755]      └─ 时间窗口外: 3
[2026-05-31 12:44:27.755] 
[2026-05-31 12:44:27.755]   📅 【所有市场时间表】(当前: 04:44:23 UTC)
[2026-05-31 12:44:27.755]      🔴 已开始 04:35:00 - 04:40:00 UTC | btc-updown-5m-1780202100 | 开始已过 563s | 已结束
[2026-05-31 12:44:27.755]      🔴 已开始 04:40:00 - 04:45:00 UTC | btc-updown-5m-1780202400 | 开始已过 263s | 37s后结束
[2026-05-31 12:44:27.755]      ✅ 可交易 🧾已下单 04:45:00 - 04:50:00 UTC | btc-updown-5m-1780202700 | 开始37s后 | 337s后结束
[2026-05-31 12:44:27.756]      ✅ 可交易 04:50:00 - 04:55:00 UTC | btc-updown-5m-1780203000 | 开始337s后 | 637s后结束
[2026-05-31 12:44:27.756]      🔜 太远 04:55:00 - 05:00:00 UTC | btc-updown-5m-1780203300 | 开始637s后 | 937s后结束
[2026-05-31 12:44:27.756]   🎯 目标事件: btc-updown-5m-1780202700 | 状态=NO挂单中 | 距开始=37s | 距结束=337s
[2026-05-31 12:44:27.756]   ⏱  距离开始=36.7s | 状态=down_resting | 动作次数=3
[2026-05-31 12:44:27.756]   循环检查: ⏭️ 跳过 | 价格=- | 数量=- | 原因: action_count=3 >= max=3
[2026-05-31 12:44:27.756] 
[2026-05-31 12:44:27.756]   ✅ 【已下单】btc-updown-5m-1780202700
[2026-05-31 12:44:27.757]      📗 YES: 订单ID=0xda2d09516154eb1ecb2d1127a7931b10db55133120fbf9a01dd528d0c6657036 | 成交价=$0.5100
[2026-05-31 12:44:27.757]      📙 NO: 订单ID=0x20f62bbea03bd05a57329cff22c6d0672581bbf4784b4c90b3bfb5e85b55f604 | 成交价=$0.4000
[2026-05-31 12:44:27.757]      📍 当前状态: down_resting | 动作次数: 3
[2026-05-31 12:44:27.757]   📊 套利边缘: net=-0.4000 | 充足=True | edge=-0.4000 >= min=-0.5000; YES@0.510 cost=0.5100 + NO@0.400 cost=0.4000
[2026-05-31 12:44:54.006] 
[2026-05-31 12:44:54.007]   💤 等待 60s 后进行下次轮询...
[2026-05-31 12:45:54.012] 
[2026-05-31 12:45:54.015] ━━━━━━━━━━━━━━━━━━━━━━━━━━━━━━━━━━━━━━━━━━━━━━━━━━━━━━━━━━━━
[2026-05-31 12:45:54.015]   【 PreOpen 轮次 #32 】 2026-05-31 04:45:54 UTC
[2026-05-31 12:45:59.147] 
[2026-05-31 12:45:59.147]   🔍 【市场发现】共找到 6 个市场
[2026-05-31 12:45:59.148]      ├─ ❌ 过滤 [已开始] btc-updown-5m-1780202100 | 开始于 04:35:00 UTC | tts=-654s
[2026-05-31 12:45:59.148]      ├─ ❌ 过滤 [已开始] btc-updown-5m-1780202400 | 开始于 04:40:00 UTC | tts=-354s
[2026-05-31 12:45:59.149]      └─ ✅ 可交易 btc-updown-5m-1780203000 | 开始 04:50:00 UTC | 结束 04:55:00 UTC | tts=246s
[2026-05-31 12:45:59.149]      └─ ✅ 可交易 btc-updown-5m-1780203300 | 开始 04:55:00 UTC | 结束 05:00:00 UTC | tts=546s
[2026-05-31 12:45:59.149]      ├─ ❌ 过滤 [太远] btc-updown-5m-1780203600 | 开始于 05:00:00 UTC | tts=846s > 600s
[2026-05-31 12:45:59.149] 
[2026-05-31 12:45:59.149]   📊 【汇总】发现 6 个 | 可交易 1 个
[2026-05-31 12:45:59.149]      ├─ 已下单事件排除: 1
[2026-05-31 12:45:59.149]      └─ 时间窗口外: 3
[2026-05-31 12:45:59.149] 
[2026-05-31 12:45:59.149]   📅 【所有市场时间表】(当前: 04:45:54 UTC)
[2026-05-31 12:45:59.149]      🔴 已开始 04:35:00 - 04:40:00 UTC | btc-updown-5m-1780202100 | 开始已过 654s | 已结束
[2026-05-31 12:45:59.149]      🔴 已开始 04:40:00 - 04:45:00 UTC | btc-updown-5m-1780202400 | 开始已过 354s | 已结束
[2026-05-31 12:45:59.149]      🔴 已开始 🧾已下单 04:45:00 - 04:50:00 UTC | btc-updown-5m-1780202700 | 开始已过 54s | 246s后结束
[2026-05-31 12:45:59.149]      ✅ 可交易 04:50:00 - 04:55:00 UTC | btc-updown-5m-1780203000 | 开始246s后 | 546s后结束
[2026-05-31 12:45:59.150]      ✅ 可交易 04:55:00 - 05:00:00 UTC | btc-updown-5m-1780203300 | 开始546s后 | 846s后结束
[2026-05-31 12:45:59.150]      🔜 太远 05:00:00 - 05:05:00 UTC | btc-updown-5m-1780203600 | 开始846s后 | 1146s后结束
[2026-05-31 12:45:59.150]   ✨ 新发现事件: btc-updown-5m-1780203300 | 状态=已发现 | 距开始=546s | 距结束=846s
[2026-05-31 12:45:59.150]   🎯 目标事件: btc-updown-5m-1780203000 | 状态=已发现 | 距开始=246s | 距结束=546s
[2026-05-31 12:45:59.150]   ⏱  距离开始=246.0s | 状态=discovered | 动作次数=0
[2026-05-31 12:45:59.150]   🔄 事件状态: DISCOVERED → READY | btc-updown-5m-1780203000
[2026-05-31 12:46:01.530]   📗 YES下单: ✅ 已下单 | 价格=$0.5100 | 数量=5.0份 | 订单ID=0x27998c116a58451f76c94da19fafad4006bd84be69b2f70d29779fbc7970337c
[2026-05-31 12:46:01.531]   ✅ Bought 5.0 YES shares @ $0.510
[2026-05-31 12:46:07.924]   📙 NO挂单: ✅ 已下单 | 价格=$0.4000 | 数量=5.0份 | 订单ID=0xdb87478d23a873bb8326f6b64291505caab2242dd5cec1741827d2d9d97b4369
[2026-05-31 12:46:07.925]   ✅ Bought 5.0 NO shares @ $0.400
[2026-05-31 12:46:14.440]   🎯 live 事件进度: 10/200
[2026-05-31 12:46:14.441] 
[2026-05-31 12:46:14.441]   ✅ 【已下单】btc-updown-5m-1780203000
[2026-05-31 12:46:14.441]      📗 YES: 订单ID=0x27998c116a58451f76c94da19fafad4006bd84be69b2f70d29779fbc7970337c | 成交价=$0.5100
[2026-05-31 12:46:14.441]      📙 NO: 订单ID=0xdb87478d23a873bb8326f6b64291505caab2242dd5cec1741827d2d9d97b4369 | 成交价=$0.4000
[2026-05-31 12:46:14.441]      📍 当前状态: down_resting | 动作次数: 3
[2026-05-31 12:46:14.441]   📊 套利边缘: net=-0.4000 | 充足=True | edge=-0.4000 >= min=-0.5000; YES@0.510 cost=0.5100 + NO@0.400 cost=0.4000
[2026-05-31 12:46:14.441] 
[2026-05-31 12:46:14.441]   💤 等待 60s 后进行下次轮询...
[2026-05-31 12:47:14.447] 
[2026-05-31 12:47:14.458] ━━━━━━━━━━━━━━━━━━━━━━━━━━━━━━━━━━━━━━━━━━━━━━━━━━━━━━━━━━━━
[2026-05-31 12:47:14.458]   【 PreOpen 轮次 #33 】 2026-05-31 04:47:14 UTC
[2026-05-31 12:47:14.458]   🗑 Pre-GC removed: btc-updown-5m-1780202700 | reason=stale/untradeable
[2026-05-31 12:47:18.945] 
[2026-05-31 12:47:18.946]   🔍 【市场发现】共找到 5 个市场
[2026-05-31 12:47:18.946]      ├─ ❌ 过滤 [已开始] btc-updown-5m-1780202400 | 开始于 04:40:00 UTC | tts=-434s
[2026-05-31 12:47:18.946]      ├─ ❌ 过滤 [已开始] btc-updown-5m-1780202700 | 开始于 04:45:00 UTC | tts=-134s
[2026-05-31 12:47:18.946]      └─ ✅ 可交易 btc-updown-5m-1780203300 | 开始 04:55:00 UTC | 结束 05:00:00 UTC | tts=466s
[2026-05-31 12:47:18.946]      ├─ ❌ 过滤 [太远] btc-updown-5m-1780203600 | 开始于 05:00:00 UTC | tts=766s > 600s
[2026-05-31 12:47:18.946] 
[2026-05-31 12:47:18.946]   📊 【汇总】发现 5 个 | 可交易 0 个
[2026-05-31 12:47:18.946]      ├─ 已下单事件排除: 1
[2026-05-31 12:47:18.946]      └─ 时间窗口外: 3
[2026-05-31 12:47:18.946] 
[2026-05-31 12:47:18.946]   📅 【所有市场时间表】(当前: 04:47:14 UTC)
[2026-05-31 12:47:18.947]      🔴 已开始 04:40:00 - 04:45:00 UTC | btc-updown-5m-1780202400 | 开始已过 434s | 已结束
[2026-05-31 12:47:18.947]      🔴 已开始 04:45:00 - 04:50:00 UTC | btc-updown-5m-1780202700 | 开始已过 134s | 166s后结束
[2026-05-31 12:47:18.947]      ✅ 可交易 🧾已下单 04:50:00 - 04:55:00 UTC | btc-updown-5m-1780203000 | 开始166s后 | 466s后结束
[2026-05-31 12:47:18.947]      ✅ 可交易 04:55:00 - 05:00:00 UTC | btc-updown-5m-1780203300 | 开始466s后 | 766s后结束
[2026-05-31 12:47:18.947]      🔜 太远 05:00:00 - 05:05:00 UTC | btc-updown-5m-1780203600 | 开始766s后 | 1066s后结束
[2026-05-31 12:47:18.947]   🎯 目标事件: btc-updown-5m-1780203000 | 状态=NO挂单中 | 距开始=166s | 距结束=466s
[2026-05-31 12:47:18.947]   ⏱  距离开始=165.6s | 状态=down_resting | 动作次数=3
[2026-05-31 12:47:18.948]   循环检查: ⏭️ 跳过 | 价格=- | 数量=- | 原因: action_count=3 >= max=3
[2026-05-31 12:47:18.948] 
[2026-05-31 12:47:18.948]   ✅ 【已下单】btc-updown-5m-1780203000
[2026-05-31 12:47:18.948]      📗 YES: 订单ID=0x27998c116a58451f76c94da19fafad4006bd84be69b2f70d29779fbc7970337c | 成交价=$0.5100
[2026-05-31 12:47:18.948]      📙 NO: 订单ID=0xdb87478d23a873bb8326f6b64291505caab2242dd5cec1741827d2d9d97b4369 | 成交价=$0.4000
[2026-05-31 12:47:18.948]      📍 当前状态: down_resting | 动作次数: 3
[2026-05-31 12:47:18.948]   📊 套利边缘: net=-0.4000 | 充足=True | edge=-0.4000 >= min=-0.5000; YES@0.510 cost=0.5100 + NO@0.400 cost=0.4000
[2026-05-31 12:47:56.818]   🧾 结算回填: 已追加 2 条 settled 记录到 trades.csv
[2026-05-31 12:47:56.818] 
[2026-05-31 12:47:56.818]   💤 等待 60s 后进行下次轮询...
[2026-05-31 12:48:56.820] 
[2026-05-31 12:48:56.822] ━━━━━━━━━━━━━━━━━━━━━━━━━━━━━━━━━━━━━━━━━━━━━━━━━━━━━━━━━━━━
[2026-05-31 12:48:56.822]   【 PreOpen 轮次 #34 】 2026-05-31 04:48:56 UTC
[2026-05-31 12:49:01.270] 
[2026-05-31 12:49:01.270]   🔍 【市场发现】共找到 5 个市场
[2026-05-31 12:49:01.272]      ├─ ❌ 过滤 [已开始] btc-updown-5m-1780202400 | 开始于 04:40:00 UTC | tts=-537s
[2026-05-31 12:49:01.272]      ├─ ❌ 过滤 [已开始] btc-updown-5m-1780202700 | 开始于 04:45:00 UTC | tts=-237s
[2026-05-31 12:49:01.272]      └─ ✅ 可交易 btc-updown-5m-1780203300 | 开始 04:55:00 UTC | 结束 05:00:00 UTC | tts=363s
[2026-05-31 12:49:01.273]      ├─ ❌ 过滤 [太远] btc-updown-5m-1780203600 | 开始于 05:00:00 UTC | tts=663s > 600s
[2026-05-31 12:49:01.273] 
[2026-05-31 12:49:01.273]   📊 【汇总】发现 5 个 | 可交易 0 个
[2026-05-31 12:49:01.273]      ├─ 已下单事件排除: 1
[2026-05-31 12:49:01.273]      └─ 时间窗口外: 3
[2026-05-31 12:49:01.273] 
[2026-05-31 12:49:01.273]   📅 【所有市场时间表】(当前: 04:48:56 UTC)
[2026-05-31 12:49:01.273]      🔴 已开始 04:40:00 - 04:45:00 UTC | btc-updown-5m-1780202400 | 开始已过 537s | 已结束
[2026-05-31 12:49:01.274]      🔴 已开始 04:45:00 - 04:50:00 UTC | btc-updown-5m-1780202700 | 开始已过 237s | 63s后结束
[2026-05-31 12:49:01.274]      ✅ 可交易 🧾已下单 04:50:00 - 04:55:00 UTC | btc-updown-5m-1780203000 | 开始63s后 | 363s后结束
[2026-05-31 12:49:01.274]      ✅ 可交易 04:55:00 - 05:00:00 UTC | btc-updown-5m-1780203300 | 开始363s后 | 663s后结束
[2026-05-31 12:49:01.274]      🔜 太远 05:00:00 - 05:05:00 UTC | btc-updown-5m-1780203600 | 开始663s后 | 963s后结束
[2026-05-31 12:49:01.275]   🎯 目标事件: btc-updown-5m-1780203000 | 状态=NO挂单中 | 距开始=63s | 距结束=363s
[2026-05-31 12:49:01.275]   ⏱  距离开始=63.2s | 状态=down_resting | 动作次数=3
[2026-05-31 12:49:01.275]   循环检查: ⏭️ 跳过 | 价格=- | 数量=- | 原因: action_count=3 >= max=3
[2026-05-31 12:49:01.275] 
[2026-05-31 12:49:01.275]   ✅ 【已下单】btc-updown-5m-1780203000
[2026-05-31 12:49:01.275]      📗 YES: 订单ID=0x27998c116a58451f76c94da19fafad4006bd84be69b2f70d29779fbc7970337c | 成交价=$0.5100
[2026-05-31 12:49:01.275]      📙 NO: 订单ID=0xdb87478d23a873bb8326f6b64291505caab2242dd5cec1741827d2d9d97b4369 | 成交价=$0.4000
[2026-05-31 12:49:01.275]      📍 当前状态: down_resting | 动作次数: 3
[2026-05-31 12:49:01.275]   📊 套利边缘: net=-0.4000 | 充足=True | edge=-0.4000 >= min=-0.5000; YES@0.510 cost=0.5100 + NO@0.400 cost=0.4000
[2026-05-31 12:49:01.276] 
[2026-05-31 12:49:01.276]   💤 等待 60s 后进行下次轮询...
[2026-05-31 12:50:01.279] 
[2026-05-31 12:50:01.289] ━━━━━━━━━━━━━━━━━━━━━━━━━━━━━━━━━━━━━━━━━━━━━━━━━━━━━━━━━━━━
[2026-05-31 12:50:01.291]   【 PreOpen 轮次 #35 】 2026-05-31 04:50:01 UTC
[2026-05-31 12:50:06.807] 
[2026-05-31 12:50:06.808]   🔍 【市场发现】共找到 6 个市场
[2026-05-31 12:50:06.808]      ├─ ❌ 过滤 [已开始] btc-updown-5m-1780202400 | 开始于 04:40:00 UTC | tts=-601s
[2026-05-31 12:50:06.808]      ├─ ❌ 过滤 [已开始] btc-updown-5m-1780202700 | 开始于 04:45:00 UTC | tts=-301s
[2026-05-31 12:50:06.808]      └─ ✅ 可交易 btc-updown-5m-1780203300 | 开始 04:55:00 UTC | 结束 05:00:00 UTC | tts=299s
[2026-05-31 12:50:06.808]      └─ ✅ 可交易 btc-updown-5m-1780203600 | 开始 05:00:00 UTC | 结束 05:05:00 UTC | tts=599s
[2026-05-31 12:50:06.808]      ├─ ❌ 过滤 [太远] btc-updown-5m-1780203900 | 开始于 05:05:00 UTC | tts=899s > 600s
[2026-05-31 12:50:06.808] 
[2026-05-31 12:50:06.808]   📊 【汇总】发现 6 个 | 可交易 1 个
[2026-05-31 12:50:06.808]      ├─ 已下单事件排除: 1
[2026-05-31 12:50:06.808]      └─ 时间窗口外: 3
[2026-05-31 12:50:06.808] 
[2026-05-31 12:50:06.809]   📅 【所有市场时间表】(当前: 04:50:01 UTC)
[2026-05-31 12:50:06.809]      🔴 已开始 04:40:00 - 04:45:00 UTC | btc-updown-5m-1780202400 | 开始已过 601s | 已结束
[2026-05-31 12:50:06.809]      🔴 已开始 04:45:00 - 04:50:00 UTC | btc-updown-5m-1780202700 | 开始已过 301s | 已结束
[2026-05-31 12:50:06.809]      🔴 已开始 🧾已下单 04:50:00 - 04:55:00 UTC | btc-updown-5m-1780203000 | 开始已过 1s | 299s后结束
[2026-05-31 12:50:06.809]      ✅ 可交易 04:55:00 - 05:00:00 UTC | btc-updown-5m-1780203300 | 开始299s后 | 599s后结束
[2026-05-31 12:50:06.809]      ✅ 可交易 05:00:00 - 05:05:00 UTC | btc-updown-5m-1780203600 | 开始599s后 | 899s后结束
[2026-05-31 12:50:06.809]      🔜 太远 05:05:00 - 05:10:00 UTC | btc-updown-5m-1780203900 | 开始899s后 | 1199s后结束
[2026-05-31 12:50:06.810]   ✨ 新发现事件: btc-updown-5m-1780203600 | 状态=已发现 | 距开始=599s | 距结束=899s
[2026-05-31 12:50:06.810]   🎯 目标事件: btc-updown-5m-1780203300 | 状态=已发现 | 距开始=299s | 距结束=599s
[2026-05-31 12:50:06.810]   ⏱  距离开始=298.7s | 状态=discovered | 动作次数=0
[2026-05-31 12:50:06.810]   🔄 事件状态: DISCOVERED → READY | btc-updown-5m-1780203300
[2026-05-31 12:50:10.858]   📗 YES下单: ✅ 已下单 | 价格=$0.5100 | 数量=5.0份 | 订单ID=0xd0aae34b9693a87c3cc18f8857f4b1c2c311df4b650c6a12afc5afcf575e3b59
[2026-05-31 12:50:10.858]   ✅ Bought 5.0 YES shares @ $0.510
[2026-05-31 12:50:18.337]   📙 NO挂单: ✅ 已下单 | 价格=$0.4000 | 数量=5.0份 | 订单ID=0xddab3ab8cc31076729d73c579d634dc22a9b59d9d34810d0c299fc027f425770
[2026-05-31 12:50:18.337]   ✅ Bought 5.0 NO shares @ $0.400
[2026-05-31 12:50:24.277]   🎯 live 事件进度: 11/200
[2026-05-31 12:50:24.277] 
[2026-05-31 12:50:24.277]   ✅ 【已下单】btc-updown-5m-1780203300
[2026-05-31 12:50:24.277]      📗 YES: 订单ID=0xd0aae34b9693a87c3cc18f8857f4b1c2c311df4b650c6a12afc5afcf575e3b59 | 成交价=$0.5100
[2026-05-31 12:50:24.277]      📙 NO: 订单ID=0xddab3ab8cc31076729d73c579d634dc22a9b59d9d34810d0c299fc027f425770 | 成交价=$0.4000
[2026-05-31 12:50:24.277]      📍 当前状态: down_resting | 动作次数: 3
[2026-05-31 12:50:24.277]   📊 套利边缘: net=-0.4000 | 充足=True | edge=-0.4000 >= min=-0.5000; YES@0.510 cost=0.5100 + NO@0.400 cost=0.4000
[2026-05-31 12:51:05.648] 
[2026-05-31 12:51:05.649]   💤 等待 60s 后进行下次轮询...
[2026-05-31 12:52:05.651] 
[2026-05-31 12:52:05.653] ━━━━━━━━━━━━━━━━━━━━━━━━━━━━━━━━━━━━━━━━━━━━━━━━━━━━━━━━━━━━
[2026-05-31 12:52:05.654]   【 PreOpen 轮次 #36 】 2026-05-31 04:52:05 UTC
[2026-05-31 12:52:05.654]   🗑 Pre-GC removed: btc-updown-5m-1780203000 | reason=stale/untradeable
[2026-05-31 12:52:10.194] 
[2026-05-31 12:52:10.194]   🔍 【市场发现】共找到 5 个市场
[2026-05-31 12:52:10.194]      ├─ ❌ 过滤 [已开始] btc-updown-5m-1780202700 | 开始于 04:45:00 UTC | tts=-426s
[2026-05-31 12:52:10.194]      ├─ ❌ 过滤 [已开始] btc-updown-5m-1780203000 | 开始于 04:50:00 UTC | tts=-126s
[2026-05-31 12:52:10.194]      └─ ✅ 可交易 btc-updown-5m-1780203600 | 开始 05:00:00 UTC | 结束 05:05:00 UTC | tts=474s
[2026-05-31 12:52:10.195]      ├─ ❌ 过滤 [太远] btc-updown-5m-1780203900 | 开始于 05:05:00 UTC | tts=774s > 600s
[2026-05-31 12:52:10.195] 
[2026-05-31 12:52:10.195]   📊 【汇总】发现 5 个 | 可交易 0 个
[2026-05-31 12:52:10.195]      ├─ 已下单事件排除: 1
[2026-05-31 12:52:10.195]      └─ 时间窗口外: 3
[2026-05-31 12:52:10.195] 
[2026-05-31 12:52:10.195]   📅 【所有市场时间表】(当前: 04:52:05 UTC)
[2026-05-31 12:52:10.195]      🔴 已开始 04:45:00 - 04:50:00 UTC | btc-updown-5m-1780202700 | 开始已过 426s | 已结束
[2026-05-31 12:52:10.195]      🔴 已开始 04:50:00 - 04:55:00 UTC | btc-updown-5m-1780203000 | 开始已过 126s | 174s后结束
[2026-05-31 12:52:10.195]      ✅ 可交易 🧾已下单 04:55:00 - 05:00:00 UTC | btc-updown-5m-1780203300 | 开始174s后 | 474s后结束
[2026-05-31 12:52:10.195]      ✅ 可交易 05:00:00 - 05:05:00 UTC | btc-updown-5m-1780203600 | 开始474s后 | 774s后结束
[2026-05-31 12:52:10.195]      🔜 太远 05:05:00 - 05:10:00 UTC | btc-updown-5m-1780203900 | 开始774s后 | 1074s后结束
[2026-05-31 12:52:10.196]   🎯 目标事件: btc-updown-5m-1780203300 | 状态=NO挂单中 | 距开始=174s | 距结束=474s
[2026-05-31 12:52:10.196]   ⏱  距离开始=174.3s | 状态=down_resting | 动作次数=3
[2026-05-31 12:52:10.196]   循环检查: ⏭️ 跳过 | 价格=- | 数量=- | 原因: action_count=3 >= max=3
[2026-05-31 12:52:10.196] 
[2026-05-31 12:52:10.196]   ✅ 【已下单】btc-updown-5m-1780203300
[2026-05-31 12:52:10.196]      📗 YES: 订单ID=0xd0aae34b9693a87c3cc18f8857f4b1c2c311df4b650c6a12afc5afcf575e3b59 | 成交价=$0.5100
[2026-05-31 12:52:10.196]      📙 NO: 订单ID=0xddab3ab8cc31076729d73c579d634dc22a9b59d9d34810d0c299fc027f425770 | 成交价=$0.4000
[2026-05-31 12:52:10.196]      📍 当前状态: down_resting | 动作次数: 3
[2026-05-31 12:52:10.196]   📊 套利边缘: net=-0.4000 | 充足=True | edge=-0.4000 >= min=-0.5000; YES@0.510 cost=0.5100 + NO@0.400 cost=0.4000
[2026-05-31 12:52:10.196] 
[2026-05-31 12:52:10.196]   💤 等待 60s 后进行下次轮询...
[2026-05-31 12:53:10.200] 
[2026-05-31 12:53:10.203] ━━━━━━━━━━━━━━━━━━━━━━━━━━━━━━━━━━━━━━━━━━━━━━━━━━━━━━━━━━━━
[2026-05-31 12:53:10.203]   【 PreOpen 轮次 #37 】 2026-05-31 04:53:10 UTC
[2026-05-31 12:53:14.620] 
[2026-05-31 12:53:14.621]   🔍 【市场发现】共找到 5 个市场
[2026-05-31 12:53:14.621]      ├─ ❌ 过滤 [已开始] btc-updown-5m-1780202700 | 开始于 04:45:00 UTC | tts=-490s
[2026-05-31 12:53:14.621]      ├─ ❌ 过滤 [已开始] btc-updown-5m-1780203000 | 开始于 04:50:00 UTC | tts=-190s
[2026-05-31 12:53:14.621]      └─ ✅ 可交易 btc-updown-5m-1780203600 | 开始 05:00:00 UTC | 结束 05:05:00 UTC | tts=410s
[2026-05-31 12:53:14.622]      ├─ ❌ 过滤 [太远] btc-updown-5m-1780203900 | 开始于 05:05:00 UTC | tts=710s > 600s
[2026-05-31 12:53:14.622] 
[2026-05-31 12:53:14.622]   📊 【汇总】发现 5 个 | 可交易 0 个
[2026-05-31 12:53:14.622]      ├─ 已下单事件排除: 1
[2026-05-31 12:53:14.622]      └─ 时间窗口外: 3
[2026-05-31 12:53:14.622] 
[2026-05-31 12:53:14.622]   📅 【所有市场时间表】(当前: 04:53:10 UTC)
[2026-05-31 12:53:14.622]      🔴 已开始 04:45:00 - 04:50:00 UTC | btc-updown-5m-1780202700 | 开始已过 490s | 已结束
[2026-05-31 12:53:14.622]      🔴 已开始 04:50:00 - 04:55:00 UTC | btc-updown-5m-1780203000 | 开始已过 190s | 110s后结束
[2026-05-31 12:53:14.622]      ✅ 可交易 🧾已下单 04:55:00 - 05:00:00 UTC | btc-updown-5m-1780203300 | 开始110s后 | 410s后结束
[2026-05-31 12:53:14.622]      ✅ 可交易 05:00:00 - 05:05:00 UTC | btc-updown-5m-1780203600 | 开始410s后 | 710s后结束
[2026-05-31 12:53:14.622]      🔜 太远 05:05:00 - 05:10:00 UTC | btc-updown-5m-1780203900 | 开始710s后 | 1010s后结束
[2026-05-31 12:53:14.623]   🎯 目标事件: btc-updown-5m-1780203300 | 状态=NO挂单中 | 距开始=110s | 距结束=410s
[2026-05-31 12:53:14.623]   ⏱  距离开始=109.8s | 状态=down_resting | 动作次数=3
[2026-05-31 12:53:14.623]   循环检查: ⏭️ 跳过 | 价格=- | 数量=- | 原因: action_count=3 >= max=3
[2026-05-31 12:53:14.623] 
[2026-05-31 12:53:14.623]   ✅ 【已下单】btc-updown-5m-1780203300
[2026-05-31 12:53:14.623]      📗 YES: 订单ID=0xd0aae34b9693a87c3cc18f8857f4b1c2c311df4b650c6a12afc5afcf575e3b59 | 成交价=$0.5100
[2026-05-31 12:53:14.623]      📙 NO: 订单ID=0xddab3ab8cc31076729d73c579d634dc22a9b59d9d34810d0c299fc027f425770 | 成交价=$0.4000
[2026-05-31 12:53:14.623]      📍 当前状态: down_resting | 动作次数: 3
[2026-05-31 12:53:14.623]   📊 套利边缘: net=-0.4000 | 充足=True | edge=-0.4000 >= min=-0.5000; YES@0.510 cost=0.5100 + NO@0.400 cost=0.4000
[2026-05-31 12:53:44.484]   🧾 结算回填: 已追加 4 条 settled 记录到 trades.csv
[2026-05-31 12:53:44.485] 
[2026-05-31 12:53:44.485]   💤 等待 60s 后进行下次轮询...
[2026-05-31 12:54:44.488] 
[2026-05-31 12:54:44.491] ━━━━━━━━━━━━━━━━━━━━━━━━━━━━━━━━━━━━━━━━━━━━━━━━━━━━━━━━━━━━
[2026-05-31 12:54:44.491]   【 PreOpen 轮次 #38 】 2026-05-31 04:54:44 UTC
[2026-05-31 12:54:48.971] 
[2026-05-31 12:54:48.971]   🔍 【市场发现】共找到 5 个市场
[2026-05-31 12:54:48.971]      ├─ ❌ 过滤 [已开始] btc-updown-5m-1780202700 | 开始于 04:45:00 UTC | tts=-584s
[2026-05-31 12:54:48.972]      ├─ ❌ 过滤 [已开始] btc-updown-5m-1780203000 | 开始于 04:50:00 UTC | tts=-284s
[2026-05-31 12:54:48.972]      └─ ✅ 可交易 btc-updown-5m-1780203600 | 开始 05:00:00 UTC | 结束 05:05:00 UTC | tts=316s
[2026-05-31 12:54:48.973]      ├─ ❌ 过滤 [太远] btc-updown-5m-1780203900 | 开始于 05:05:00 UTC | tts=616s > 600s
[2026-05-31 12:54:48.973] 
[2026-05-31 12:54:48.973]   📊 【汇总】发现 5 个 | 可交易 0 个
[2026-05-31 12:54:48.973]      ├─ 已下单事件排除: 1
[2026-05-31 12:54:48.973]      └─ 时间窗口外: 3
[2026-05-31 12:54:48.973] 
[2026-05-31 12:54:48.973]   📅 【所有市场时间表】(当前: 04:54:44 UTC)
[2026-05-31 12:54:48.973]      🔴 已开始 04:45:00 - 04:50:00 UTC | btc-updown-5m-1780202700 | 开始已过 584s | 已结束
[2026-05-31 12:54:48.974]      🔴 已开始 04:50:00 - 04:55:00 UTC | btc-updown-5m-1780203000 | 开始已过 284s | 16s后结束
[2026-05-31 12:54:48.974]      ✅ 可交易 🧾已下单 04:55:00 - 05:00:00 UTC | btc-updown-5m-1780203300 | 开始16s后 | 316s后结束
[2026-05-31 12:54:48.974]      ✅ 可交易 05:00:00 - 05:05:00 UTC | btc-updown-5m-1780203600 | 开始316s后 | 616s后结束
[2026-05-31 12:54:48.974]      🔜 太远 05:05:00 - 05:10:00 UTC | btc-updown-5m-1780203900 | 开始616s后 | 916s后结束
[2026-05-31 12:54:48.974]   🎯 目标事件: btc-updown-5m-1780203300 | 状态=NO挂单中 | 距开始=16s | 距结束=316s
[2026-05-31 12:54:48.975]   ⏱  距离开始=15.5s | 状态=down_resting | 动作次数=3
[2026-05-31 12:54:48.975]   循环检查: ⏭️ 跳过 | 价格=- | 数量=- | 原因: action_count=3 >= max=3
[2026-05-31 12:54:48.975] 
[2026-05-31 12:54:48.975]   ✅ 【已下单】btc-updown-5m-1780203300
[2026-05-31 12:54:48.975]      📗 YES: 订单ID=0xd0aae34b9693a87c3cc18f8857f4b1c2c311df4b650c6a12afc5afcf575e3b59 | 成交价=$0.5100
[2026-05-31 12:54:48.975]      📙 NO: 订单ID=0xddab3ab8cc31076729d73c579d634dc22a9b59d9d34810d0c299fc027f425770 | 成交价=$0.4000
[2026-05-31 12:54:48.975]      📍 当前状态: down_resting | 动作次数: 3
[2026-05-31 12:54:48.976]   📊 套利边缘: net=-0.4000 | 充足=True | edge=-0.4000 >= min=-0.5000; YES@0.510 cost=0.5100 + NO@0.400 cost=0.4000
[2026-05-31 12:54:48.976] 
[2026-05-31 12:54:48.976]   💤 等待 60s 后进行下次轮询...
[2026-05-31 12:55:48.977] 
[2026-05-31 12:55:48.979] ━━━━━━━━━━━━━━━━━━━━━━━━━━━━━━━━━━━━━━━━━━━━━━━━━━━━━━━━━━━━
[2026-05-31 12:55:48.980]   【 PreOpen 轮次 #39 】 2026-05-31 04:55:48 UTC
[2026-05-31 12:55:53.435] 
[2026-05-31 12:55:53.435]   🔍 【市场发现】共找到 6 个市场
[2026-05-31 12:55:53.435]      ├─ ❌ 过滤 [已开始] btc-updown-5m-1780202700 | 开始于 04:45:00 UTC | tts=-649s
[2026-05-31 12:55:53.435]      ├─ ❌ 过滤 [已开始] btc-updown-5m-1780203000 | 开始于 04:50:00 UTC | tts=-349s
[2026-05-31 12:55:53.436]      └─ ✅ 可交易 btc-updown-5m-1780203600 | 开始 05:00:00 UTC | 结束 05:05:00 UTC | tts=251s
[2026-05-31 12:55:53.436]      └─ ✅ 可交易 btc-updown-5m-1780203900 | 开始 05:05:00 UTC | 结束 05:10:00 UTC | tts=551s
[2026-05-31 12:55:53.436]      ├─ ❌ 过滤 [太远] btc-updown-5m-1780204200 | 开始于 05:10:00 UTC | tts=851s > 600s
[2026-05-31 12:55:53.436] 
[2026-05-31 12:55:53.436]   📊 【汇总】发现 6 个 | 可交易 1 个
[2026-05-31 12:55:53.436]      ├─ 已下单事件排除: 1
[2026-05-31 12:55:53.436]      └─ 时间窗口外: 3
[2026-05-31 12:55:53.436] 
[2026-05-31 12:55:53.436]   📅 【所有市场时间表】(当前: 04:55:48 UTC)
[2026-05-31 12:55:53.437]      🔴 已开始 04:45:00 - 04:50:00 UTC | btc-updown-5m-1780202700 | 开始已过 649s | 已结束
[2026-05-31 12:55:53.437]      🔴 已开始 04:50:00 - 04:55:00 UTC | btc-updown-5m-1780203000 | 开始已过 349s | 已结束
[2026-05-31 12:55:53.437]      🔴 已开始 🧾已下单 04:55:00 - 05:00:00 UTC | btc-updown-5m-1780203300 | 开始已过 49s | 251s后结束
[2026-05-31 12:55:53.437]      ✅ 可交易 05:00:00 - 05:05:00 UTC | btc-updown-5m-1780203600 | 开始251s后 | 551s后结束
[2026-05-31 12:55:53.437]      ✅ 可交易 05:05:00 - 05:10:00 UTC | btc-updown-5m-1780203900 | 开始551s后 | 851s后结束
[2026-05-31 12:55:53.437]      🔜 太远 05:10:00 - 05:15:00 UTC | btc-updown-5m-1780204200 | 开始851s后 | 1151s后结束
[2026-05-31 12:55:53.437]   ✨ 新发现事件: btc-updown-5m-1780203900 | 状态=已发现 | 距开始=551s | 距结束=851s
[2026-05-31 12:55:53.437]   🎯 目标事件: btc-updown-5m-1780203600 | 状态=已发现 | 距开始=251s | 距结束=551s
[2026-05-31 12:55:53.437]   ⏱  距离开始=251.0s | 状态=discovered | 动作次数=0
[2026-05-31 12:55:53.437]   🔄 事件状态: DISCOVERED → READY | btc-updown-5m-1780203600
[2026-05-31 12:55:55.906]   📗 YES下单: ✅ 已下单 | 价格=$0.5100 | 数量=5.0份 | 订单ID=0x24df29d5fadbb606ffa7efca8d9073c892d7aa6914c58c38c6bd27a6d5400716
[2026-05-31 12:55:55.906]   ✅ Bought 5.0 YES shares @ $0.510
[2026-05-31 12:56:02.877]   📙 NO挂单: ✅ 已下单 | 价格=$0.4000 | 数量=5.0份 | 订单ID=0x6122f55321f3afc110fa1130cf24d3dcbbc66301b4b917d2e6ddc098c4dc5de2
[2026-05-31 12:56:02.877]   ✅ Bought 5.0 NO shares @ $0.400
[2026-05-31 12:56:09.441]   🎯 live 事件进度: 12/200
[2026-05-31 12:56:09.442] 
[2026-05-31 12:56:09.442]   ✅ 【已下单】btc-updown-5m-1780203600
[2026-05-31 12:56:09.442]      📗 YES: 订单ID=0x24df29d5fadbb606ffa7efca8d9073c892d7aa6914c58c38c6bd27a6d5400716 | 成交价=$0.5100
[2026-05-31 12:56:09.442]      📙 NO: 订单ID=0x6122f55321f3afc110fa1130cf24d3dcbbc66301b4b917d2e6ddc098c4dc5de2 | 成交价=$0.4000
[2026-05-31 12:56:09.442]      📍 当前状态: down_resting | 动作次数: 3
[2026-05-31 12:56:09.442]   📊 套利边缘: net=-0.4000 | 充足=True | edge=-0.4000 >= min=-0.5000; YES@0.510 cost=0.5100 + NO@0.400 cost=0.4000
[2026-05-31 12:56:37.177] 
[2026-05-31 12:56:37.178]   💤 等待 60s 后进行下次轮询...
[2026-05-31 12:57:37.184] 
[2026-05-31 12:57:37.186] ━━━━━━━━━━━━━━━━━━━━━━━━━━━━━━━━━━━━━━━━━━━━━━━━━━━━━━━━━━━━
[2026-05-31 12:57:37.186]   【 PreOpen 轮次 #40 】 2026-05-31 04:57:37 UTC
[2026-05-31 12:57:37.187]   🗑 Pre-GC removed: btc-updown-5m-1780203300 | reason=stale/untradeable
[2026-05-31 12:57:42.743] 
[2026-05-31 12:57:42.744]   🔍 【市场发现】共找到 5 个市场
[2026-05-31 12:57:42.744]      ├─ ❌ 过滤 [已开始] btc-updown-5m-1780203000 | 开始于 04:50:00 UTC | tts=-457s
[2026-05-31 12:57:42.744]      ├─ ❌ 过滤 [已开始] btc-updown-5m-1780203300 | 开始于 04:55:00 UTC | tts=-157s
[2026-05-31 12:57:42.744]      └─ ✅ 可交易 btc-updown-5m-1780203900 | 开始 05:05:00 UTC | 结束 05:10:00 UTC | tts=443s
[2026-05-31 12:57:42.745]      ├─ ❌ 过滤 [太远] btc-updown-5m-1780204200 | 开始于 05:10:00 UTC | tts=743s > 600s
[2026-05-31 12:57:42.745] 
[2026-05-31 12:57:42.745]   📊 【汇总】发现 5 个 | 可交易 0 个
[2026-05-31 12:57:42.745]      ├─ 已下单事件排除: 1
[2026-05-31 12:57:42.745]      └─ 时间窗口外: 3
[2026-05-31 12:57:42.745] 
[2026-05-31 12:57:42.745]   📅 【所有市场时间表】(当前: 04:57:37 UTC)
[2026-05-31 12:57:42.745]      🔴 已开始 04:50:00 - 04:55:00 UTC | btc-updown-5m-1780203000 | 开始已过 457s | 已结束
[2026-05-31 12:57:42.745]      🔴 已开始 04:55:00 - 05:00:00 UTC | btc-updown-5m-1780203300 | 开始已过 157s | 143s后结束
[2026-05-31 12:57:42.746]      ✅ 可交易 🧾已下单 05:00:00 - 05:05:00 UTC | btc-updown-5m-1780203600 | 开始143s后 | 443s后结束
[2026-05-31 12:57:42.746]      ✅ 可交易 05:05:00 - 05:10:00 UTC | btc-updown-5m-1780203900 | 开始443s后 | 743s后结束
[2026-05-31 12:57:42.746]      🔜 太远 05:10:00 - 05:15:00 UTC | btc-updown-5m-1780204200 | 开始743s后 | 1043s后结束
[2026-05-31 12:57:42.746]   🎯 目标事件: btc-updown-5m-1780203600 | 状态=NO挂单中 | 距开始=143s | 距结束=443s
[2026-05-31 12:57:42.746]   ⏱  距离开始=142.8s | 状态=down_resting | 动作次数=3
[2026-05-31 12:57:42.746]   循环检查: ⏭️ 跳过 | 价格=- | 数量=- | 原因: action_count=3 >= max=3
[2026-05-31 12:57:42.746] 
[2026-05-31 12:57:42.746]   ✅ 【已下单】btc-updown-5m-1780203600
[2026-05-31 12:57:42.746]      📗 YES: 订单ID=0x24df29d5fadbb606ffa7efca8d9073c892d7aa6914c58c38c6bd27a6d5400716 | 成交价=$0.5100
[2026-05-31 12:57:42.746]      📙 NO: 订单ID=0x6122f55321f3afc110fa1130cf24d3dcbbc66301b4b917d2e6ddc098c4dc5de2 | 成交价=$0.4000
[2026-05-31 12:57:42.746]      📍 当前状态: down_resting | 动作次数: 3
[2026-05-31 12:57:42.747]   📊 套利边缘: net=-0.4000 | 充足=True | edge=-0.4000 >= min=-0.5000; YES@0.510 cost=0.5100 + NO@0.400 cost=0.4000
[2026-05-31 12:57:42.747] 
[2026-05-31 12:57:42.747]   💤 等待 60s 后进行下次轮询...
[2026-05-31 12:58:42.766] 
[2026-05-31 12:58:42.770] ━━━━━━━━━━━━━━━━━━━━━━━━━━━━━━━━━━━━━━━━━━━━━━━━━━━━━━━━━━━━
[2026-05-31 12:58:42.771]   【 PreOpen 轮次 #41 】 2026-05-31 04:58:42 UTC
[2026-05-31 12:58:47.782] 
[2026-05-31 12:58:47.782]   🔍 【市场发现】共找到 5 个市场
[2026-05-31 12:58:47.782]      ├─ ❌ 过滤 [已开始] btc-updown-5m-1780203000 | 开始于 04:50:00 UTC | tts=-523s
[2026-05-31 12:58:47.782]      ├─ ❌ 过滤 [已开始] btc-updown-5m-1780203300 | 开始于 04:55:00 UTC | tts=-223s
[2026-05-31 12:58:47.782]      └─ ✅ 可交易 btc-updown-5m-1780203900 | 开始 05:05:00 UTC | 结束 05:10:00 UTC | tts=377s
[2026-05-31 12:58:47.782]      ├─ ❌ 过滤 [太远] btc-updown-5m-1780204200 | 开始于 05:10:00 UTC | tts=677s > 600s
[2026-05-31 12:58:47.782] 
[2026-05-31 12:58:47.782]   📊 【汇总】发现 5 个 | 可交易 0 个
[2026-05-31 12:58:47.783]      ├─ 已下单事件排除: 1
[2026-05-31 12:58:47.783]      └─ 时间窗口外: 3
[2026-05-31 12:58:47.783] 
[2026-05-31 12:58:47.783]   📅 【所有市场时间表】(当前: 04:58:42 UTC)
[2026-05-31 12:58:47.783]      🔴 已开始 04:50:00 - 04:55:00 UTC | btc-updown-5m-1780203000 | 开始已过 523s | 已结束
[2026-05-31 12:58:47.783]      🔴 已开始 04:55:00 - 05:00:00 UTC | btc-updown-5m-1780203300 | 开始已过 223s | 77s后结束
[2026-05-31 12:58:47.783]      ✅ 可交易 🧾已下单 05:00:00 - 05:05:00 UTC | btc-updown-5m-1780203600 | 开始77s后 | 377s后结束
[2026-05-31 12:58:47.783]      ✅ 可交易 05:05:00 - 05:10:00 UTC | btc-updown-5m-1780203900 | 开始377s后 | 677s后结束
[2026-05-31 12:58:47.783]      🔜 太远 05:10:00 - 05:15:00 UTC | btc-updown-5m-1780204200 | 开始677s后 | 977s后结束
[2026-05-31 12:58:47.783]   🎯 目标事件: btc-updown-5m-1780203600 | 状态=NO挂单中 | 距开始=77s | 距结束=377s
[2026-05-31 12:58:47.783]   ⏱  距离开始=77.2s | 状态=down_resting | 动作次数=3
[2026-05-31 12:58:47.783]   循环检查: ⏭️ 跳过 | 价格=- | 数量=- | 原因: action_count=3 >= max=3
[2026-05-31 12:58:47.784] 
[2026-05-31 12:58:47.784]   ✅ 【已下单】btc-updown-5m-1780203600
[2026-05-31 12:58:47.784]      📗 YES: 订单ID=0x24df29d5fadbb606ffa7efca8d9073c892d7aa6914c58c38c6bd27a6d5400716 | 成交价=$0.5100
[2026-05-31 12:58:47.784]      📙 NO: 订单ID=0x6122f55321f3afc110fa1130cf24d3dcbbc66301b4b917d2e6ddc098c4dc5de2 | 成交价=$0.4000
[2026-05-31 12:58:47.784]      📍 当前状态: down_resting | 动作次数: 3
[2026-05-31 12:58:47.784]   📊 套利边缘: net=-0.4000 | 充足=True | edge=-0.4000 >= min=-0.5000; YES@0.510 cost=0.5100 + NO@0.400 cost=0.4000
[2026-05-31 12:59:15.706] 
[2026-05-31 12:59:15.707]   💤 等待 60s 后进行下次轮询...
[2026-05-31 13:00:15.713] 
[2026-05-31 13:00:15.715] ━━━━━━━━━━━━━━━━━━━━━━━━━━━━━━━━━━━━━━━━━━━━━━━━━━━━━━━━━━━━
[2026-05-31 13:00:15.715]   【 PreOpen 轮次 #42 】 2026-05-31 05:00:15 UTC
[2026-05-31 13:00:21.163] 
[2026-05-31 13:00:21.164]   🔍 【市场发现】共找到 6 个市场
[2026-05-31 13:00:21.164]      ├─ ❌ 过滤 [已开始] btc-updown-5m-1780203000 | 开始于 04:50:00 UTC | tts=-616s
[2026-05-31 13:00:21.164]      ├─ ❌ 过滤 [已开始] btc-updown-5m-1780203300 | 开始于 04:55:00 UTC | tts=-316s
[2026-05-31 13:00:21.164]      └─ ✅ 可交易 btc-updown-5m-1780203900 | 开始 05:05:00 UTC | 结束 05:10:00 UTC | tts=284s
[2026-05-31 13:00:21.165]      └─ ✅ 可交易 btc-updown-5m-1780204200 | 开始 05:10:00 UTC | 结束 05:15:00 UTC | tts=584s
[2026-05-31 13:00:21.165]      ├─ ❌ 过滤 [太远] btc-updown-5m-1780204500 | 开始于 05:15:00 UTC | tts=884s > 600s
[2026-05-31 13:00:21.165] 
[2026-05-31 13:00:21.165]   📊 【汇总】发现 6 个 | 可交易 1 个
[2026-05-31 13:00:21.165]      ├─ 已下单事件排除: 1
[2026-05-31 13:00:21.165]      └─ 时间窗口外: 3
[2026-05-31 13:00:21.165] 
[2026-05-31 13:00:21.165]   📅 【所有市场时间表】(当前: 05:00:15 UTC)
[2026-05-31 13:00:21.165]      🔴 已开始 04:50:00 - 04:55:00 UTC | btc-updown-5m-1780203000 | 开始已过 616s | 已结束
[2026-05-31 13:00:21.165]      🔴 已开始 04:55:00 - 05:00:00 UTC | btc-updown-5m-1780203300 | 开始已过 316s | 已结束
[2026-05-31 13:00:21.165]      🔴 已开始 🧾已下单 05:00:00 - 05:05:00 UTC | btc-updown-5m-1780203600 | 开始已过 16s | 284s后结束
[2026-05-31 13:00:21.166]      ✅ 可交易 05:05:00 - 05:10:00 UTC | btc-updown-5m-1780203900 | 开始284s后 | 584s后结束
[2026-05-31 13:00:21.166]      ✅ 可交易 05:10:00 - 05:15:00 UTC | btc-updown-5m-1780204200 | 开始584s后 | 884s后结束
[2026-05-31 13:00:21.166]      🔜 太远 05:15:00 - 05:20:00 UTC | btc-updown-5m-1780204500 | 开始884s后 | 1184s后结束
[2026-05-31 13:00:21.166]   ✨ 新发现事件: btc-updown-5m-1780204200 | 状态=已发现 | 距开始=584s | 距结束=884s
[2026-05-31 13:00:21.166]   🎯 目标事件: btc-updown-5m-1780203900 | 状态=已发现 | 距开始=284s | 距结束=584s
[2026-05-31 13:00:21.166]   ⏱  距离开始=284.3s | 状态=discovered | 动作次数=0
[2026-05-31 13:00:21.166]   🔄 事件状态: DISCOVERED → READY | btc-updown-5m-1780203900
[2026-05-31 13:00:23.376] [py_clob_client_v2] request error status=400 url=https://clob.polymarket.com/order body={"error":"not enough balance / allowance: the balance is not enough -\u003e balance: 4463566, sum of matched orders: 2637460, order amount (inc. fees): 2000000"}
[2026-05-31 13:00:23.378]   📗 YES下单: ✅ 已下单 | 价格=$0.5100 | 数量=5.0份 | 订单ID=0x9bd15ba52877c7cc9ace54d039e9a998acb8d9b62d86b4f71c5578d822c5ab3b
[2026-05-31 13:00:23.378]   ✅ Bought 5.0 YES shares @ $0.510
[2026-05-31 13:00:30.229]   📙 NO挂单: ❌ 错误 | 价格=$0.4000 | 数量=5.0份 | 原因: direct_clob_failed: PolyApiException[status_code=400, error_message={'error': 'not enough balance / allowance: the balance is not enough -> balance: 4463566, sum of matched orders: 2637460, order amount (inc. fees): 2000000'}]
[2026-05-31 13:00:30.229]   🎯 live 事件进度: 13/200
[2026-05-31 13:00:30.229] 
[2026-05-31 13:00:30.229]   ✅ 【已下单】btc-updown-5m-1780203900
[2026-05-31 13:00:30.229]      📗 YES: 订单ID=0x9bd15ba52877c7cc9ace54d039e9a998acb8d9b62d86b4f71c5578d822c5ab3b | 成交价=$0.5100
[2026-05-31 13:00:30.229]      📍 当前状态: yes_placed | 动作次数: 2
[2026-05-31 13:00:30.229] 
[2026-05-31 13:00:30.229]   💤 等待 60s 后进行下次轮询...
[2026-05-31 13:01:30.235] 
[2026-05-31 13:01:30.238] ━━━━━━━━━━━━━━━━━━━━━━━━━━━━━━━━━━━━━━━━━━━━━━━━━━━━━━━━━━━━
[2026-05-31 13:01:30.238]   【 PreOpen 轮次 #43 】 2026-05-31 05:01:30 UTC
[2026-05-31 13:01:30.238]   🗑 Pre-GC removed: btc-updown-5m-1780203600 | reason=stale/untradeable
[2026-05-31 13:01:36.808] 
[2026-05-31 13:01:36.809]   🔍 【市场发现】共找到 6 个市场
[2026-05-31 13:01:36.809]      ├─ ❌ 过滤 [已开始] btc-updown-5m-1780203000 | 开始于 04:50:00 UTC | tts=-690s
[2026-05-31 13:01:36.810]      ├─ ❌ 过滤 [已开始] btc-updown-5m-1780203300 | 开始于 04:55:00 UTC | tts=-390s
[2026-05-31 13:01:36.810]      ├─ ❌ 过滤 [已开始] btc-updown-5m-1780203600 | 开始于 05:00:00 UTC | tts=-90s
[2026-05-31 13:01:36.810]      └─ ✅ 可交易 btc-updown-5m-1780204200 | 开始 05:10:00 UTC | 结束 05:15:00 UTC | tts=510s
[2026-05-31 13:01:36.810]      ├─ ❌ 过滤 [太远] btc-updown-5m-1780204500 | 开始于 05:15:00 UTC | tts=810s > 600s
[2026-05-31 13:01:36.810] 
[2026-05-31 13:01:36.810]   📊 【汇总】发现 6 个 | 可交易 0 个
[2026-05-31 13:01:36.810]      ├─ 已下单事件排除: 1
[2026-05-31 13:01:36.810]      └─ 时间窗口外: 4
[2026-05-31 13:01:36.810] 
[2026-05-31 13:01:36.810]   📅 【所有市场时间表】(当前: 05:01:30 UTC)
[2026-05-31 13:01:36.810]      🔴 已开始 04:50:00 - 04:55:00 UTC | btc-updown-5m-1780203000 | 开始已过 690s | 已结束
[2026-05-31 13:01:36.810]      🔴 已开始 04:55:00 - 05:00:00 UTC | btc-updown-5m-1780203300 | 开始已过 390s | 已结束
[2026-05-31 13:01:36.810]      🔴 已开始 05:00:00 - 05:05:00 UTC | btc-updown-5m-1780203600 | 开始已过 90s | 210s后结束
[2026-05-31 13:01:36.810]      ✅ 可交易 🧾已下单 05:05:00 - 05:10:00 UTC | btc-updown-5m-1780203900 | 开始210s后 | 510s后结束
[2026-05-31 13:01:36.811]      ✅ 可交易 05:10:00 - 05:15:00 UTC | btc-updown-5m-1780204200 | 开始510s后 | 810s后结束
[2026-05-31 13:01:36.811]      🔜 太远 05:15:00 - 05:20:00 UTC | btc-updown-5m-1780204500 | 开始810s后 | 1110s后结束
[2026-05-31 13:01:36.811]   🎯 目标事件: btc-updown-5m-1780203900 | 状态=YES已下单 | 距开始=210s | 距结束=510s
[2026-05-31 13:01:36.811]   ⏱  距离开始=209.8s | 状态=yes_placed | 动作次数=2
[2026-05-31 13:01:37.555]   📙 NO挂单: ✅ 已下单 | 价格=$0.4000 | 数量=5.0份 | 订单ID=0xeedf4bde00f9408a9d87f4356b83b70b007ef36703d480555b48628d8a7b06b7
[2026-05-31 13:01:37.556]   ✅ Bought 5.0 NO shares @ $0.400
[2026-05-31 13:01:43.584]   🎯 live 事件进度: 13/200
[2026-05-31 13:01:43.585] 
[2026-05-31 13:01:43.585]   ✅ 【已下单】btc-updown-5m-1780203900
[2026-05-31 13:01:43.585]      📗 YES: 订单ID=0x9bd15ba52877c7cc9ace54d039e9a998acb8d9b62d86b4f71c5578d822c5ab3b | 成交价=$0.5100
[2026-05-31 13:01:43.585]      📙 NO: 订单ID=0xeedf4bde00f9408a9d87f4356b83b70b007ef36703d480555b48628d8a7b06b7 | 成交价=$0.4000
[2026-05-31 13:01:43.585]      📍 当前状态: down_resting | 动作次数: 3
[2026-05-31 13:01:43.585]   📊 套利边缘: net=-0.4000 | 充足=True | edge=-0.4000 >= min=-0.5000; YES@0.510 cost=0.5100 + NO@0.400 cost=0.4000
[2026-05-31 13:02:10.572]   🧾 结算回填: 已追加 2 条 settled 记录到 trades.csv
[2026-05-31 13:02:10.572] 
[2026-05-31 13:02:10.572]   💤 等待 60s 后进行下次轮询...
[2026-05-31 13:03:10.575] 
[2026-05-31 13:03:10.579] ━━━━━━━━━━━━━━━━━━━━━━━━━━━━━━━━━━━━━━━━━━━━━━━━━━━━━━━━━━━━
[2026-05-31 13:03:10.579]   【 PreOpen 轮次 #44 】 2026-05-31 05:03:10 UTC
[2026-05-31 13:03:14.883] 
[2026-05-31 13:03:14.883]   🔍 【市场发现】共找到 6 个市场
[2026-05-31 13:03:14.884]      ├─ ❌ 过滤 [已开始] btc-updown-5m-1780203000 | 开始于 04:50:00 UTC | tts=-791s
[2026-05-31 13:03:14.884]      ├─ ❌ 过滤 [已开始] btc-updown-5m-1780203300 | 开始于 04:55:00 UTC | tts=-491s
[2026-05-31 13:03:14.884]      ├─ ❌ 过滤 [已开始] btc-updown-5m-1780203600 | 开始于 05:00:00 UTC | tts=-191s
[2026-05-31 13:03:14.884]      └─ ✅ 可交易 btc-updown-5m-1780204200 | 开始 05:10:00 UTC | 结束 05:15:00 UTC | tts=409s
[2026-05-31 13:03:14.885]      ├─ ❌ 过滤 [太远] btc-updown-5m-1780204500 | 开始于 05:15:00 UTC | tts=709s > 600s
[2026-05-31 13:03:14.885] 
[2026-05-31 13:03:14.885]   📊 【汇总】发现 6 个 | 可交易 0 个
[2026-05-31 13:03:14.885]      ├─ 已下单事件排除: 1
[2026-05-31 13:03:14.885]      └─ 时间窗口外: 4
[2026-05-31 13:03:14.885] 
[2026-05-31 13:03:14.885]   📅 【所有市场时间表】(当前: 05:03:10 UTC)
[2026-05-31 13:03:14.886]      🔴 已开始 04:50:00 - 04:55:00 UTC | btc-updown-5m-1780203000 | 开始已过 791s | 已结束
[2026-05-31 13:03:14.886]      🔴 已开始 04:55:00 - 05:00:00 UTC | btc-updown-5m-1780203300 | 开始已过 491s | 已结束
[2026-05-31 13:03:14.886]      🔴 已开始 05:00:00 - 05:05:00 UTC | btc-updown-5m-1780203600 | 开始已过 191s | 109s后结束
[2026-05-31 13:03:14.886]      ✅ 可交易 🧾已下单 05:05:00 - 05:10:00 UTC | btc-updown-5m-1780203900 | 开始109s后 | 409s后结束
[2026-05-31 13:03:14.886]      ✅ 可交易 05:10:00 - 05:15:00 UTC | btc-updown-5m-1780204200 | 开始409s后 | 709s后结束
[2026-05-31 13:03:14.886]      🔜 太远 05:15:00 - 05:20:00 UTC | btc-updown-5m-1780204500 | 开始709s后 | 1009s后结束
[2026-05-31 13:03:14.886]   🎯 目标事件: btc-updown-5m-1780203900 | 状态=NO挂单中 | 距开始=109s | 距结束=409s
[2026-05-31 13:03:14.886]   ⏱  距离开始=109.4s | 状态=down_resting | 动作次数=3
[2026-05-31 13:03:14.887]   循环检查: ⏭️ 跳过 | 价格=- | 数量=- | 原因: action_count=3 >= max=3
[2026-05-31 13:03:14.887] 
[2026-05-31 13:03:14.887]   ✅ 【已下单】btc-updown-5m-1780203900
[2026-05-31 13:03:14.887]      📗 YES: 订单ID=0x9bd15ba52877c7cc9ace54d039e9a998acb8d9b62d86b4f71c5578d822c5ab3b | 成交价=$0.5100
[2026-05-31 13:03:14.887]      📙 NO: 订单ID=0xeedf4bde00f9408a9d87f4356b83b70b007ef36703d480555b48628d8a7b06b7 | 成交价=$0.4000
[2026-05-31 13:03:14.887]      📍 当前状态: down_resting | 动作次数: 3
[2026-05-31 13:03:14.888]   📊 套利边缘: net=-0.4000 | 充足=True | edge=-0.4000 >= min=-0.5000; YES@0.510 cost=0.5100 + NO@0.400 cost=0.4000
[2026-05-31 13:03:14.888] 
[2026-05-31 13:03:14.888]   💤 等待 60s 后进行下次轮询...
[2026-05-31 13:04:14.725] 
[2026-05-31 13:04:14.728] ━━━━━━━━━━━━━━━━━━━━━━━━━━━━━━━━━━━━━━━━━━━━━━━━━━━━━━━━━━━━
[2026-05-31 13:04:14.728]   【 PreOpen 轮次 #45 】 2026-05-31 05:04:14 UTC
[2026-05-31 13:04:19.069] 
[2026-05-31 13:04:19.070]   🔍 【市场发现】共找到 5 个市场
[2026-05-31 13:04:19.070]      ├─ ❌ 过滤 [已开始] btc-updown-5m-1780203300 | 开始于 04:55:00 UTC | tts=-555s
[2026-05-31 13:04:19.070]      ├─ ❌ 过滤 [已开始] btc-updown-5m-1780203600 | 开始于 05:00:00 UTC | tts=-255s
[2026-05-31 13:04:19.072]      └─ ✅ 可交易 btc-updown-5m-1780204200 | 开始 05:10:00 UTC | 结束 05:15:00 UTC | tts=345s
[2026-05-31 13:04:19.072]      ├─ ❌ 过滤 [太远] btc-updown-5m-1780204500 | 开始于 05:15:00 UTC | tts=645s > 600s
[2026-05-31 13:04:19.072] 
[2026-05-31 13:04:19.072]   📊 【汇总】发现 5 个 | 可交易 0 个
[2026-05-31 13:04:19.072]      ├─ 已下单事件排除: 1
[2026-05-31 13:04:19.072]      └─ 时间窗口外: 3
[2026-05-31 13:04:19.072] 
[2026-05-31 13:04:19.072]   📅 【所有市场时间表】(当前: 05:04:14 UTC)
[2026-05-31 13:04:19.073]      🔴 已开始 04:55:00 - 05:00:00 UTC | btc-updown-5m-1780203300 | 开始已过 555s | 已结束
[2026-05-31 13:04:19.073]      🔴 已开始 05:00:00 - 05:05:00 UTC | btc-updown-5m-1780203600 | 开始已过 255s | 45s后结束
[2026-05-31 13:04:19.073]      ✅ 可交易 🧾已下单 05:05:00 - 05:10:00 UTC | btc-updown-5m-1780203900 | 开始45s后 | 345s后结束
[2026-05-31 13:04:19.073]      ✅ 可交易 05:10:00 - 05:15:00 UTC | btc-updown-5m-1780204200 | 开始345s后 | 645s后结束
[2026-05-31 13:04:19.073]      🔜 太远 05:15:00 - 05:20:00 UTC | btc-updown-5m-1780204500 | 开始645s后 | 945s后结束
[2026-05-31 13:04:19.074]   🎯 目标事件: btc-updown-5m-1780203900 | 状态=NO挂单中 | 距开始=45s | 距结束=345s
[2026-05-31 13:04:19.074]   ⏱  距离开始=45.3s | 状态=down_resting | 动作次数=3
[2026-05-31 13:04:19.074]   循环检查: ⏭️ 跳过 | 价格=- | 数量=- | 原因: action_count=3 >= max=3
[2026-05-31 13:04:19.074] 
[2026-05-31 13:04:19.074]   ✅ 【已下单】btc-updown-5m-1780203900
[2026-05-31 13:04:19.075]      📗 YES: 订单ID=0x9bd15ba52877c7cc9ace54d039e9a998acb8d9b62d86b4f71c5578d822c5ab3b | 成交价=$0.5100
[2026-05-31 13:04:19.075]      📙 NO: 订单ID=0xeedf4bde00f9408a9d87f4356b83b70b007ef36703d480555b48628d8a7b06b7 | 成交价=$0.4000
[2026-05-31 13:04:19.075]      📍 当前状态: down_resting | 动作次数: 3
[2026-05-31 13:04:19.075]   📊 套利边缘: net=-0.4000 | 充足=True | edge=-0.4000 >= min=-0.5000; YES@0.510 cost=0.5100 + NO@0.400 cost=0.4000
[2026-05-31 13:04:44.675] 
[2026-05-31 13:04:44.676]   💤 等待 60s 后进行下次轮询...
[2026-05-31 13:05:44.681] 
[2026-05-31 13:05:44.683] ━━━━━━━━━━━━━━━━━━━━━━━━━━━━━━━━━━━━━━━━━━━━━━━━━━━━━━━━━━━━
[2026-05-31 13:05:44.684]   【 PreOpen 轮次 #46 】 2026-05-31 05:05:44 UTC
[2026-05-31 13:05:49.165] 
[2026-05-31 13:05:49.165]   🔍 【市场发现】共找到 6 个市场
[2026-05-31 13:05:49.165]      ├─ ❌ 过滤 [已开始] btc-updown-5m-1780203300 | 开始于 04:55:00 UTC | tts=-645s
[2026-05-31 13:05:49.165]      ├─ ❌ 过滤 [已开始] btc-updown-5m-1780203600 | 开始于 05:00:00 UTC | tts=-345s
[2026-05-31 13:05:49.166]      └─ ✅ 可交易 btc-updown-5m-1780204200 | 开始 05:10:00 UTC | 结束 05:15:00 UTC | tts=255s
[2026-05-31 13:05:49.166]      └─ ✅ 可交易 btc-updown-5m-1780204500 | 开始 05:15:00 UTC | 结束 05:20:00 UTC | tts=555s
[2026-05-31 13:05:49.166]      ├─ ❌ 过滤 [太远] btc-updown-5m-1780204800 | 开始于 05:20:00 UTC | tts=855s > 600s
[2026-05-31 13:05:49.166] 
[2026-05-31 13:05:49.166]   📊 【汇总】发现 6 个 | 可交易 1 个
[2026-05-31 13:05:49.166]      ├─ 已下单事件排除: 1
[2026-05-31 13:05:49.166]      └─ 时间窗口外: 3
[2026-05-31 13:05:49.166] 
[2026-05-31 13:05:49.166]   📅 【所有市场时间表】(当前: 05:05:44 UTC)
[2026-05-31 13:05:49.167]      🔴 已开始 04:55:00 - 05:00:00 UTC | btc-updown-5m-1780203300 | 开始已过 645s | 已结束
[2026-05-31 13:05:49.167]      🔴 已开始 05:00:00 - 05:05:00 UTC | btc-updown-5m-1780203600 | 开始已过 345s | 已结束
[2026-05-31 13:05:49.167]      🔴 已开始 🧾已下单 05:05:00 - 05:10:00 UTC | btc-updown-5m-1780203900 | 开始已过 45s | 255s后结束
[2026-05-31 13:05:49.167]      ✅ 可交易 05:10:00 - 05:15:00 UTC | btc-updown-5m-1780204200 | 开始255s后 | 555s后结束
[2026-05-31 13:05:49.167]      ✅ 可交易 05:15:00 - 05:20:00 UTC | btc-updown-5m-1780204500 | 开始555s后 | 855s后结束
[2026-05-31 13:05:49.167]      🔜 太远 05:20:00 - 05:25:00 UTC | btc-updown-5m-1780204800 | 开始855s后 | 1155s后结束
[2026-05-31 13:05:49.167]   ✨ 新发现事件: btc-updown-5m-1780204500 | 状态=已发现 | 距开始=555s | 距结束=855s
[2026-05-31 13:05:49.167]   🎯 目标事件: btc-updown-5m-1780204200 | 状态=已发现 | 距开始=255s | 距结束=555s
[2026-05-31 13:05:49.167]   ⏱  距离开始=255.3s | 状态=discovered | 动作次数=0
[2026-05-31 13:05:49.168]   🔄 事件状态: DISCOVERED → READY | btc-updown-5m-1780204200
[2026-05-31 13:05:51.523]   📗 YES下单: ✅ 已下单 | 价格=$0.5100 | 数量=5.0份 | 订单ID=0x6951927137bbe24c2f6ee866dff3ec64f96bbe8714b19094ad2da5125a95699e
[2026-05-31 13:05:51.524]   ✅ Bought 5.0 YES shares @ $0.510
[2026-05-31 13:05:58.512]   📙 NO挂单: ✅ 已下单 | 价格=$0.4000 | 数量=5.0份 | 订单ID=0x3668e799558b0b8dac9747bb5288045e208dd3a7d4358cc64cc7e13d9bb2a0ba
[2026-05-31 13:05:58.512]   ✅ Bought 5.0 NO shares @ $0.400
[2026-05-31 13:06:05.193]   🎯 live 事件进度: 14/200
[2026-05-31 13:06:05.195] 
[2026-05-31 13:06:05.199]   ✅ 【已下单】btc-updown-5m-1780204200
[2026-05-31 13:06:05.200]      📗 YES: 订单ID=0x6951927137bbe24c2f6ee866dff3ec64f96bbe8714b19094ad2da5125a95699e | 成交价=$0.5100
[2026-05-31 13:06:05.204]      📙 NO: 订单ID=0x3668e799558b0b8dac9747bb5288045e208dd3a7d4358cc64cc7e13d9bb2a0ba | 成交价=$0.4000
[2026-05-31 13:06:05.204]      📍 当前状态: down_resting | 动作次数: 3
[2026-05-31 13:06:05.204]   📊 套利边缘: net=-0.4000 | 充足=True | edge=-0.4000 >= min=-0.5000; YES@0.510 cost=0.5100 + NO@0.400 cost=0.4000
[2026-05-31 13:06:05.205] 
[2026-05-31 13:06:05.205]   💤 等待 60s 后进行下次轮询...
[2026-05-31 13:07:05.206] 
[2026-05-31 13:07:05.208] ━━━━━━━━━━━━━━━━━━━━━━━━━━━━━━━━━━━━━━━━━━━━━━━━━━━━━━━━━━━━
[2026-05-31 13:07:05.208]   【 PreOpen 轮次 #47 】 2026-05-31 05:07:05 UTC
[2026-05-31 13:07:05.209]   🗑 Pre-GC removed: btc-updown-5m-1780203900 | reason=stale/untradeable
[2026-05-31 13:07:09.671] 
[2026-05-31 13:07:09.672]   🔍 【市场发现】共找到 6 个市场
[2026-05-31 13:07:09.672]      ├─ ❌ 过滤 [已开始] btc-updown-5m-1780203300 | 开始于 04:55:00 UTC | tts=-725s
[2026-05-31 13:07:09.672]      ├─ ❌ 过滤 [已开始] btc-updown-5m-1780203600 | 开始于 05:00:00 UTC | tts=-425s
[2026-05-31 13:07:09.673]      ├─ ❌ 过滤 [已开始] btc-updown-5m-1780203900 | 开始于 05:05:00 UTC | tts=-125s
[2026-05-31 13:07:09.673]      └─ ✅ 可交易 btc-updown-5m-1780204500 | 开始 05:15:00 UTC | 结束 05:20:00 UTC | tts=475s
[2026-05-31 13:07:09.673]      ├─ ❌ 过滤 [太远] btc-updown-5m-1780204800 | 开始于 05:20:00 UTC | tts=775s > 600s
[2026-05-31 13:07:09.673] 
[2026-05-31 13:07:09.673]   📊 【汇总】发现 6 个 | 可交易 0 个
[2026-05-31 13:07:09.673]      ├─ 已下单事件排除: 1
[2026-05-31 13:07:09.673]      └─ 时间窗口外: 4
[2026-05-31 13:07:09.673] 
[2026-05-31 13:07:09.673]   📅 【所有市场时间表】(当前: 05:07:05 UTC)
[2026-05-31 13:07:09.674]      🔴 已开始 04:55:00 - 05:00:00 UTC | btc-updown-5m-1780203300 | 开始已过 725s | 已结束
[2026-05-31 13:07:09.674]      🔴 已开始 05:00:00 - 05:05:00 UTC | btc-updown-5m-1780203600 | 开始已过 425s | 已结束
[2026-05-31 13:07:09.674]      🔴 已开始 05:05:00 - 05:10:00 UTC | btc-updown-5m-1780203900 | 开始已过 125s | 175s后结束
[2026-05-31 13:07:09.674]      ✅ 可交易 🧾已下单 05:10:00 - 05:15:00 UTC | btc-updown-5m-1780204200 | 开始175s后 | 475s后结束
[2026-05-31 13:07:09.674]      ✅ 可交易 05:15:00 - 05:20:00 UTC | btc-updown-5m-1780204500 | 开始475s后 | 775s后结束
[2026-05-31 13:07:09.674]      🔜 太远 05:20:00 - 05:25:00 UTC | btc-updown-5m-1780204800 | 开始775s后 | 1075s后结束
[2026-05-31 13:07:09.675]   🎯 目标事件: btc-updown-5m-1780204200 | 状态=NO挂单中 | 距开始=175s | 距结束=475s
[2026-05-31 13:07:09.675]   ⏱  距离开始=174.8s | 状态=down_resting | 动作次数=3
[2026-05-31 13:07:09.675]   循环检查: ⏭️ 跳过 | 价格=- | 数量=- | 原因: action_count=3 >= max=3
[2026-05-31 13:07:09.675] 
[2026-05-31 13:07:09.675]   ✅ 【已下单】btc-updown-5m-1780204200
[2026-05-31 13:07:09.676]      📗 YES: 订单ID=0x6951927137bbe24c2f6ee866dff3ec64f96bbe8714b19094ad2da5125a95699e | 成交价=$0.5100
[2026-05-31 13:07:09.676]      📙 NO: 订单ID=0x3668e799558b0b8dac9747bb5288045e208dd3a7d4358cc64cc7e13d9bb2a0ba | 成交价=$0.4000
[2026-05-31 13:07:09.676]      📍 当前状态: down_resting | 动作次数: 3
[2026-05-31 13:07:09.676]   📊 套利边缘: net=-0.4000 | 充足=True | edge=-0.4000 >= min=-0.5000; YES@0.510 cost=0.5100 + NO@0.400 cost=0.4000
[2026-05-31 13:07:36.662]   🧾 结算回填: 已追加 2 条 settled 记录到 trades.csv
[2026-05-31 13:07:36.662] 
[2026-05-31 13:07:36.663]   💤 等待 60s 后进行下次轮询...
[2026-05-31 13:08:36.663] 
[2026-05-31 13:08:36.668] ━━━━━━━━━━━━━━━━━━━━━━━━━━━━━━━━━━━━━━━━━━━━━━━━━━━━━━━━━━━━
[2026-05-31 13:08:36.669]   【 PreOpen 轮次 #48 】 2026-05-31 05:08:36 UTC
[2026-05-31 13:08:42.001] 
[2026-05-31 13:08:42.001]   🔍 【市场发现】共找到 5 个市场
[2026-05-31 13:08:42.001]      ├─ ❌ 过滤 [已开始] btc-updown-5m-1780203600 | 开始于 05:00:00 UTC | tts=-517s
[2026-05-31 13:08:42.001]      ├─ ❌ 过滤 [已开始] btc-updown-5m-1780203900 | 开始于 05:05:00 UTC | tts=-217s
[2026-05-31 13:08:42.001]      └─ ✅ 可交易 btc-updown-5m-1780204500 | 开始 05:15:00 UTC | 结束 05:20:00 UTC | tts=383s
[2026-05-31 13:08:42.001]      ├─ ❌ 过滤 [太远] btc-updown-5m-1780204800 | 开始于 05:20:00 UTC | tts=683s > 600s
[2026-05-31 13:08:42.001] 
[2026-05-31 13:08:42.001]   📊 【汇总】发现 5 个 | 可交易 0 个
[2026-05-31 13:08:42.001]      ├─ 已下单事件排除: 1
[2026-05-31 13:08:42.001]      └─ 时间窗口外: 3
[2026-05-31 13:08:42.002] 
[2026-05-31 13:08:42.002]   📅 【所有市场时间表】(当前: 05:08:36 UTC)
[2026-05-31 13:08:42.002]      🔴 已开始 05:00:00 - 05:05:00 UTC | btc-updown-5m-1780203600 | 开始已过 517s | 已结束
[2026-05-31 13:08:42.002]      🔴 已开始 05:05:00 - 05:10:00 UTC | btc-updown-5m-1780203900 | 开始已过 217s | 83s后结束
[2026-05-31 13:08:42.002]      ✅ 可交易 🧾已下单 05:10:00 - 05:15:00 UTC | btc-updown-5m-1780204200 | 开始83s后 | 383s后结束
[2026-05-31 13:08:42.002]      ✅ 可交易 05:15:00 - 05:20:00 UTC | btc-updown-5m-1780204500 | 开始383s后 | 683s后结束
[2026-05-31 13:08:42.002]      🔜 太远 05:20:00 - 05:25:00 UTC | btc-updown-5m-1780204800 | 开始683s后 | 983s后结束
[2026-05-31 13:08:42.002]   🎯 目标事件: btc-updown-5m-1780204200 | 状态=NO挂单中 | 距开始=83s | 距结束=383s
[2026-05-31 13:08:42.002]   ⏱  距离开始=83.3s | 状态=down_resting | 动作次数=3
[2026-05-31 13:08:42.002]   循环检查: ⏭️ 跳过 | 价格=- | 数量=- | 原因: action_count=3 >= max=3
[2026-05-31 13:08:42.002] 
[2026-05-31 13:08:42.002]   ✅ 【已下单】btc-updown-5m-1780204200
[2026-05-31 13:08:42.002]      📗 YES: 订单ID=0x6951927137bbe24c2f6ee866dff3ec64f96bbe8714b19094ad2da5125a95699e | 成交价=$0.5100
[2026-05-31 13:08:42.002]      📙 NO: 订单ID=0x3668e799558b0b8dac9747bb5288045e208dd3a7d4358cc64cc7e13d9bb2a0ba | 成交价=$0.4000
[2026-05-31 13:08:42.002]      📍 当前状态: down_resting | 动作次数: 3
[2026-05-31 13:08:42.002]   📊 套利边缘: net=-0.4000 | 充足=True | edge=-0.4000 >= min=-0.5000; YES@0.510 cost=0.5100 + NO@0.400 cost=0.4000
[2026-05-31 13:08:42.002] 
[2026-05-31 13:08:42.002]   💤 等待 60s 后进行下次轮询...
[2026-05-31 13:09:42.004] 
[2026-05-31 13:09:42.006] ━━━━━━━━━━━━━━━━━━━━━━━━━━━━━━━━━━━━━━━━━━━━━━━━━━━━━━━━━━━━
[2026-05-31 13:09:42.007]   【 PreOpen 轮次 #49 】 2026-05-31 05:09:42 UTC
[2026-05-31 13:09:47.313] 
[2026-05-31 13:09:47.313]   🔍 【市场发现】共找到 4 个市场
[2026-05-31 13:09:47.313]      ├─ ❌ 过滤 [已开始] btc-updown-5m-1780203900 | 开始于 05:05:00 UTC | tts=-282s
[2026-05-31 13:09:47.314]      └─ ✅ 可交易 btc-updown-5m-1780204500 | 开始 05:15:00 UTC | 结束 05:20:00 UTC | tts=318s
[2026-05-31 13:09:47.314]      ├─ ❌ 过滤 [太远] btc-updown-5m-1780204800 | 开始于 05:20:00 UTC | tts=618s > 600s
[2026-05-31 13:09:47.314] 
[2026-05-31 13:09:47.314]   📊 【汇总】发现 4 个 | 可交易 0 个
[2026-05-31 13:09:47.314]      ├─ 已下单事件排除: 1
[2026-05-31 13:09:47.314]      └─ 时间窗口外: 2
[2026-05-31 13:09:47.314] 
[2026-05-31 13:09:47.314]   📅 【所有市场时间表】(当前: 05:09:42 UTC)
[2026-05-31 13:09:47.314]      🔴 已开始 05:05:00 - 05:10:00 UTC | btc-updown-5m-1780203900 | 开始已过 282s | 18s后结束
[2026-05-31 13:09:47.314]      ✅ 可交易 🧾已下单 05:10:00 - 05:15:00 UTC | btc-updown-5m-1780204200 | 开始18s后 | 318s后结束
[2026-05-31 13:09:47.314]      ✅ 可交易 05:15:00 - 05:20:00 UTC | btc-updown-5m-1780204500 | 开始318s后 | 618s后结束
[2026-05-31 13:09:47.314]      🔜 太远 05:20:00 - 05:25:00 UTC | btc-updown-5m-1780204800 | 开始618s后 | 918s后结束
[2026-05-31 13:09:47.314]   🎯 目标事件: btc-updown-5m-1780204200 | 状态=NO挂单中 | 距开始=18s | 距结束=318s
[2026-05-31 13:09:47.314]   ⏱  距离开始=18.0s | 状态=down_resting | 动作次数=3
[2026-05-31 13:09:47.314]   循环检查: ⏭️ 跳过 | 价格=- | 数量=- | 原因: action_count=3 >= max=3
[2026-05-31 13:09:47.315] 
[2026-05-31 13:09:47.315]   ✅ 【已下单】btc-updown-5m-1780204200
[2026-05-31 13:09:47.315]      📗 YES: 订单ID=0x6951927137bbe24c2f6ee866dff3ec64f96bbe8714b19094ad2da5125a95699e | 成交价=$0.5100
[2026-05-31 13:09:47.315]      📙 NO: 订单ID=0x3668e799558b0b8dac9747bb5288045e208dd3a7d4358cc64cc7e13d9bb2a0ba | 成交价=$0.4000
[2026-05-31 13:09:47.315]      📍 当前状态: down_resting | 动作次数: 3
[2026-05-31 13:09:47.315]   📊 套利边缘: net=-0.4000 | 充足=True | edge=-0.4000 >= min=-0.5000; YES@0.510 cost=0.5100 + NO@0.400 cost=0.4000
[2026-05-31 13:10:07.950]   🧾 结算回填: 已追加 2 条 settled 记录到 trades.csv
[2026-05-31 13:10:07.950] 
[2026-05-31 13:10:07.950]   💤 等待 60s 后进行下次轮询...
[2026-05-31 13:11:07.951] 
[2026-05-31 13:11:07.953] ━━━━━━━━━━━━━━━━━━━━━━━━━━━━━━━━━━━━━━━━━━━━━━━━━━━━━━━━━━━━
[2026-05-31 13:11:07.953]   【 PreOpen 轮次 #50 】 2026-05-31 05:11:07 UTC
[2026-05-31 13:11:07.954]   🗑 Pre-GC removed: btc-updown-5m-1780204200 | reason=stale/untradeable
[2026-05-31 13:11:13.265] 
[2026-05-31 13:11:13.271]   🔍 【市场发现】共找到 5 个市场
[2026-05-31 13:11:13.273]      ├─ ❌ 过滤 [已开始] btc-updown-5m-1780203900 | 开始于 05:05:00 UTC | tts=-368s
[2026-05-31 13:11:13.273]      ├─ ❌ 过滤 [已开始] btc-updown-5m-1780204200 | 开始于 05:10:00 UTC | tts=-68s
[2026-05-31 13:11:13.277]      └─ ✅ 可交易 btc-updown-5m-1780204500 | 开始 05:15:00 UTC | 结束 05:20:00 UTC | tts=232s
[2026-05-31 13:11:13.278]      └─ ✅ 可交易 btc-updown-5m-1780204800 | 开始 05:20:00 UTC | 结束 05:25:00 UTC | tts=532s
[2026-05-31 13:11:13.278]      ├─ ❌ 过滤 [太远] btc-updown-5m-1780205100 | 开始于 05:25:00 UTC | tts=832s > 600s
[2026-05-31 13:11:13.278] 
[2026-05-31 13:11:13.278]   📊 【汇总】发现 5 个 | 可交易 1 个
[2026-05-31 13:11:13.278]      └─ 时间窗口外: 3
[2026-05-31 13:11:13.278] 
[2026-05-31 13:11:13.278]   📅 【所有市场时间表】(当前: 05:11:07 UTC)
[2026-05-31 13:11:13.279]      🔴 已开始 05:05:00 - 05:10:00 UTC | btc-updown-5m-1780203900 | 开始已过 368s | 已结束
[2026-05-31 13:11:13.279]      🔴 已开始 05:10:00 - 05:15:00 UTC | btc-updown-5m-1780204200 | 开始已过 68s | 232s后结束
[2026-05-31 13:11:13.279]      ✅ 可交易 05:15:00 - 05:20:00 UTC | btc-updown-5m-1780204500 | 开始232s后 | 532s后结束
[2026-05-31 13:11:13.279]      ✅ 可交易 05:20:00 - 05:25:00 UTC | btc-updown-5m-1780204800 | 开始532s后 | 832s后结束
[2026-05-31 13:11:13.279]      🔜 太远 05:25:00 - 05:30:00 UTC | btc-updown-5m-1780205100 | 开始832s后 | 1132s后结束
[2026-05-31 13:11:13.279]   ✨ 新发现事件: btc-updown-5m-1780204800 | 状态=已发现 | 距开始=532s | 距结束=832s
[2026-05-31 13:11:13.279]   🎯 目标事件: btc-updown-5m-1780204500 | 状态=已发现 | 距开始=232s | 距结束=532s
[2026-05-31 13:11:13.279]   ⏱  距离开始=232.0s | 状态=discovered | 动作次数=0
[2026-05-31 13:11:13.279]   🔄 事件状态: DISCOVERED → READY | btc-updown-5m-1780204500
[2026-05-31 13:11:16.232]   📗 YES下单: ✅ 已下单 | 价格=$0.5100 | 数量=5.0份 | 订单ID=0x6490ec4d031a61f935dd2bb753e951e837b0b7c88c6f873cf0ff608db0621dec
[2026-05-31 13:11:16.232]   ✅ Bought 5.0 YES shares @ $0.510
[2026-05-31 13:11:23.255]   📙 NO挂单: ✅ 已下单 | 价格=$0.4000 | 数量=5.0份 | 订单ID=0x3b5415ba406ef256b85f69b6a477a617ed786702b983b4ec9d7088e1bda30a64
[2026-05-31 13:11:23.255]   ✅ Bought 5.0 NO shares @ $0.400
[2026-05-31 13:11:30.572]   🎯 live 事件进度: 15/200
[2026-05-31 13:11:30.572] 
[2026-05-31 13:11:30.572]   ✅ 【已下单】btc-updown-5m-1780204500
[2026-05-31 13:11:30.572]      📗 YES: 订单ID=0x6490ec4d031a61f935dd2bb753e951e837b0b7c88c6f873cf0ff608db0621dec | 成交价=$0.5100
[2026-05-31 13:11:30.572]      📙 NO: 订单ID=0x3b5415ba406ef256b85f69b6a477a617ed786702b983b4ec9d7088e1bda30a64 | 成交价=$0.4000
[2026-05-31 13:11:30.572]      📍 当前状态: down_resting | 动作次数: 3
[2026-05-31 13:11:30.572]   📊 套利边缘: net=-0.4000 | 充足=True | edge=-0.4000 >= min=-0.5000; YES@0.510 cost=0.5100 + NO@0.400 cost=0.4000
[2026-05-31 13:11:30.572] 
[2026-05-31 13:11:30.572]   💤 等待 60s 后进行下次轮询...
[2026-05-31 13:12:30.576] 
[2026-05-31 13:12:30.579] ━━━━━━━━━━━━━━━━━━━━━━━━━━━━━━━━━━━━━━━━━━━━━━━━━━━━━━━━━━━━
[2026-05-31 13:12:30.579]   【 PreOpen 轮次 #51 】 2026-05-31 05:12:30 UTC
[2026-05-31 13:12:36.953] 
[2026-05-31 13:12:36.955]   🔍 【市场发现】共找到 5 个市场
[2026-05-31 13:12:36.955]      ├─ ❌ 过滤 [已开始] btc-updown-5m-1780203900 | 开始于 05:05:00 UTC | tts=-451s
[2026-05-31 13:12:36.955]      ├─ ❌ 过滤 [已开始] btc-updown-5m-1780204200 | 开始于 05:10:00 UTC | tts=-151s
[2026-05-31 13:12:36.955]      └─ ✅ 可交易 btc-updown-5m-1780204800 | 开始 05:20:00 UTC | 结束 05:25:00 UTC | tts=449s
[2026-05-31 13:12:36.955]      ├─ ❌ 过滤 [太远] btc-updown-5m-1780205100 | 开始于 05:25:00 UTC | tts=749s > 600s
[2026-05-31 13:12:36.955] 
[2026-05-31 13:12:36.956]   📊 【汇总】发现 5 个 | 可交易 0 个
[2026-05-31 13:12:36.956]      ├─ 已下单事件排除: 1
[2026-05-31 13:12:36.956]      └─ 时间窗口外: 3
[2026-05-31 13:12:36.956] 
[2026-05-31 13:12:36.956]   📅 【所有市场时间表】(当前: 05:12:30 UTC)
[2026-05-31 13:12:36.956]      🔴 已开始 05:05:00 - 05:10:00 UTC | btc-updown-5m-1780203900 | 开始已过 451s | 已结束
[2026-05-31 13:12:36.956]      🔴 已开始 05:10:00 - 05:15:00 UTC | btc-updown-5m-1780204200 | 开始已过 151s | 149s后结束
[2026-05-31 13:12:36.956]      ✅ 可交易 🧾已下单 05:15:00 - 05:20:00 UTC | btc-updown-5m-1780204500 | 开始149s后 | 449s后结束
[2026-05-31 13:12:36.956]      ✅ 可交易 05:20:00 - 05:25:00 UTC | btc-updown-5m-1780204800 | 开始449s后 | 749s后结束
[2026-05-31 13:12:36.956]      🔜 太远 05:25:00 - 05:30:00 UTC | btc-updown-5m-1780205100 | 开始749s后 | 1049s后结束
[2026-05-31 13:12:36.956]   🎯 目标事件: btc-updown-5m-1780204500 | 状态=NO挂单中 | 距开始=149s | 距结束=449s
[2026-05-31 13:12:36.956]   ⏱  距离开始=149.4s | 状态=down_resting | 动作次数=3
[2026-05-31 13:12:36.956]   循环检查: ⏭️ 跳过 | 价格=- | 数量=- | 原因: action_count=3 >= max=3
[2026-05-31 13:12:36.957] 
[2026-05-31 13:12:36.957]   ✅ 【已下单】btc-updown-5m-1780204500
[2026-05-31 13:12:36.957]      📗 YES: 订单ID=0x6490ec4d031a61f935dd2bb753e951e837b0b7c88c6f873cf0ff608db0621dec | 成交价=$0.5100
[2026-05-31 13:12:36.957]      📙 NO: 订单ID=0x3b5415ba406ef256b85f69b6a477a617ed786702b983b4ec9d7088e1bda30a64 | 成交价=$0.4000
[2026-05-31 13:12:36.957]      📍 当前状态: down_resting | 动作次数: 3
[2026-05-31 13:12:36.957]   📊 套利边缘: net=-0.4000 | 充足=True | edge=-0.4000 >= min=-0.5000; YES@0.510 cost=0.5100 + NO@0.400 cost=0.4000
[2026-05-31 13:13:04.804] 
[2026-05-31 13:13:04.805]   💤 等待 60s 后进行下次轮询...
[2026-05-31 13:14:04.810] 
[2026-05-31 13:14:04.816] ━━━━━━━━━━━━━━━━━━━━━━━━━━━━━━━━━━━━━━━━━━━━━━━━━━━━━━━━━━━━
[2026-05-31 13:14:04.820]   【 PreOpen 轮次 #52 】 2026-05-31 05:14:04 UTC
[2026-05-31 13:14:09.898] 
[2026-05-31 13:14:09.898]   🔍 【市场发现】共找到 5 个市场
[2026-05-31 13:14:09.899]      ├─ ❌ 过滤 [已开始] btc-updown-5m-1780203900 | 开始于 05:05:00 UTC | tts=-545s
[2026-05-31 13:14:09.899]      ├─ ❌ 过滤 [已开始] btc-updown-5m-1780204200 | 开始于 05:10:00 UTC | tts=-245s
[2026-05-31 13:14:09.899]      └─ ✅ 可交易 btc-updown-5m-1780204800 | 开始 05:20:00 UTC | 结束 05:25:00 UTC | tts=355s
[2026-05-31 13:14:09.900]      ├─ ❌ 过滤 [太远] btc-updown-5m-1780205100 | 开始于 05:25:00 UTC | tts=655s > 600s
[2026-05-31 13:14:09.900] 
[2026-05-31 13:14:09.901]   📊 【汇总】发现 5 个 | 可交易 0 个
[2026-05-31 13:14:09.901]      ├─ 已下单事件排除: 1
[2026-05-31 13:14:09.901]      └─ 时间窗口外: 3
[2026-05-31 13:14:09.901] 
[2026-05-31 13:14:09.901]   📅 【所有市场时间表】(当前: 05:14:04 UTC)
[2026-05-31 13:14:09.901]      🔴 已开始 05:05:00 - 05:10:00 UTC | btc-updown-5m-1780203900 | 开始已过 545s | 已结束
[2026-05-31 13:14:09.901]      🔴 已开始 05:10:00 - 05:15:00 UTC | btc-updown-5m-1780204200 | 开始已过 245s | 55s后结束
[2026-05-31 13:14:09.902]      ✅ 可交易 🧾已下单 05:15:00 - 05:20:00 UTC | btc-updown-5m-1780204500 | 开始55s后 | 355s后结束
[2026-05-31 13:14:09.902]      ✅ 可交易 05:20:00 - 05:25:00 UTC | btc-updown-5m-1780204800 | 开始355s后 | 655s后结束
[2026-05-31 13:14:09.902]      🔜 太远 05:25:00 - 05:30:00 UTC | btc-updown-5m-1780205100 | 开始655s后 | 955s后结束
[2026-05-31 13:14:09.903]   🎯 目标事件: btc-updown-5m-1780204500 | 状态=NO挂单中 | 距开始=55s | 距结束=355s
[2026-05-31 13:14:09.903]   ⏱  距离开始=55.2s | 状态=down_resting | 动作次数=3
[2026-05-31 13:14:09.903]   循环检查: ⏭️ 跳过 | 价格=- | 数量=- | 原因: action_count=3 >= max=3
[2026-05-31 13:14:09.904] 
[2026-05-31 13:14:09.904]   ✅ 【已下单】btc-updown-5m-1780204500
[2026-05-31 13:14:09.904]      📗 YES: 订单ID=0x6490ec4d031a61f935dd2bb753e951e837b0b7c88c6f873cf0ff608db0621dec | 成交价=$0.5100
[2026-05-31 13:14:09.904]      📙 NO: 订单ID=0x3b5415ba406ef256b85f69b6a477a617ed786702b983b4ec9d7088e1bda30a64 | 成交价=$0.4000
[2026-05-31 13:14:09.904]      📍 当前状态: down_resting | 动作次数: 3
[2026-05-31 13:14:09.905]   📊 套利边缘: net=-0.4000 | 充足=True | edge=-0.4000 >= min=-0.5000; YES@0.510 cost=0.5100 + NO@0.400 cost=0.4000
[2026-05-31 13:14:09.905] 
[2026-05-31 13:14:09.905]   💤 等待 60s 后进行下次轮询...
[2026-05-31 13:15:09.908] 
[2026-05-31 13:15:09.911] ━━━━━━━━━━━━━━━━━━━━━━━━━━━━━━━━━━━━━━━━━━━━━━━━━━━━━━━━━━━━
[2026-05-31 13:15:09.911]   【 PreOpen 轮次 #53 】 2026-05-31 05:15:09 UTC
[2026-05-31 13:15:14.973] 
[2026-05-31 13:15:14.974]   🔍 【市场发现】共找到 5 个市场
[2026-05-31 13:15:14.974]      ├─ ❌ 过滤 [已开始] btc-updown-5m-1780204200 | 开始于 05:10:00 UTC | tts=-310s
[2026-05-31 13:15:14.974]      └─ ✅ 可交易 btc-updown-5m-1780204800 | 开始 05:20:00 UTC | 结束 05:25:00 UTC | tts=290s
[2026-05-31 13:15:14.975]      └─ ✅ 可交易 btc-updown-5m-1780205100 | 开始 05:25:00 UTC | 结束 05:30:00 UTC | tts=590s
[2026-05-31 13:15:14.975]      ├─ ❌ 过滤 [太远] btc-updown-5m-1780205400 | 开始于 05:30:00 UTC | tts=890s > 600s
[2026-05-31 13:15:14.975] 
[2026-05-31 13:15:14.975]   📊 【汇总】发现 5 个 | 可交易 1 个
[2026-05-31 13:15:14.975]      ├─ 已下单事件排除: 1
[2026-05-31 13:15:14.975]      └─ 时间窗口外: 2
[2026-05-31 13:15:14.975] 
[2026-05-31 13:15:14.975]   📅 【所有市场时间表】(当前: 05:15:09 UTC)
[2026-05-31 13:15:14.975]      🔴 已开始 05:10:00 - 05:15:00 UTC | btc-updown-5m-1780204200 | 开始已过 310s | 已结束
[2026-05-31 13:15:14.975]      🔴 已开始 🧾已下单 05:15:00 - 05:20:00 UTC | btc-updown-5m-1780204500 | 开始已过 10s | 290s后结束
[2026-05-31 13:15:14.975]      ✅ 可交易 05:20:00 - 05:25:00 UTC | btc-updown-5m-1780204800 | 开始290s后 | 590s后结束
[2026-05-31 13:15:14.975]      ✅ 可交易 05:25:00 - 05:30:00 UTC | btc-updown-5m-1780205100 | 开始590s后 | 890s后结束
[2026-05-31 13:15:14.976]      🔜 太远 05:30:00 - 05:35:00 UTC | btc-updown-5m-1780205400 | 开始890s后 | 1190s后结束
[2026-05-31 13:15:14.976]   ✨ 新发现事件: btc-updown-5m-1780205100 | 状态=已发现 | 距开始=590s | 距结束=890s
[2026-05-31 13:15:14.976]   🎯 目标事件: btc-updown-5m-1780204800 | 状态=已发现 | 距开始=290s | 距结束=590s
[2026-05-31 13:15:14.976]   ⏱  距离开始=290.1s | 状态=discovered | 动作次数=0
[2026-05-31 13:15:14.976]   🔄 事件状态: DISCOVERED → READY | btc-updown-5m-1780204800
[2026-05-31 13:15:17.799]   📗 YES下单: ✅ 已下单 | 价格=$0.5100 | 数量=5.0份 | 订单ID=0x3ca72b79b491034519f9d879b1a6b97acb0d16fb0b1e765e4e009c3a4318de70
[2026-05-31 13:15:17.806]   ✅ Bought 5.0 YES shares @ $0.510
[2026-05-31 13:15:24.366]   📙 NO挂单: ✅ 已下单 | 价格=$0.4000 | 数量=5.0份 | 订单ID=0x6077c9a92de8c3f4178020da5527f0f64dedb194f59539f52b71c31a5bb7261a
[2026-05-31 13:15:24.366]   ✅ Bought 5.0 NO shares @ $0.400
[2026-05-31 13:15:31.044]   🎯 live 事件进度: 16/200
[2026-05-31 13:15:31.044] 
[2026-05-31 13:15:31.044]   ✅ 【已下单】btc-updown-5m-1780204800
[2026-05-31 13:15:31.044]      📗 YES: 订单ID=0x3ca72b79b491034519f9d879b1a6b97acb0d16fb0b1e765e4e009c3a4318de70 | 成交价=$0.5100
[2026-05-31 13:15:31.044]      📙 NO: 订单ID=0x6077c9a92de8c3f4178020da5527f0f64dedb194f59539f52b71c31a5bb7261a | 成交价=$0.4000
[2026-05-31 13:15:31.044]      📍 当前状态: down_resting | 动作次数: 3
[2026-05-31 13:15:31.044]   📊 套利边缘: net=-0.4000 | 充足=True | edge=-0.4000 >= min=-0.5000; YES@0.510 cost=0.5100 + NO@0.400 cost=0.4000
[2026-05-31 13:16:00.286]   🧾 结算回填: 已追加 2 条 settled 记录到 trades.csv
[2026-05-31 13:16:00.287] 
[2026-05-31 13:16:00.287]   💤 等待 60s 后进行下次轮询...
[2026-05-31 13:17:00.289] 
[2026-05-31 13:17:00.291] ━━━━━━━━━━━━━━━━━━━━━━━━━━━━━━━━━━━━━━━━━━━━━━━━━━━━━━━━━━━━
[2026-05-31 13:17:00.291]   【 PreOpen 轮次 #54 】 2026-05-31 05:17:00 UTC
[2026-05-31 13:17:00.293]   🗑 Pre-GC removed: btc-updown-5m-1780204500 | reason=stale/untradeable
[2026-05-31 13:17:04.808] 
[2026-05-31 13:17:04.808]   🔍 【市场发现】共找到 5 个市场
[2026-05-31 13:17:04.809]      ├─ ❌ 过滤 [已开始] btc-updown-5m-1780204200 | 开始于 05:10:00 UTC | tts=-420s
[2026-05-31 13:17:04.809]      ├─ ❌ 过滤 [已开始] btc-updown-5m-1780204500 | 开始于 05:15:00 UTC | tts=-120s
[2026-05-31 13:17:04.809]      └─ ✅ 可交易 btc-updown-5m-1780205100 | 开始 05:25:00 UTC | 结束 05:30:00 UTC | tts=480s
[2026-05-31 13:17:04.810]      ├─ ❌ 过滤 [太远] btc-updown-5m-1780205400 | 开始于 05:30:00 UTC | tts=780s > 600s
[2026-05-31 13:17:04.810] 
[2026-05-31 13:17:04.810]   📊 【汇总】发现 5 个 | 可交易 0 个
[2026-05-31 13:17:04.810]      ├─ 已下单事件排除: 1
[2026-05-31 13:17:04.810]      └─ 时间窗口外: 3
[2026-05-31 13:17:04.810] 
[2026-05-31 13:17:04.810]   📅 【所有市场时间表】(当前: 05:17:00 UTC)
[2026-05-31 13:17:04.810]      🔴 已开始 05:10:00 - 05:15:00 UTC | btc-updown-5m-1780204200 | 开始已过 420s | 已结束
[2026-05-31 13:17:04.811]      🔴 已开始 05:15:00 - 05:20:00 UTC | btc-updown-5m-1780204500 | 开始已过 120s | 180s后结束
[2026-05-31 13:17:04.812]      ✅ 可交易 🧾已下单 05:20:00 - 05:25:00 UTC | btc-updown-5m-1780204800 | 开始180s后 | 480s后结束
[2026-05-31 13:17:04.812]      ✅ 可交易 05:25:00 - 05:30:00 UTC | btc-updown-5m-1780205100 | 开始480s后 | 780s后结束
[2026-05-31 13:17:04.812]      🔜 太远 05:30:00 - 05:35:00 UTC | btc-updown-5m-1780205400 | 开始780s后 | 1080s后结束
[2026-05-31 13:17:04.812]   🎯 目标事件: btc-updown-5m-1780204800 | 状态=NO挂单中 | 距开始=180s | 距结束=480s
[2026-05-31 13:17:04.812]   ⏱  距离开始=179.7s | 状态=down_resting | 动作次数=3
[2026-05-31 13:17:04.812]   循环检查: ⏭️ 跳过 | 价格=- | 数量=- | 原因: action_count=3 >= max=3
[2026-05-31 13:17:04.812] 
[2026-05-31 13:17:04.812]   ✅ 【已下单】btc-updown-5m-1780204800
[2026-05-31 13:17:04.813]      📗 YES: 订单ID=0x3ca72b79b491034519f9d879b1a6b97acb0d16fb0b1e765e4e009c3a4318de70 | 成交价=$0.5100
[2026-05-31 13:17:04.813]      📙 NO: 订单ID=0x6077c9a92de8c3f4178020da5527f0f64dedb194f59539f52b71c31a5bb7261a | 成交价=$0.4000
[2026-05-31 13:17:04.813]      📍 当前状态: down_resting | 动作次数: 3
[2026-05-31 13:17:04.813]   📊 套利边缘: net=-0.4000 | 充足=True | edge=-0.4000 >= min=-0.5000; YES@0.510 cost=0.5100 + NO@0.400 cost=0.4000
[2026-05-31 13:17:04.813] 
[2026-05-31 13:17:04.813]   💤 等待 60s 后进行下次轮询...
[2026-05-31 13:18:04.817] 
[2026-05-31 13:18:04.820] ━━━━━━━━━━━━━━━━━━━━━━━━━━━━━━━━━━━━━━━━━━━━━━━━━━━━━━━━━━━━
[2026-05-31 13:18:04.820]   【 PreOpen 轮次 #55 】 2026-05-31 05:18:04 UTC
[2026-05-31 13:18:09.817] 
[2026-05-31 13:18:09.817]   🔍 【市场发现】共找到 5 个市场
[2026-05-31 13:18:09.817]      ├─ ❌ 过滤 [已开始] btc-updown-5m-1780204200 | 开始于 05:10:00 UTC | tts=-485s
[2026-05-31 13:18:09.817]      ├─ ❌ 过滤 [已开始] btc-updown-5m-1780204500 | 开始于 05:15:00 UTC | tts=-185s
[2026-05-31 13:18:09.818]      └─ ✅ 可交易 btc-updown-5m-1780205100 | 开始 05:25:00 UTC | 结束 05:30:00 UTC | tts=415s
[2026-05-31 13:18:09.818]      ├─ ❌ 过滤 [太远] btc-updown-5m-1780205400 | 开始于 05:30:00 UTC | tts=715s > 600s
[2026-05-31 13:18:09.818] 
[2026-05-31 13:18:09.818]   📊 【汇总】发现 5 个 | 可交易 0 个
[2026-05-31 13:18:09.818]      ├─ 已下单事件排除: 1
[2026-05-31 13:18:09.818]      └─ 时间窗口外: 3
[2026-05-31 13:18:09.819] 
[2026-05-31 13:18:09.819]   📅 【所有市场时间表】(当前: 05:18:04 UTC)
[2026-05-31 13:18:09.819]      🔴 已开始 05:10:00 - 05:15:00 UTC | btc-updown-5m-1780204200 | 开始已过 485s | 已结束
[2026-05-31 13:18:09.820]      🔴 已开始 05:15:00 - 05:20:00 UTC | btc-updown-5m-1780204500 | 开始已过 185s | 115s后结束
[2026-05-31 13:18:09.820]      ✅ 可交易 🧾已下单 05:20:00 - 05:25:00 UTC | btc-updown-5m-1780204800 | 开始115s后 | 415s后结束
[2026-05-31 13:18:09.820]      ✅ 可交易 05:25:00 - 05:30:00 UTC | btc-updown-5m-1780205100 | 开始415s后 | 715s后结束
[2026-05-31 13:18:09.820]      🔜 太远 05:30:00 - 05:35:00 UTC | btc-updown-5m-1780205400 | 开始715s后 | 1015s后结束
[2026-05-31 13:18:09.820]   🎯 目标事件: btc-updown-5m-1780204800 | 状态=NO挂单中 | 距开始=115s | 距结束=415s
[2026-05-31 13:18:09.820]   ⏱  距离开始=115.2s | 状态=down_resting | 动作次数=3
[2026-05-31 13:18:09.821]   循环检查: ⏭️ 跳过 | 价格=- | 数量=- | 原因: action_count=3 >= max=3
[2026-05-31 13:18:09.821] 
[2026-05-31 13:18:09.821]   ✅ 【已下单】btc-updown-5m-1780204800
[2026-05-31 13:18:09.821]      📗 YES: 订单ID=0x3ca72b79b491034519f9d879b1a6b97acb0d16fb0b1e765e4e009c3a4318de70 | 成交价=$0.5100
[2026-05-31 13:18:09.821]      📙 NO: 订单ID=0x6077c9a92de8c3f4178020da5527f0f64dedb194f59539f52b71c31a5bb7261a | 成交价=$0.4000
[2026-05-31 13:18:09.821]      📍 当前状态: down_resting | 动作次数: 3
[2026-05-31 13:18:09.821]   📊 套利边缘: net=-0.4000 | 充足=True | edge=-0.4000 >= min=-0.5000; YES@0.510 cost=0.5100 + NO@0.400 cost=0.4000
[2026-05-31 13:18:37.768] 
[2026-05-31 13:18:37.773]   💤 等待 60s 后进行下次轮询...
[2026-05-31 13:19:37.780] 
[2026-05-31 13:19:37.783] ━━━━━━━━━━━━━━━━━━━━━━━━━━━━━━━━━━━━━━━━━━━━━━━━━━━━━━━━━━━━
[2026-05-31 13:19:37.783]   【 PreOpen 轮次 #56 】 2026-05-31 05:19:37 UTC
[2026-05-31 13:19:42.547] 
[2026-05-31 13:19:42.547]   🔍 【市场发现】共找到 5 个市场
[2026-05-31 13:19:42.548]      ├─ ❌ 过滤 [已开始] btc-updown-5m-1780204200 | 开始于 05:10:00 UTC | tts=-578s
[2026-05-31 13:19:42.548]      ├─ ❌ 过滤 [已开始] btc-updown-5m-1780204500 | 开始于 05:15:00 UTC | tts=-278s
[2026-05-31 13:19:42.549]      └─ ✅ 可交易 btc-updown-5m-1780205100 | 开始 05:25:00 UTC | 结束 05:30:00 UTC | tts=322s
[2026-05-31 13:19:42.550]      ├─ ❌ 过滤 [太远] btc-updown-5m-1780205400 | 开始于 05:30:00 UTC | tts=622s > 600s
[2026-05-31 13:19:42.550] 
[2026-05-31 13:19:42.550]   📊 【汇总】发现 5 个 | 可交易 0 个
[2026-05-31 13:19:42.550]      ├─ 已下单事件排除: 1
[2026-05-31 13:19:42.550]      └─ 时间窗口外: 3
[2026-05-31 13:19:42.550] 
[2026-05-31 13:19:42.550]   📅 【所有市场时间表】(当前: 05:19:37 UTC)
[2026-05-31 13:19:42.551]      🔴 已开始 05:10:00 - 05:15:00 UTC | btc-updown-5m-1780204200 | 开始已过 578s | 已结束
[2026-05-31 13:19:42.551]      🔴 已开始 05:15:00 - 05:20:00 UTC | btc-updown-5m-1780204500 | 开始已过 278s | 22s后结束
[2026-05-31 13:19:42.551]      ✅ 可交易 🧾已下单 05:20:00 - 05:25:00 UTC | btc-updown-5m-1780204800 | 开始22s后 | 322s后结束
[2026-05-31 13:19:42.551]      ✅ 可交易 05:25:00 - 05:30:00 UTC | btc-updown-5m-1780205100 | 开始322s后 | 622s后结束
[2026-05-31 13:19:42.551]      🔜 太远 05:30:00 - 05:35:00 UTC | btc-updown-5m-1780205400 | 开始622s后 | 922s后结束
[2026-05-31 13:19:42.551]   🎯 目标事件: btc-updown-5m-1780204800 | 状态=NO挂单中 | 距开始=22s | 距结束=322s
[2026-05-31 13:19:42.551]   ⏱  距离开始=22.2s | 状态=down_resting | 动作次数=3
[2026-05-31 13:19:42.551]   循环检查: ⏭️ 跳过 | 价格=- | 数量=- | 原因: action_count=3 >= max=3
[2026-05-31 13:19:42.551] 
[2026-05-31 13:19:42.551]   ✅ 【已下单】btc-updown-5m-1780204800
[2026-05-31 13:19:42.551]      📗 YES: 订单ID=0x3ca72b79b491034519f9d879b1a6b97acb0d16fb0b1e765e4e009c3a4318de70 | 成交价=$0.5100
[2026-05-31 13:19:42.552]      📙 NO: 订单ID=0x6077c9a92de8c3f4178020da5527f0f64dedb194f59539f52b71c31a5bb7261a | 成交价=$0.4000
[2026-05-31 13:19:42.552]      📍 当前状态: down_resting | 动作次数: 3
[2026-05-31 13:19:42.552]   📊 套利边缘: net=-0.4000 | 充足=True | edge=-0.4000 >= min=-0.5000; YES@0.510 cost=0.5100 + NO@0.400 cost=0.4000
[2026-05-31 13:19:42.552] 
[2026-05-31 13:19:42.552]   💤 等待 60s 后进行下次轮询...
[2026-05-31 13:20:42.556] 
[2026-05-31 13:20:42.560] ━━━━━━━━━━━━━━━━━━━━━━━━━━━━━━━━━━━━━━━━━━━━━━━━━━━━━━━━━━━━
[2026-05-31 13:20:42.560]   【 PreOpen 轮次 #57 】 2026-05-31 05:20:42 UTC
[2026-05-31 13:20:47.795] 
[2026-05-31 13:20:47.795]   🔍 【市场发现】共找到 6 个市场
[2026-05-31 13:20:47.795]      ├─ ❌ 过滤 [已开始] btc-updown-5m-1780204200 | 开始于 05:10:00 UTC | tts=-643s
[2026-05-31 13:20:47.796]      ├─ ❌ 过滤 [已开始] btc-updown-5m-1780204500 | 开始于 05:15:00 UTC | tts=-343s
[2026-05-31 13:20:47.797]      └─ ✅ 可交易 btc-updown-5m-1780205100 | 开始 05:25:00 UTC | 结束 05:30:00 UTC | tts=257s
[2026-05-31 13:20:47.797]      └─ ✅ 可交易 btc-updown-5m-1780205400 | 开始 05:30:00 UTC | 结束 05:35:00 UTC | tts=557s
[2026-05-31 13:20:47.797]      ├─ ❌ 过滤 [太远] btc-updown-5m-1780205700 | 开始于 05:35:00 UTC | tts=857s > 600s
[2026-05-31 13:20:47.797] 
[2026-05-31 13:20:47.797]   📊 【汇总】发现 6 个 | 可交易 1 个
[2026-05-31 13:20:47.797]      ├─ 已下单事件排除: 1
[2026-05-31 13:20:47.797]      └─ 时间窗口外: 3
[2026-05-31 13:20:47.797] 
[2026-05-31 13:20:47.797]   📅 【所有市场时间表】(当前: 05:20:42 UTC)
[2026-05-31 13:20:47.797]      🔴 已开始 05:10:00 - 05:15:00 UTC | btc-updown-5m-1780204200 | 开始已过 643s | 已结束
[2026-05-31 13:20:47.797]      🔴 已开始 05:15:00 - 05:20:00 UTC | btc-updown-5m-1780204500 | 开始已过 343s | 已结束
[2026-05-31 13:20:47.798]      🔴 已开始 🧾已下单 05:20:00 - 05:25:00 UTC | btc-updown-5m-1780204800 | 开始已过 43s | 257s后结束
[2026-05-31 13:20:47.798]      ✅ 可交易 05:25:00 - 05:30:00 UTC | btc-updown-5m-1780205100 | 开始257s后 | 557s后结束
[2026-05-31 13:20:47.798]      ✅ 可交易 05:30:00 - 05:35:00 UTC | btc-updown-5m-1780205400 | 开始557s后 | 857s后结束
[2026-05-31 13:20:47.798]      🔜 太远 05:35:00 - 05:40:00 UTC | btc-updown-5m-1780205700 | 开始857s后 | 1157s后结束
[2026-05-31 13:20:47.798]   ✨ 新发现事件: btc-updown-5m-1780205400 | 状态=已发现 | 距开始=557s | 距结束=857s
[2026-05-31 13:20:47.798]   🎯 目标事件: btc-updown-5m-1780205100 | 状态=已发现 | 距开始=257s | 距结束=557s
[2026-05-31 13:20:47.798]   ⏱  距离开始=257.4s | 状态=discovered | 动作次数=0
[2026-05-31 13:20:47.798]   🔄 事件状态: DISCOVERED → READY | btc-updown-5m-1780205100
[2026-05-31 13:20:50.779]   📗 YES下单: ✅ 已下单 | 价格=$0.5100 | 数量=5.0份 | 订单ID=0x32944b103c280c9f692b69440c7caa18e9d836debde19472644a4b91e5b8aeb9
[2026-05-31 13:20:50.780]   ✅ Bought 5.0 YES shares @ $0.510
[2026-05-31 13:20:57.290]   📙 NO挂单: ✅ 已下单 | 价格=$0.4000 | 数量=5.0份 | 订单ID=0xf1b140269b96fe9b8aaefc63b612988111f9771f58d04533fdd1051eec817663
[2026-05-31 13:20:57.290]   ✅ Bought 5.0 NO shares @ $0.400
[2026-05-31 13:21:03.488]   🎯 live 事件进度: 17/200
[2026-05-31 13:21:03.489] 
[2026-05-31 13:21:03.489]   ✅ 【已下单】btc-updown-5m-1780205100
[2026-05-31 13:21:03.490]      📗 YES: 订单ID=0x32944b103c280c9f692b69440c7caa18e9d836debde19472644a4b91e5b8aeb9 | 成交价=$0.5100
[2026-05-31 13:21:03.490]      📙 NO: 订单ID=0xf1b140269b96fe9b8aaefc63b612988111f9771f58d04533fdd1051eec817663 | 成交价=$0.4000
[2026-05-31 13:21:03.490]      📍 当前状态: down_resting | 动作次数: 3
[2026-05-31 13:21:03.490]   📊 套利边缘: net=-0.4000 | 充足=True | edge=-0.4000 >= min=-0.5000; YES@0.510 cost=0.5100 + NO@0.400 cost=0.4000
[2026-05-31 13:21:38.468] 
[2026-05-31 13:21:38.470]   💤 等待 60s 后进行下次轮询...
[2026-05-31 13:22:38.474] 
[2026-05-31 13:22:38.478] ━━━━━━━━━━━━━━━━━━━━━━━━━━━━━━━━━━━━━━━━━━━━━━━━━━━━━━━━━━━━
[2026-05-31 13:22:38.479]   【 PreOpen 轮次 #58 】 2026-05-31 05:22:38 UTC
[2026-05-31 13:22:38.480]   🗑 Pre-GC removed: btc-updown-5m-1780204800 | reason=stale/untradeable
[2026-05-31 13:22:43.441] 
[2026-05-31 13:22:43.442]   🔍 【市场发现】共找到 6 个市场
[2026-05-31 13:22:43.442]      ├─ ❌ 过滤 [已开始] btc-updown-5m-1780204200 | 开始于 05:10:00 UTC | tts=-758s
[2026-05-31 13:22:43.443]      ├─ ❌ 过滤 [已开始] btc-updown-5m-1780204500 | 开始于 05:15:00 UTC | tts=-458s
[2026-05-31 13:22:43.443]      ├─ ❌ 过滤 [已开始] btc-updown-5m-1780204800 | 开始于 05:20:00 UTC | tts=-158s
[2026-05-31 13:22:43.443]      └─ ✅ 可交易 btc-updown-5m-1780205400 | 开始 05:30:00 UTC | 结束 05:35:00 UTC | tts=442s
[2026-05-31 13:22:43.443]      ├─ ❌ 过滤 [太远] btc-updown-5m-1780205700 | 开始于 05:35:00 UTC | tts=742s > 600s
[2026-05-31 13:22:43.444] 
[2026-05-31 13:22:43.444]   📊 【汇总】发现 6 个 | 可交易 0 个
[2026-05-31 13:22:43.444]      ├─ 已下单事件排除: 1
[2026-05-31 13:22:43.444]      └─ 时间窗口外: 4
[2026-05-31 13:22:43.444] 
[2026-05-31 13:22:43.444]   📅 【所有市场时间表】(当前: 05:22:38 UTC)
[2026-05-31 13:22:43.444]      🔴 已开始 05:10:00 - 05:15:00 UTC | btc-updown-5m-1780204200 | 开始已过 758s | 已结束
[2026-05-31 13:22:43.444]      🔴 已开始 05:15:00 - 05:20:00 UTC | btc-updown-5m-1780204500 | 开始已过 458s | 已结束
[2026-05-31 13:22:43.444]      🔴 已开始 05:20:00 - 05:25:00 UTC | btc-updown-5m-1780204800 | 开始已过 158s | 142s后结束
[2026-05-31 13:22:43.444]      ✅ 可交易 🧾已下单 05:25:00 - 05:30:00 UTC | btc-updown-5m-1780205100 | 开始142s后 | 442s后结束
[2026-05-31 13:22:43.444]      ✅ 可交易 05:30:00 - 05:35:00 UTC | btc-updown-5m-1780205400 | 开始442s后 | 742s后结束
[2026-05-31 13:22:43.444]      🔜 太远 05:35:00 - 05:40:00 UTC | btc-updown-5m-1780205700 | 开始742s后 | 1042s后结束
[2026-05-31 13:22:43.445]   🎯 目标事件: btc-updown-5m-1780205100 | 状态=NO挂单中 | 距开始=142s | 距结束=442s
[2026-05-31 13:22:43.445]   ⏱  距离开始=141.5s | 状态=down_resting | 动作次数=3
[2026-05-31 13:22:43.445]   循环检查: ⏭️ 跳过 | 价格=- | 数量=- | 原因: action_count=3 >= max=3
[2026-05-31 13:22:43.445] 
[2026-05-31 13:22:43.445]   ✅ 【已下单】btc-updown-5m-1780205100
[2026-05-31 13:22:43.445]      📗 YES: 订单ID=0x32944b103c280c9f692b69440c7caa18e9d836debde19472644a4b91e5b8aeb9 | 成交价=$0.5100
[2026-05-31 13:22:43.446]      📙 NO: 订单ID=0xf1b140269b96fe9b8aaefc63b612988111f9771f58d04533fdd1051eec817663 | 成交价=$0.4000
[2026-05-31 13:22:43.446]      📍 当前状态: down_resting | 动作次数: 3
[2026-05-31 13:22:43.446]   📊 套利边缘: net=-0.4000 | 充足=True | edge=-0.4000 >= min=-0.5000; YES@0.510 cost=0.5100 + NO@0.400 cost=0.4000
[2026-05-31 13:22:43.446] 
[2026-05-31 13:22:43.446]   💤 等待 60s 后进行下次轮询...
[2026-05-31 13:23:43.446] 
[2026-05-31 13:23:43.474] ━━━━━━━━━━━━━━━━━━━━━━━━━━━━━━━━━━━━━━━━━━━━━━━━━━━━━━━━━━━━
[2026-05-31 13:23:43.480]   【 PreOpen 轮次 #59 】 2026-05-31 05:23:43 UTC
[2026-05-31 13:23:45.921]   ⚠️  Network: Proxy http://127.0.0.1:1087 may be blocking external APIs: Connection error: [SSL: UNEXPECTED_EOF_WHILE_READING] EOF occurred in violation of protocol (_ssl.c:1010)
[2026-05-31 13:23:50.256] 
[2026-05-31 13:23:50.258]   🔍 【市场发现】共找到 6 个市场
[2026-05-31 13:23:50.258]      ├─ ❌ 过滤 [已开始] btc-updown-5m-1780204200 | 开始于 05:10:00 UTC | tts=-823s
[2026-05-31 13:23:50.258]      ├─ ❌ 过滤 [已开始] btc-updown-5m-1780204500 | 开始于 05:15:00 UTC | tts=-523s
[2026-05-31 13:23:50.258]      ├─ ❌ 过滤 [已开始] btc-updown-5m-1780204800 | 开始于 05:20:00 UTC | tts=-223s
[2026-05-31 13:23:50.259]      └─ ✅ 可交易 btc-updown-5m-1780205400 | 开始 05:30:00 UTC | 结束 05:35:00 UTC | tts=377s
[2026-05-31 13:23:50.259]      ├─ ❌ 过滤 [太远] btc-updown-5m-1780205700 | 开始于 05:35:00 UTC | tts=677s > 600s
[2026-05-31 13:23:50.259] 
[2026-05-31 13:23:50.259]   📊 【汇总】发现 6 个 | 可交易 0 个
[2026-05-31 13:23:50.259]      ├─ 已下单事件排除: 1
[2026-05-31 13:23:50.259]      └─ 时间窗口外: 4
[2026-05-31 13:23:50.259] 
[2026-05-31 13:23:50.259]   📅 【所有市场时间表】(当前: 05:23:43 UTC)
[2026-05-31 13:23:50.259]      🔴 已开始 05:10:00 - 05:15:00 UTC | btc-updown-5m-1780204200 | 开始已过 823s | 已结束
[2026-05-31 13:23:50.260]      🔴 已开始 05:15:00 - 05:20:00 UTC | btc-updown-5m-1780204500 | 开始已过 523s | 已结束
[2026-05-31 13:23:50.260]      🔴 已开始 05:20:00 - 05:25:00 UTC | btc-updown-5m-1780204800 | 开始已过 223s | 77s后结束
[2026-05-31 13:23:50.260]      ✅ 可交易 🧾已下单 05:25:00 - 05:30:00 UTC | btc-updown-5m-1780205100 | 开始77s后 | 377s后结束
[2026-05-31 13:23:50.260]      ✅ 可交易 05:30:00 - 05:35:00 UTC | btc-updown-5m-1780205400 | 开始377s后 | 677s后结束
[2026-05-31 13:23:50.260]      🔜 太远 05:35:00 - 05:40:00 UTC | btc-updown-5m-1780205700 | 开始677s后 | 977s后结束
[2026-05-31 13:23:50.261]   🎯 目标事件: btc-updown-5m-1780205100 | 状态=NO挂单中 | 距开始=77s | 距结束=377s
[2026-05-31 13:23:50.261]   ⏱  距离开始=76.6s | 状态=down_resting | 动作次数=3
[2026-05-31 13:23:50.264]   循环检查: ⏭️ 跳过 | 价格=- | 数量=- | 原因: action_count=3 >= max=3
[2026-05-31 13:23:50.265] 
[2026-05-31 13:23:50.265]   ✅ 【已下单】btc-updown-5m-1780205100
[2026-05-31 13:23:50.266]      📗 YES: 订单ID=0x32944b103c280c9f692b69440c7caa18e9d836debde19472644a4b91e5b8aeb9 | 成交价=$0.5100
[2026-05-31 13:23:50.266]      📙 NO: 订单ID=0xf1b140269b96fe9b8aaefc63b612988111f9771f58d04533fdd1051eec817663 | 成交价=$0.4000
[2026-05-31 13:23:50.266]      📍 当前状态: down_resting | 动作次数: 3
[2026-05-31 13:23:50.267]   📊 套利边缘: net=-0.4000 | 充足=True | edge=-0.4000 >= min=-0.5000; YES@0.510 cost=0.5100 + NO@0.400 cost=0.4000
[2026-05-31 13:24:25.304]   🧾 结算回填: 已追加 2 条 settled 记录到 trades.csv
[2026-05-31 13:24:25.310] 
[2026-05-31 13:24:25.310]   💤 等待 60s 后进行下次轮询...
[2026-05-31 13:25:25.315] 
[2026-05-31 13:25:25.325] ━━━━━━━━━━━━━━━━━━━━━━━━━━━━━━━━━━━━━━━━━━━━━━━━━━━━━━━━━━━━
[2026-05-31 13:25:25.325]   【 PreOpen 轮次 #60 】 2026-05-31 05:25:25 UTC
[2026-05-31 13:25:29.775] 
[2026-05-31 13:25:29.775]   🔍 【市场发现】共找到 6 个市场
[2026-05-31 13:25:29.776]      ├─ ❌ 过滤 [已开始] btc-updown-5m-1780204500 | 开始于 05:15:00 UTC | tts=-625s
[2026-05-31 13:25:29.776]      ├─ ❌ 过滤 [已开始] btc-updown-5m-1780204800 | 开始于 05:20:00 UTC | tts=-325s
[2026-05-31 13:25:29.776]      └─ ✅ 可交易 btc-updown-5m-1780205400 | 开始 05:30:00 UTC | 结束 05:35:00 UTC | tts=275s
[2026-05-31 13:25:29.776]      └─ ✅ 可交易 btc-updown-5m-1780205700 | 开始 05:35:00 UTC | 结束 05:40:00 UTC | tts=575s
[2026-05-31 13:25:29.776]      ├─ ❌ 过滤 [太远] btc-updown-5m-1780206000 | 开始于 05:40:00 UTC | tts=875s > 600s
[2026-05-31 13:25:29.776] 
[2026-05-31 13:25:29.777]   📊 【汇总】发现 6 个 | 可交易 1 个
[2026-05-31 13:25:29.777]      ├─ 已下单事件排除: 1
[2026-05-31 13:25:29.777]      └─ 时间窗口外: 3
[2026-05-31 13:25:29.777] 
[2026-05-31 13:25:29.777]   📅 【所有市场时间表】(当前: 05:25:25 UTC)
[2026-05-31 13:25:29.777]      🔴 已开始 05:15:00 - 05:20:00 UTC | btc-updown-5m-1780204500 | 开始已过 625s | 已结束
[2026-05-31 13:25:29.777]      🔴 已开始 05:20:00 - 05:25:00 UTC | btc-updown-5m-1780204800 | 开始已过 325s | 已结束
[2026-05-31 13:25:29.777]      🔴 已开始 🧾已下单 05:25:00 - 05:30:00 UTC | btc-updown-5m-1780205100 | 开始已过 25s | 275s后结束
[2026-05-31 13:25:29.777]      ✅ 可交易 05:30:00 - 05:35:00 UTC | btc-updown-5m-1780205400 | 开始275s后 | 575s后结束
[2026-05-31 13:25:29.777]      ✅ 可交易 05:35:00 - 05:40:00 UTC | btc-updown-5m-1780205700 | 开始575s后 | 875s后结束
[2026-05-31 13:25:29.777]      🔜 太远 05:40:00 - 05:45:00 UTC | btc-updown-5m-1780206000 | 开始875s后 | 1175s后结束
[2026-05-31 13:25:29.778]   ✨ 新发现事件: btc-updown-5m-1780205700 | 状态=已发现 | 距开始=575s | 距结束=875s
[2026-05-31 13:25:29.778]   🎯 目标事件: btc-updown-5m-1780205400 | 状态=已发现 | 距开始=275s | 距结束=575s
[2026-05-31 13:25:29.778]   ⏱  距离开始=274.7s | 状态=discovered | 动作次数=0
[2026-05-31 13:25:29.778]   🔄 事件状态: DISCOVERED → READY | btc-updown-5m-1780205400
[2026-05-31 13:25:32.448]   📗 YES下单: ✅ 已下单 | 价格=$0.5100 | 数量=5.0份 | 订单ID=0xe9ef08f65779e82df625b8b25027bf8b9c9a77d0036552bb363666b6f363d0a4
[2026-05-31 13:25:32.449]   ✅ Bought 5.0 YES shares @ $0.510
[2026-05-31 13:25:38.478]   📙 NO挂单: ✅ 已下单 | 价格=$0.4000 | 数量=5.0份 | 订单ID=0x4b1a7fa027dfcfb252b8b04a5ef2fb7840292c9f4e04d6d6d3577d248e227f26
[2026-05-31 13:25:38.478]   ✅ Bought 5.0 NO shares @ $0.400
[2026-05-31 13:25:44.864]   🎯 live 事件进度: 18/200
[2026-05-31 13:25:44.864] 
[2026-05-31 13:25:44.864]   ✅ 【已下单】btc-updown-5m-1780205400
[2026-05-31 13:25:44.864]      📗 YES: 订单ID=0xe9ef08f65779e82df625b8b25027bf8b9c9a77d0036552bb363666b6f363d0a4 | 成交价=$0.5100
[2026-05-31 13:25:44.864]      📙 NO: 订单ID=0x4b1a7fa027dfcfb252b8b04a5ef2fb7840292c9f4e04d6d6d3577d248e227f26 | 成交价=$0.4000
[2026-05-31 13:25:44.864]      📍 当前状态: down_resting | 动作次数: 3
[2026-05-31 13:25:44.864]   📊 套利边缘: net=-0.4000 | 充足=True | edge=-0.4000 >= min=-0.5000; YES@0.510 cost=0.5100 + NO@0.400 cost=0.4000
[2026-05-31 13:25:44.864] 
[2026-05-31 13:25:44.864]   💤 等待 60s 后进行下次轮询...
[2026-05-31 13:26:44.869] 
[2026-05-31 13:26:44.870] ━━━━━━━━━━━━━━━━━━━━━━━━━━━━━━━━━━━━━━━━━━━━━━━━━━━━━━━━━━━━
[2026-05-31 13:26:44.871]   【 PreOpen 轮次 #61 】 2026-05-31 05:26:44 UTC
[2026-05-31 13:26:44.871]   🗑 Pre-GC removed: btc-updown-5m-1780205100 | reason=stale/untradeable
[2026-05-31 13:26:49.691] 
[2026-05-31 13:26:49.692]   🔍 【市场发现】共找到 5 个市场
[2026-05-31 13:26:49.692]      ├─ ❌ 过滤 [已开始] btc-updown-5m-1780204800 | 开始于 05:20:00 UTC | tts=-405s
[2026-05-31 13:26:49.692]      ├─ ❌ 过滤 [已开始] btc-updown-5m-1780205100 | 开始于 05:25:00 UTC | tts=-105s
[2026-05-31 13:26:49.692]      └─ ✅ 可交易 btc-updown-5m-1780205700 | 开始 05:35:00 UTC | 结束 05:40:00 UTC | tts=495s
[2026-05-31 13:26:49.693]      ├─ ❌ 过滤 [太远] btc-updown-5m-1780206000 | 开始于 05:40:00 UTC | tts=795s > 600s
[2026-05-31 13:26:49.693] 
[2026-05-31 13:26:49.693]   📊 【汇总】发现 5 个 | 可交易 0 个
[2026-05-31 13:26:49.693]      ├─ 已下单事件排除: 1
[2026-05-31 13:26:49.693]      └─ 时间窗口外: 3
[2026-05-31 13:26:49.693] 
[2026-05-31 13:26:49.693]   📅 【所有市场时间表】(当前: 05:26:44 UTC)
[2026-05-31 13:26:49.693]      🔴 已开始 05:20:00 - 05:25:00 UTC | btc-updown-5m-1780204800 | 开始已过 405s | 已结束
[2026-05-31 13:26:49.693]      🔴 已开始 05:25:00 - 05:30:00 UTC | btc-updown-5m-1780205100 | 开始已过 105s | 195s后结束
[2026-05-31 13:26:49.693]      ✅ 可交易 🧾已下单 05:30:00 - 05:35:00 UTC | btc-updown-5m-1780205400 | 开始195s后 | 495s后结束
[2026-05-31 13:26:49.693]      ✅ 可交易 05:35:00 - 05:40:00 UTC | btc-updown-5m-1780205700 | 开始495s后 | 795s后结束
[2026-05-31 13:26:49.693]      🔜 太远 05:40:00 - 05:45:00 UTC | btc-updown-5m-1780206000 | 开始795s后 | 1095s后结束
[2026-05-31 13:26:49.694]   🎯 目标事件: btc-updown-5m-1780205400 | 状态=NO挂单中 | 距开始=195s | 距结束=495s
[2026-05-31 13:26:49.694]   ⏱  距离开始=195.1s | 状态=down_resting | 动作次数=3
[2026-05-31 13:26:49.694]   循环检查: ⏭️ 跳过 | 价格=- | 数量=- | 原因: action_count=3 >= max=3
[2026-05-31 13:26:49.694] 
[2026-05-31 13:26:49.694]   ✅ 【已下单】btc-updown-5m-1780205400
[2026-05-31 13:26:49.694]      📗 YES: 订单ID=0xe9ef08f65779e82df625b8b25027bf8b9c9a77d0036552bb363666b6f363d0a4 | 成交价=$0.5100
[2026-05-31 13:26:49.694]      📙 NO: 订单ID=0x4b1a7fa027dfcfb252b8b04a5ef2fb7840292c9f4e04d6d6d3577d248e227f26 | 成交价=$0.4000
[2026-05-31 13:26:49.694]      📍 当前状态: down_resting | 动作次数: 3
[2026-05-31 13:26:49.697]   📊 套利边缘: net=-0.4000 | 充足=True | edge=-0.4000 >= min=-0.5000; YES@0.510 cost=0.5100 + NO@0.400 cost=0.4000
[2026-05-31 13:27:18.971]   🧾 结算回填: 已追加 2 条 settled 记录到 trades.csv
[2026-05-31 13:27:18.972] 
[2026-05-31 13:27:18.972]   💤 等待 60s 后进行下次轮询...
[2026-05-31 13:28:18.976] 
[2026-05-31 13:28:18.978] ━━━━━━━━━━━━━━━━━━━━━━━━━━━━━━━━━━━━━━━━━━━━━━━━━━━━━━━━━━━━
[2026-05-31 13:28:18.978]   【 PreOpen 轮次 #62 】 2026-05-31 05:28:18 UTC
[2026-05-31 13:28:24.064] 
[2026-05-31 13:28:24.066]   🔍 【市场发现】共找到 5 个市场
[2026-05-31 13:28:24.073]      ├─ ❌ 过滤 [已开始] btc-updown-5m-1780204800 | 开始于 05:20:00 UTC | tts=-499s
[2026-05-31 13:28:24.073]      ├─ ❌ 过滤 [已开始] btc-updown-5m-1780205100 | 开始于 05:25:00 UTC | tts=-199s
[2026-05-31 13:28:24.073]      └─ ✅ 可交易 btc-updown-5m-1780205700 | 开始 05:35:00 UTC | 结束 05:40:00 UTC | tts=401s
[2026-05-31 13:28:24.073]      ├─ ❌ 过滤 [太远] btc-updown-5m-1780206000 | 开始于 05:40:00 UTC | tts=701s > 600s
[2026-05-31 13:28:24.074] 
[2026-05-31 13:28:24.074]   📊 【汇总】发现 5 个 | 可交易 0 个
[2026-05-31 13:28:24.074]      ├─ 已下单事件排除: 1
[2026-05-31 13:28:24.074]      └─ 时间窗口外: 3
[2026-05-31 13:28:24.074] 
[2026-05-31 13:28:24.074]   📅 【所有市场时间表】(当前: 05:28:18 UTC)
[2026-05-31 13:28:24.074]      🔴 已开始 05:20:00 - 05:25:00 UTC | btc-updown-5m-1780204800 | 开始已过 499s | 已结束
[2026-05-31 13:28:24.074]      🔴 已开始 05:25:00 - 05:30:00 UTC | btc-updown-5m-1780205100 | 开始已过 199s | 101s后结束
[2026-05-31 13:28:24.074]      ✅ 可交易 🧾已下单 05:30:00 - 05:35:00 UTC | btc-updown-5m-1780205400 | 开始101s后 | 401s后结束
[2026-05-31 13:28:24.074]      ✅ 可交易 05:35:00 - 05:40:00 UTC | btc-updown-5m-1780205700 | 开始401s后 | 701s后结束
[2026-05-31 13:28:24.074]      🔜 太远 05:40:00 - 05:45:00 UTC | btc-updown-5m-1780206000 | 开始701s后 | 1001s后结束
[2026-05-31 13:28:24.075]   🎯 目标事件: btc-updown-5m-1780205400 | 状态=NO挂单中 | 距开始=101s | 距结束=401s
[2026-05-31 13:28:24.075]   ⏱  距离开始=101.0s | 状态=down_resting | 动作次数=3
[2026-05-31 13:28:24.076]   循环检查: ⏭️ 跳过 | 价格=- | 数量=- | 原因: action_count=3 >= max=3
[2026-05-31 13:28:24.076] 
[2026-05-31 13:28:24.076]   ✅ 【已下单】btc-updown-5m-1780205400
[2026-05-31 13:28:24.077]      📗 YES: 订单ID=0xe9ef08f65779e82df625b8b25027bf8b9c9a77d0036552bb363666b6f363d0a4 | 成交价=$0.5100
[2026-05-31 13:28:24.077]      📙 NO: 订单ID=0x4b1a7fa027dfcfb252b8b04a5ef2fb7840292c9f4e04d6d6d3577d248e227f26 | 成交价=$0.4000
[2026-05-31 13:28:24.077]      📍 当前状态: down_resting | 动作次数: 3
[2026-05-31 13:28:24.077]   📊 套利边缘: net=-0.4000 | 充足=True | edge=-0.4000 >= min=-0.5000; YES@0.510 cost=0.5100 + NO@0.400 cost=0.4000
[2026-05-31 13:28:24.077] 
[2026-05-31 13:28:24.077]   💤 等待 60s 后进行下次轮询...
[2026-05-31 13:29:24.082] 
[2026-05-31 13:29:24.085] ━━━━━━━━━━━━━━━━━━━━━━━━━━━━━━━━━━━━━━━━━━━━━━━━━━━━━━━━━━━━
[2026-05-31 13:29:24.085]   【 PreOpen 轮次 #63 】 2026-05-31 05:29:24 UTC
[2026-05-31 13:29:28.832] 
[2026-05-31 13:29:28.832]   🔍 【市场发现】共找到 5 个市场
[2026-05-31 13:29:28.832]      ├─ ❌ 过滤 [已开始] btc-updown-5m-1780204800 | 开始于 05:20:00 UTC | tts=-564s
[2026-05-31 13:29:28.833]      ├─ ❌ 过滤 [已开始] btc-updown-5m-1780205100 | 开始于 05:25:00 UTC | tts=-264s
[2026-05-31 13:29:28.833]      └─ ✅ 可交易 btc-updown-5m-1780205700 | 开始 05:35:00 UTC | 结束 05:40:00 UTC | tts=336s
[2026-05-31 13:29:28.833]      ├─ ❌ 过滤 [太远] btc-updown-5m-1780206000 | 开始于 05:40:00 UTC | tts=636s > 600s
[2026-05-31 13:29:28.834] 
[2026-05-31 13:29:28.834]   📊 【汇总】发现 5 个 | 可交易 0 个
[2026-05-31 13:29:28.834]      ├─ 已下单事件排除: 1
[2026-05-31 13:29:28.834]      └─ 时间窗口外: 3
[2026-05-31 13:29:28.834] 
[2026-05-31 13:29:28.834]   📅 【所有市场时间表】(当前: 05:29:24 UTC)
[2026-05-31 13:29:28.834]      🔴 已开始 05:20:00 - 05:25:00 UTC | btc-updown-5m-1780204800 | 开始已过 564s | 已结束
[2026-05-31 13:29:28.834]      🔴 已开始 05:25:00 - 05:30:00 UTC | btc-updown-5m-1780205100 | 开始已过 264s | 36s后结束
[2026-05-31 13:29:28.834]      ✅ 可交易 🧾已下单 05:30:00 - 05:35:00 UTC | btc-updown-5m-1780205400 | 开始36s后 | 336s后结束
[2026-05-31 13:29:28.834]      ✅ 可交易 05:35:00 - 05:40:00 UTC | btc-updown-5m-1780205700 | 开始336s后 | 636s后结束
[2026-05-31 13:29:28.834]      🔜 太远 05:40:00 - 05:45:00 UTC | btc-updown-5m-1780206000 | 开始636s后 | 936s后结束
[2026-05-31 13:29:28.835]   🎯 目标事件: btc-updown-5m-1780205400 | 状态=NO挂单中 | 距开始=36s | 距结束=336s
[2026-05-31 13:29:28.835]   ⏱  距离开始=35.9s | 状态=down_resting | 动作次数=3
[2026-05-31 13:29:28.838]   循环检查: ⏭️ 跳过 | 价格=- | 数量=- | 原因: action_count=3 >= max=3
[2026-05-31 13:29:28.838] 
[2026-05-31 13:29:28.839]   ✅ 【已下单】btc-updown-5m-1780205400
[2026-05-31 13:29:28.839]      📗 YES: 订单ID=0xe9ef08f65779e82df625b8b25027bf8b9c9a77d0036552bb363666b6f363d0a4 | 成交价=$0.5100
[2026-05-31 13:29:28.839]      📙 NO: 订单ID=0x4b1a7fa027dfcfb252b8b04a5ef2fb7840292c9f4e04d6d6d3577d248e227f26 | 成交价=$0.4000
[2026-05-31 13:29:28.839]      📍 当前状态: down_resting | 动作次数: 3
[2026-05-31 13:29:28.839]   📊 套利边缘: net=-0.4000 | 充足=True | edge=-0.4000 >= min=-0.5000; YES@0.510 cost=0.5100 + NO@0.400 cost=0.4000
[2026-05-31 13:29:50.864]   🧾 结算回填: 已追加 2 条 settled 记录到 trades.csv
[2026-05-31 13:29:50.865] 
[2026-05-31 13:29:50.865]   💤 等待 60s 后进行下次轮询...
[2026-05-31 13:30:50.865] 
[2026-05-31 13:30:50.869] ━━━━━━━━━━━━━━━━━━━━━━━━━━━━━━━━━━━━━━━━━━━━━━━━━━━━━━━━━━━━
[2026-05-31 13:30:50.869]   【 PreOpen 轮次 #64 】 2026-05-31 05:30:50 UTC
[2026-05-31 13:30:55.423] 
[2026-05-31 13:30:55.423]   🔍 【市场发现】共找到 5 个市场
[2026-05-31 13:30:55.423]      ├─ ❌ 过滤 [已开始] btc-updown-5m-1780205100 | 开始于 05:25:00 UTC | tts=-351s
[2026-05-31 13:30:55.423]      └─ ✅ 可交易 btc-updown-5m-1780205700 | 开始 05:35:00 UTC | 结束 05:40:00 UTC | tts=249s
[2026-05-31 13:30:55.424]      └─ ✅ 可交易 btc-updown-5m-1780206000 | 开始 05:40:00 UTC | 结束 05:45:00 UTC | tts=549s
[2026-05-31 13:30:55.424]      ├─ ❌ 过滤 [太远] btc-updown-5m-1780206300 | 开始于 05:45:00 UTC | tts=849s > 600s
[2026-05-31 13:30:55.424] 
[2026-05-31 13:30:55.424]   📊 【汇总】发现 5 个 | 可交易 1 个
[2026-05-31 13:30:55.424]      ├─ 已下单事件排除: 1
[2026-05-31 13:30:55.424]      └─ 时间窗口外: 2
[2026-05-31 13:30:55.424] 
[2026-05-31 13:30:55.424]   📅 【所有市场时间表】(当前: 05:30:50 UTC)
[2026-05-31 13:30:55.424]      🔴 已开始 05:25:00 - 05:30:00 UTC | btc-updown-5m-1780205100 | 开始已过 351s | 已结束
[2026-05-31 13:30:55.424]      🔴 已开始 🧾已下单 05:30:00 - 05:35:00 UTC | btc-updown-5m-1780205400 | 开始已过 51s | 249s后结束
[2026-05-31 13:30:55.424]      ✅ 可交易 05:35:00 - 05:40:00 UTC | btc-updown-5m-1780205700 | 开始249s后 | 549s后结束
[2026-05-31 13:30:55.424]      ✅ 可交易 05:40:00 - 05:45:00 UTC | btc-updown-5m-1780206000 | 开始549s后 | 849s后结束
[2026-05-31 13:30:55.424]      🔜 太远 05:45:00 - 05:50:00 UTC | btc-updown-5m-1780206300 | 开始849s后 | 1149s后结束
[2026-05-31 13:30:55.425]   ✨ 新发现事件: btc-updown-5m-1780206000 | 状态=已发现 | 距开始=549s | 距结束=849s
[2026-05-31 13:30:55.425]   🎯 目标事件: btc-updown-5m-1780205700 | 状态=已发现 | 距开始=249s | 距结束=549s
[2026-05-31 13:30:55.425]   ⏱  距离开始=249.1s | 状态=discovered | 动作次数=0
[2026-05-31 13:30:55.425]   🔄 事件状态: DISCOVERED → READY | btc-updown-5m-1780205700
[2026-05-31 13:30:57.704]   📗 YES下单: ✅ 已下单 | 价格=$0.5100 | 数量=5.0份 | 订单ID=0xfb46638dd48a00a2100be27fc59c1fb1dfa68f249afb7a9a278f8be1a9e815bb
[2026-05-31 13:30:57.704]   ✅ Bought 5.0 YES shares @ $0.510
[2026-05-31 13:31:05.123]   📙 NO挂单: ✅ 已下单 | 价格=$0.4000 | 数量=5.0份 | 订单ID=0x85b959922dde156176a90b2c7287812b25a6a756f737d96517efd433dd21e705
[2026-05-31 13:31:05.123]   ✅ Bought 5.0 NO shares @ $0.400
[2026-05-31 13:31:11.869]   🎯 live 事件进度: 19/200
[2026-05-31 13:31:11.869] 
[2026-05-31 13:31:11.869]   ✅ 【已下单】btc-updown-5m-1780205700
[2026-05-31 13:31:11.869]      📗 YES: 订单ID=0xfb46638dd48a00a2100be27fc59c1fb1dfa68f249afb7a9a278f8be1a9e815bb | 成交价=$0.5100
[2026-05-31 13:31:11.869]      📙 NO: 订单ID=0x85b959922dde156176a90b2c7287812b25a6a756f737d96517efd433dd21e705 | 成交价=$0.4000
[2026-05-31 13:31:11.869]      📍 当前状态: down_resting | 动作次数: 3
[2026-05-31 13:31:11.869]   📊 套利边缘: net=-0.4000 | 充足=True | edge=-0.4000 >= min=-0.5000; YES@0.510 cost=0.5100 + NO@0.400 cost=0.4000
[2026-05-31 13:31:11.870] 
[2026-05-31 13:31:11.870]   💤 等待 60s 后进行下次轮询...
[2026-05-31 13:32:11.874] 
[2026-05-31 13:32:11.876] ━━━━━━━━━━━━━━━━━━━━━━━━━━━━━━━━━━━━━━━━━━━━━━━━━━━━━━━━━━━━
[2026-05-31 13:32:11.876]   【 PreOpen 轮次 #65 】 2026-05-31 05:32:11 UTC
[2026-05-31 13:32:11.877]   🗑 Pre-GC removed: btc-updown-5m-1780205400 | reason=stale/untradeable
[2026-05-31 13:32:17.801] 
[2026-05-31 13:32:17.801]   🔍 【市场发现】共找到 5 个市场
[2026-05-31 13:32:17.801]      ├─ ❌ 过滤 [已开始] btc-updown-5m-1780205100 | 开始于 05:25:00 UTC | tts=-432s
[2026-05-31 13:32:17.801]      ├─ ❌ 过滤 [已开始] btc-updown-5m-1780205400 | 开始于 05:30:00 UTC | tts=-132s
[2026-05-31 13:32:17.801]      └─ ✅ 可交易 btc-updown-5m-1780206000 | 开始 05:40:00 UTC | 结束 05:45:00 UTC | tts=468s
[2026-05-31 13:32:17.801]      ├─ ❌ 过滤 [太远] btc-updown-5m-1780206300 | 开始于 05:45:00 UTC | tts=768s > 600s
[2026-05-31 13:32:17.801] 
[2026-05-31 13:32:17.801]   📊 【汇总】发现 5 个 | 可交易 0 个
[2026-05-31 13:32:17.801]      ├─ 已下单事件排除: 1
[2026-05-31 13:32:17.802]      └─ 时间窗口外: 3
[2026-05-31 13:32:17.802] 
[2026-05-31 13:32:17.802]   📅 【所有市场时间表】(当前: 05:32:11 UTC)
[2026-05-31 13:32:17.802]      🔴 已开始 05:25:00 - 05:30:00 UTC | btc-updown-5m-1780205100 | 开始已过 432s | 已结束
[2026-05-31 13:32:17.802]      🔴 已开始 05:30:00 - 05:35:00 UTC | btc-updown-5m-1780205400 | 开始已过 132s | 168s后结束
[2026-05-31 13:32:17.802]      ✅ 可交易 🧾已下单 05:35:00 - 05:40:00 UTC | btc-updown-5m-1780205700 | 开始168s后 | 468s后结束
[2026-05-31 13:32:17.802]      ✅ 可交易 05:40:00 - 05:45:00 UTC | btc-updown-5m-1780206000 | 开始468s后 | 768s后结束
[2026-05-31 13:32:17.802]      🔜 太远 05:45:00 - 05:50:00 UTC | btc-updown-5m-1780206300 | 开始768s后 | 1068s后结束
[2026-05-31 13:32:17.802]   🎯 目标事件: btc-updown-5m-1780205700 | 状态=NO挂单中 | 距开始=168s | 距结束=468s
[2026-05-31 13:32:17.802]   ⏱  距离开始=168.1s | 状态=down_resting | 动作次数=3
[2026-05-31 13:32:17.802]   循环检查: ⏭️ 跳过 | 价格=- | 数量=- | 原因: action_count=3 >= max=3
[2026-05-31 13:32:17.802] 
[2026-05-31 13:32:17.802]   ✅ 【已下单】btc-updown-5m-1780205700
[2026-05-31 13:32:17.802]      📗 YES: 订单ID=0xfb46638dd48a00a2100be27fc59c1fb1dfa68f249afb7a9a278f8be1a9e815bb | 成交价=$0.5100
[2026-05-31 13:32:17.802]      📙 NO: 订单ID=0x85b959922dde156176a90b2c7287812b25a6a756f737d96517efd433dd21e705 | 成交价=$0.4000
[2026-05-31 13:32:17.802]      📍 当前状态: down_resting | 动作次数: 3
[2026-05-31 13:32:17.802]   📊 套利边缘: net=-0.4000 | 充足=True | edge=-0.4000 >= min=-0.5000; YES@0.510 cost=0.5100 + NO@0.400 cost=0.4000
[2026-05-31 13:32:44.259] 
[2026-05-31 13:32:44.260]   💤 等待 60s 后进行下次轮询...
[2026-05-31 13:33:44.471] 
[2026-05-31 13:33:44.474] ━━━━━━━━━━━━━━━━━━━━━━━━━━━━━━━━━━━━━━━━━━━━━━━━━━━━━━━━━━━━
[2026-05-31 13:33:44.474]   【 PreOpen 轮次 #66 】 2026-05-31 05:33:44 UTC
[2026-05-31 13:33:49.765] 
[2026-05-31 13:33:49.765]   🔍 【市场发现】共找到 5 个市场
[2026-05-31 13:33:49.765]      ├─ ❌ 过滤 [已开始] btc-updown-5m-1780205100 | 开始于 05:25:00 UTC | tts=-524s
[2026-05-31 13:33:49.766]      ├─ ❌ 过滤 [已开始] btc-updown-5m-1780205400 | 开始于 05:30:00 UTC | tts=-224s
[2026-05-31 13:33:49.766]      └─ ✅ 可交易 btc-updown-5m-1780206000 | 开始 05:40:00 UTC | 结束 05:45:00 UTC | tts=376s
[2026-05-31 13:33:49.766]      ├─ ❌ 过滤 [太远] btc-updown-5m-1780206300 | 开始于 05:45:00 UTC | tts=676s > 600s
[2026-05-31 13:33:49.766] 
[2026-05-31 13:33:49.766]   📊 【汇总】发现 5 个 | 可交易 0 个
[2026-05-31 13:33:49.766]      ├─ 已下单事件排除: 1
[2026-05-31 13:33:49.766]      └─ 时间窗口外: 3
[2026-05-31 13:33:49.767] 
[2026-05-31 13:33:49.767]   📅 【所有市场时间表】(当前: 05:33:44 UTC)
[2026-05-31 13:33:49.767]      🔴 已开始 05:25:00 - 05:30:00 UTC | btc-updown-5m-1780205100 | 开始已过 524s | 已结束
[2026-05-31 13:33:49.767]      🔴 已开始 05:30:00 - 05:35:00 UTC | btc-updown-5m-1780205400 | 开始已过 224s | 76s后结束
[2026-05-31 13:33:49.767]      ✅ 可交易 🧾已下单 05:35:00 - 05:40:00 UTC | btc-updown-5m-1780205700 | 开始76s后 | 376s后结束
[2026-05-31 13:33:49.767]      ✅ 可交易 05:40:00 - 05:45:00 UTC | btc-updown-5m-1780206000 | 开始376s后 | 676s后结束
[2026-05-31 13:33:49.767]      🔜 太远 05:45:00 - 05:50:00 UTC | btc-updown-5m-1780206300 | 开始676s后 | 976s后结束
[2026-05-31 13:33:49.767]   🎯 目标事件: btc-updown-5m-1780205700 | 状态=NO挂单中 | 距开始=76s | 距结束=376s
[2026-05-31 13:33:49.767]   ⏱  距离开始=75.5s | 状态=down_resting | 动作次数=3
[2026-05-31 13:33:49.767]   循环检查: ⏭️ 跳过 | 价格=- | 数量=- | 原因: action_count=3 >= max=3
[2026-05-31 13:33:49.767] 
[2026-05-31 13:33:49.767]   ✅ 【已下单】btc-updown-5m-1780205700
[2026-05-31 13:33:49.768]      📗 YES: 订单ID=0xfb46638dd48a00a2100be27fc59c1fb1dfa68f249afb7a9a278f8be1a9e815bb | 成交价=$0.5100
[2026-05-31 13:33:49.768]      📙 NO: 订单ID=0x85b959922dde156176a90b2c7287812b25a6a756f737d96517efd433dd21e705 | 成交价=$0.4000
[2026-05-31 13:33:49.768]      📍 当前状态: down_resting | 动作次数: 3
[2026-05-31 13:33:49.768]   📊 套利边缘: net=-0.4000 | 充足=True | edge=-0.4000 >= min=-0.5000; YES@0.510 cost=0.5100 + NO@0.400 cost=0.4000
[2026-05-31 13:33:49.768] 
[2026-05-31 13:33:49.768]   💤 等待 60s 后进行下次轮询...
[2026-05-31 13:34:49.773] 
[2026-05-31 13:34:49.775] ━━━━━━━━━━━━━━━━━━━━━━━━━━━━━━━━━━━━━━━━━━━━━━━━━━━━━━━━━━━━
[2026-05-31 13:34:49.776]   【 PreOpen 轮次 #67 】 2026-05-31 05:34:49 UTC
[2026-05-31 13:34:54.649] 
[2026-05-31 13:34:54.649]   🔍 【市场发现】共找到 4 个市场
[2026-05-31 13:34:54.649]      ├─ ❌ 过滤 [已开始] btc-updown-5m-1780205400 | 开始于 05:30:00 UTC | tts=-290s
[2026-05-31 13:34:54.650]      └─ ✅ 可交易 btc-updown-5m-1780206000 | 开始 05:40:00 UTC | 结束 05:45:00 UTC | tts=310s
[2026-05-31 13:34:54.650]      ├─ ❌ 过滤 [太远] btc-updown-5m-1780206300 | 开始于 05:45:00 UTC | tts=610s > 600s
[2026-05-31 13:34:54.650] 
[2026-05-31 13:34:54.650]   📊 【汇总】发现 4 个 | 可交易 0 个
[2026-05-31 13:34:54.650]      ├─ 已下单事件排除: 1
[2026-05-31 13:34:54.650]      └─ 时间窗口外: 2
[2026-05-31 13:34:54.650] 
[2026-05-31 13:34:54.650]   📅 【所有市场时间表】(当前: 05:34:49 UTC)
[2026-05-31 13:34:54.650]      🔴 已开始 05:30:00 - 05:35:00 UTC | btc-updown-5m-1780205400 | 开始已过 290s | 10s后结束
[2026-05-31 13:34:54.650]      ✅ 可交易 🧾已下单 05:35:00 - 05:40:00 UTC | btc-updown-5m-1780205700 | 开始10s后 | 310s后结束
[2026-05-31 13:34:54.650]      ✅ 可交易 05:40:00 - 05:45:00 UTC | btc-updown-5m-1780206000 | 开始310s后 | 610s后结束
[2026-05-31 13:34:54.650]      🔜 太远 05:45:00 - 05:50:00 UTC | btc-updown-5m-1780206300 | 开始610s后 | 910s后结束
[2026-05-31 13:34:54.650]   🎯 目标事件: btc-updown-5m-1780205700 | 状态=NO挂单中 | 距开始=10s | 距结束=310s
[2026-05-31 13:34:54.650]   ⏱  距离开始=10.2s | 状态=down_resting | 动作次数=3
[2026-05-31 13:34:54.650]   循环检查: ⏭️ 跳过 | 价格=- | 数量=- | 原因: action_count=3 >= max=3
[2026-05-31 13:34:54.650] 
[2026-05-31 13:34:54.650]   ✅ 【已下单】btc-updown-5m-1780205700
[2026-05-31 13:34:54.650]      📗 YES: 订单ID=0xfb46638dd48a00a2100be27fc59c1fb1dfa68f249afb7a9a278f8be1a9e815bb | 成交价=$0.5100
[2026-05-31 13:34:54.650]      📙 NO: 订单ID=0x85b959922dde156176a90b2c7287812b25a6a756f737d96517efd433dd21e705 | 成交价=$0.4000
[2026-05-31 13:34:54.650]      📍 当前状态: down_resting | 动作次数: 3
[2026-05-31 13:34:54.651]   📊 套利边缘: net=-0.4000 | 充足=True | edge=-0.4000 >= min=-0.5000; YES@0.510 cost=0.5100 + NO@0.400 cost=0.4000
[2026-05-31 13:35:16.124]   🧾 结算回填: 已追加 2 条 settled 记录到 trades.csv
[2026-05-31 13:35:16.125] 
[2026-05-31 13:35:16.125]   💤 等待 60s 后进行下次轮询...
[2026-05-31 13:36:16.129] 
[2026-05-31 13:36:16.132] ━━━━━━━━━━━━━━━━━━━━━━━━━━━━━━━━━━━━━━━━━━━━━━━━━━━━━━━━━━━━
[2026-05-31 13:36:16.132]   【 PreOpen 轮次 #68 】 2026-05-31 05:36:16 UTC
[2026-05-31 13:36:16.133]   🗑 Pre-GC removed: btc-updown-5m-1780205700 | reason=stale/untradeable
[2026-05-31 13:36:20.595] 
[2026-05-31 13:36:20.595]   🔍 【市场发现】共找到 5 个市场
[2026-05-31 13:36:20.595]      ├─ ❌ 过滤 [已开始] btc-updown-5m-1780205400 | 开始于 05:30:00 UTC | tts=-376s
[2026-05-31 13:36:20.595]      ├─ ❌ 过滤 [已开始] btc-updown-5m-1780205700 | 开始于 05:35:00 UTC | tts=-76s
[2026-05-31 13:36:20.596]      └─ ✅ 可交易 btc-updown-5m-1780206000 | 开始 05:40:00 UTC | 结束 05:45:00 UTC | tts=224s
[2026-05-31 13:36:20.597]      └─ ✅ 可交易 btc-updown-5m-1780206300 | 开始 05:45:00 UTC | 结束 05:50:00 UTC | tts=524s
[2026-05-31 13:36:20.597]      ├─ ❌ 过滤 [太远] btc-updown-5m-1780206600 | 开始于 05:50:00 UTC | tts=824s > 600s
[2026-05-31 13:36:20.597] 
[2026-05-31 13:36:20.599]   📊 【汇总】发现 5 个 | 可交易 1 个
[2026-05-31 13:36:20.603]      └─ 时间窗口外: 3
[2026-05-31 13:36:20.603] 
[2026-05-31 13:36:20.603]   📅 【所有市场时间表】(当前: 05:36:16 UTC)
[2026-05-31 13:36:20.603]      🔴 已开始 05:30:00 - 05:35:00 UTC | btc-updown-5m-1780205400 | 开始已过 376s | 已结束
[2026-05-31 13:36:20.603]      🔴 已开始 05:35:00 - 05:40:00 UTC | btc-updown-5m-1780205700 | 开始已过 76s | 224s后结束
[2026-05-31 13:36:20.603]      ✅ 可交易 05:40:00 - 05:45:00 UTC | btc-updown-5m-1780206000 | 开始224s后 | 524s后结束
[2026-05-31 13:36:20.604]      ✅ 可交易 05:45:00 - 05:50:00 UTC | btc-updown-5m-1780206300 | 开始524s后 | 824s后结束
[2026-05-31 13:36:20.604]      🔜 太远 05:50:00 - 05:55:00 UTC | btc-updown-5m-1780206600 | 开始824s后 | 1124s后结束
[2026-05-31 13:36:20.604]   ✨ 新发现事件: btc-updown-5m-1780206300 | 状态=已发现 | 距开始=524s | 距结束=824s
[2026-05-31 13:36:20.604]   🎯 目标事件: btc-updown-5m-1780206000 | 状态=已发现 | 距开始=224s | 距结束=524s
[2026-05-31 13:36:20.604]   ⏱  距离开始=223.9s | 状态=discovered | 动作次数=0
[2026-05-31 13:36:20.605]   🔄 事件状态: DISCOVERED → READY | btc-updown-5m-1780206000
[2026-05-31 13:36:22.887]   📗 YES下单: ✅ 已下单 | 价格=$0.5100 | 数量=5.0份 | 订单ID=0xaac5ff4cddbce291a90de0d6c21e4f003a28047734ecaf4cff447e5faa316357
[2026-05-31 13:36:22.888]   ✅ Bought 5.0 YES shares @ $0.510
[2026-05-31 13:36:29.448]   📙 NO挂单: ✅ 已下单 | 价格=$0.4000 | 数量=5.0份 | 订单ID=0x1fe65ce30be886596c38923688b2abe3f7553110ab7e0e9bc405f38135e70516
[2026-05-31 13:36:29.448]   ✅ Bought 5.0 NO shares @ $0.400
[2026-05-31 13:36:35.718]   🎯 live 事件进度: 20/200
[2026-05-31 13:36:35.718] 
[2026-05-31 13:36:35.718]   ✅ 【已下单】btc-updown-5m-1780206000
[2026-05-31 13:36:35.718]      📗 YES: 订单ID=0xaac5ff4cddbce291a90de0d6c21e4f003a28047734ecaf4cff447e5faa316357 | 成交价=$0.5100
[2026-05-31 13:36:35.719]      📙 NO: 订单ID=0x1fe65ce30be886596c38923688b2abe3f7553110ab7e0e9bc405f38135e70516 | 成交价=$0.4000
[2026-05-31 13:36:35.719]      📍 当前状态: down_resting | 动作次数: 3
[2026-05-31 13:36:35.719]   📊 套利边缘: net=-0.4000 | 充足=True | edge=-0.4000 >= min=-0.5000; YES@0.510 cost=0.5100 + NO@0.400 cost=0.4000
[2026-05-31 13:36:35.719] 
[2026-05-31 13:36:35.719]   💤 等待 60s 后进行下次轮询...
[2026-05-31 13:37:35.725] 
[2026-05-31 13:37:35.728] ━━━━━━━━━━━━━━━━━━━━━━━━━━━━━━━━━━━━━━━━━━━━━━━━━━━━━━━━━━━━
[2026-05-31 13:37:35.728]   【 PreOpen 轮次 #69 】 2026-05-31 05:37:35 UTC
[2026-05-31 13:37:40.348] 
[2026-05-31 13:37:40.348]   🔍 【市场发现】共找到 5 个市场
[2026-05-31 13:37:40.349]      ├─ ❌ 过滤 [已开始] btc-updown-5m-1780205400 | 开始于 05:30:00 UTC | tts=-456s
[2026-05-31 13:37:40.349]      ├─ ❌ 过滤 [已开始] btc-updown-5m-1780205700 | 开始于 05:35:00 UTC | tts=-156s
[2026-05-31 13:37:40.349]      └─ ✅ 可交易 btc-updown-5m-1780206300 | 开始 05:45:00 UTC | 结束 05:50:00 UTC | tts=444s
[2026-05-31 13:37:40.349]      ├─ ❌ 过滤 [太远] btc-updown-5m-1780206600 | 开始于 05:50:00 UTC | tts=744s > 600s
[2026-05-31 13:37:40.349] 
[2026-05-31 13:37:40.349]   📊 【汇总】发现 5 个 | 可交易 0 个
[2026-05-31 13:37:40.350]      ├─ 已下单事件排除: 1
[2026-05-31 13:37:40.350]      └─ 时间窗口外: 3
[2026-05-31 13:37:40.350] 
[2026-05-31 13:37:40.350]   📅 【所有市场时间表】(当前: 05:37:35 UTC)
[2026-05-31 13:37:40.350]      🔴 已开始 05:30:00 - 05:35:00 UTC | btc-updown-5m-1780205400 | 开始已过 456s | 已结束
[2026-05-31 13:37:40.350]      🔴 已开始 05:35:00 - 05:40:00 UTC | btc-updown-5m-1780205700 | 开始已过 156s | 144s后结束
[2026-05-31 13:37:40.350]      ✅ 可交易 🧾已下单 05:40:00 - 05:45:00 UTC | btc-updown-5m-1780206000 | 开始144s后 | 444s后结束
[2026-05-31 13:37:40.350]      ✅ 可交易 05:45:00 - 05:50:00 UTC | btc-updown-5m-1780206300 | 开始444s后 | 744s后结束
[2026-05-31 13:37:40.350]      🔜 太远 05:50:00 - 05:55:00 UTC | btc-updown-5m-1780206600 | 开始744s后 | 1044s后结束
[2026-05-31 13:37:40.351]   🎯 目标事件: btc-updown-5m-1780206000 | 状态=NO挂单中 | 距开始=144s | 距结束=444s
[2026-05-31 13:37:40.351]   ⏱  距离开始=144.3s | 状态=down_resting | 动作次数=3
[2026-05-31 13:37:40.351]   循环检查: ⏭️ 跳过 | 价格=- | 数量=- | 原因: action_count=3 >= max=3
[2026-05-31 13:37:40.351] 
[2026-05-31 13:37:40.351]   ✅ 【已下单】btc-updown-5m-1780206000
[2026-05-31 13:37:40.351]      📗 YES: 订单ID=0xaac5ff4cddbce291a90de0d6c21e4f003a28047734ecaf4cff447e5faa316357 | 成交价=$0.5100
[2026-05-31 13:37:40.351]      📙 NO: 订单ID=0x1fe65ce30be886596c38923688b2abe3f7553110ab7e0e9bc405f38135e70516 | 成交价=$0.4000
[2026-05-31 13:37:40.351]      📍 当前状态: down_resting | 动作次数: 3
[2026-05-31 13:37:40.352]   📊 套利边缘: net=-0.4000 | 充足=True | edge=-0.4000 >= min=-0.5000; YES@0.510 cost=0.5100 + NO@0.400 cost=0.4000
[2026-05-31 13:38:07.754] 
[2026-05-31 13:38:07.754]   💤 等待 60s 后进行下次轮询...
[2026-05-31 13:39:07.761] 
[2026-05-31 13:39:07.764] ━━━━━━━━━━━━━━━━━━━━━━━━━━━━━━━━━━━━━━━━━━━━━━━━━━━━━━━━━━━━
[2026-05-31 13:39:07.765]   【 PreOpen 轮次 #70 】 2026-05-31 05:39:07 UTC
[2026-05-31 13:39:12.611] 
[2026-05-31 13:39:12.611]   🔍 【市场发现】共找到 5 个市场
[2026-05-31 13:39:12.612]      ├─ ❌ 过滤 [已开始] btc-updown-5m-1780205400 | 开始于 05:30:00 UTC | tts=-548s
[2026-05-31 13:39:12.612]      ├─ ❌ 过滤 [已开始] btc-updown-5m-1780205700 | 开始于 05:35:00 UTC | tts=-248s
[2026-05-31 13:39:12.612]      └─ ✅ 可交易 btc-updown-5m-1780206300 | 开始 05:45:00 UTC | 结束 05:50:00 UTC | tts=352s
[2026-05-31 13:39:12.612]      ├─ ❌ 过滤 [太远] btc-updown-5m-1780206600 | 开始于 05:50:00 UTC | tts=652s > 600s
[2026-05-31 13:39:12.612] 
[2026-05-31 13:39:12.612]   📊 【汇总】发现 5 个 | 可交易 0 个
[2026-05-31 13:39:12.612]      ├─ 已下单事件排除: 1
[2026-05-31 13:39:12.612]      └─ 时间窗口外: 3
[2026-05-31 13:39:12.612] 
[2026-05-31 13:39:12.612]   📅 【所有市场时间表】(当前: 05:39:07 UTC)
[2026-05-31 13:39:12.612]      🔴 已开始 05:30:00 - 05:35:00 UTC | btc-updown-5m-1780205400 | 开始已过 548s | 已结束
[2026-05-31 13:39:12.612]      🔴 已开始 05:35:00 - 05:40:00 UTC | btc-updown-5m-1780205700 | 开始已过 248s | 52s后结束
[2026-05-31 13:39:12.612]      ✅ 可交易 🧾已下单 05:40:00 - 05:45:00 UTC | btc-updown-5m-1780206000 | 开始52s后 | 352s后结束
[2026-05-31 13:39:12.612]      ✅ 可交易 05:45:00 - 05:50:00 UTC | btc-updown-5m-1780206300 | 开始352s后 | 652s后结束
[2026-05-31 13:39:12.612]      🔜 太远 05:50:00 - 05:55:00 UTC | btc-updown-5m-1780206600 | 开始652s后 | 952s后结束
[2026-05-31 13:39:12.612]   🎯 目标事件: btc-updown-5m-1780206000 | 状态=NO挂单中 | 距开始=52s | 距结束=352s
[2026-05-31 13:39:12.612]   ⏱  距离开始=52.2s | 状态=down_resting | 动作次数=3
[2026-05-31 13:39:12.612]   循环检查: ⏭️ 跳过 | 价格=- | 数量=- | 原因: action_count=3 >= max=3
[2026-05-31 13:39:12.612] 
[2026-05-31 13:39:12.612]   ✅ 【已下单】btc-updown-5m-1780206000
[2026-05-31 13:39:12.613]      📗 YES: 订单ID=0xaac5ff4cddbce291a90de0d6c21e4f003a28047734ecaf4cff447e5faa316357 | 成交价=$0.5100
[2026-05-31 13:39:12.613]      📙 NO: 订单ID=0x1fe65ce30be886596c38923688b2abe3f7553110ab7e0e9bc405f38135e70516 | 成交价=$0.4000
[2026-05-31 13:39:12.613]      📍 当前状态: down_resting | 动作次数: 3
[2026-05-31 13:39:12.613]   📊 套利边缘: net=-0.4000 | 充足=True | edge=-0.4000 >= min=-0.5000; YES@0.510 cost=0.5100 + NO@0.400 cost=0.4000
[2026-05-31 13:39:12.613] 
[2026-05-31 13:39:12.613]   💤 等待 60s 后进行下次轮询...
[2026-05-31 13:40:12.622] 
[2026-05-31 13:40:12.625] ━━━━━━━━━━━━━━━━━━━━━━━━━━━━━━━━━━━━━━━━━━━━━━━━━━━━━━━━━━━━
[2026-05-31 13:40:12.626]   【 PreOpen 轮次 #71 】 2026-05-31 05:40:12 UTC
[2026-05-31 13:40:17.188] 
[2026-05-31 13:40:17.188]   🔍 【市场发现】共找到 6 个市场
[2026-05-31 13:40:17.188]      ├─ ❌ 过滤 [已开始] btc-updown-5m-1780205400 | 开始于 05:30:00 UTC | tts=-613s
[2026-05-31 13:40:17.188]      ├─ ❌ 过滤 [已开始] btc-updown-5m-1780205700 | 开始于 05:35:00 UTC | tts=-313s
[2026-05-31 13:40:17.189]      └─ ✅ 可交易 btc-updown-5m-1780206300 | 开始 05:45:00 UTC | 结束 05:50:00 UTC | tts=287s
[2026-05-31 13:40:17.189]      └─ ✅ 可交易 btc-updown-5m-1780206600 | 开始 05:50:00 UTC | 结束 05:55:00 UTC | tts=587s
[2026-05-31 13:40:17.189]      ├─ ❌ 过滤 [太远] btc-updown-5m-1780206900 | 开始于 05:55:00 UTC | tts=887s > 600s
[2026-05-31 13:40:17.189] 
[2026-05-31 13:40:17.190]   📊 【汇总】发现 6 个 | 可交易 1 个
[2026-05-31 13:40:17.190]      ├─ 已下单事件排除: 1
[2026-05-31 13:40:17.190]      └─ 时间窗口外: 3
[2026-05-31 13:40:17.190] 
[2026-05-31 13:40:17.190]   📅 【所有市场时间表】(当前: 05:40:12 UTC)
[2026-05-31 13:40:17.190]      🔴 已开始 05:30:00 - 05:35:00 UTC | btc-updown-5m-1780205400 | 开始已过 613s | 已结束
[2026-05-31 13:40:17.190]      🔴 已开始 05:35:00 - 05:40:00 UTC | btc-updown-5m-1780205700 | 开始已过 313s | 已结束
[2026-05-31 13:40:17.190]      🔴 已开始 🧾已下单 05:40:00 - 05:45:00 UTC | btc-updown-5m-1780206000 | 开始已过 13s | 287s后结束
[2026-05-31 13:40:17.190]      ✅ 可交易 05:45:00 - 05:50:00 UTC | btc-updown-5m-1780206300 | 开始287s后 | 587s后结束
[2026-05-31 13:40:17.190]      ✅ 可交易 05:50:00 - 05:55:00 UTC | btc-updown-5m-1780206600 | 开始587s后 | 887s后结束
[2026-05-31 13:40:17.190]      🔜 太远 05:55:00 - 06:00:00 UTC | btc-updown-5m-1780206900 | 开始887s后 | 1187s后结束
[2026-05-31 13:40:17.191]   ✨ 新发现事件: btc-updown-5m-1780206600 | 状态=已发现 | 距开始=587s | 距结束=887s
[2026-05-31 13:40:17.191]   🎯 目标事件: btc-updown-5m-1780206300 | 状态=已发现 | 距开始=287s | 距结束=587s
[2026-05-31 13:40:17.191]   ⏱  距离开始=287.4s | 状态=discovered | 动作次数=0
[2026-05-31 13:40:17.191]   🔄 事件状态: DISCOVERED → READY | btc-updown-5m-1780206300
[2026-05-31 13:40:19.388]   📗 YES下单: ✅ 已下单 | 价格=$0.5100 | 数量=5.0份 | 订单ID=0x3631b4d9a00beee42de12b33cbde1bb1f52182a3884921f76a40df074fe5b78c
[2026-05-31 13:40:19.389]   ✅ Bought 5.0 YES shares @ $0.510
[2026-05-31 13:40:25.972]   📙 NO挂单: ✅ 已下单 | 价格=$0.4000 | 数量=5.0份 | 订单ID=0x59a40fa380690e64d4d5c3c22646e64c6774e5070ce3a5dd0afc1957c6bd8a54
[2026-05-31 13:40:25.972]   ✅ Bought 5.0 NO shares @ $0.400
[2026-05-31 13:40:32.832]   🎯 live 事件进度: 21/200
[2026-05-31 13:40:32.832] 
[2026-05-31 13:40:32.832]   ✅ 【已下单】btc-updown-5m-1780206300
[2026-05-31 13:40:32.832]      📗 YES: 订单ID=0x3631b4d9a00beee42de12b33cbde1bb1f52182a3884921f76a40df074fe5b78c | 成交价=$0.5100
[2026-05-31 13:40:32.832]      📙 NO: 订单ID=0x59a40fa380690e64d4d5c3c22646e64c6774e5070ce3a5dd0afc1957c6bd8a54 | 成交价=$0.4000
[2026-05-31 13:40:32.832]      📍 当前状态: down_resting | 动作次数: 3
[2026-05-31 13:40:32.832]   📊 套利边缘: net=-0.4000 | 充足=True | edge=-0.4000 >= min=-0.5000; YES@0.510 cost=0.5100 + NO@0.400 cost=0.4000
[2026-05-31 13:41:07.579] 
[2026-05-31 13:41:07.580]   💤 等待 60s 后进行下次轮询...
[2026-05-31 13:42:07.588] 
[2026-05-31 13:42:07.591] ━━━━━━━━━━━━━━━━━━━━━━━━━━━━━━━━━━━━━━━━━━━━━━━━━━━━━━━━━━━━
[2026-05-31 13:42:07.591]   【 PreOpen 轮次 #72 】 2026-05-31 05:42:07 UTC
[2026-05-31 13:42:07.592]   🗑 Pre-GC removed: btc-updown-5m-1780206000 | reason=stale/untradeable
[2026-05-31 13:42:12.123] 
[2026-05-31 13:42:12.123]   🔍 【市场发现】共找到 6 个市场
[2026-05-31 13:42:12.123]      ├─ ❌ 过滤 [已开始] btc-updown-5m-1780205400 | 开始于 05:30:00 UTC | tts=-728s
[2026-05-31 13:42:12.123]      ├─ ❌ 过滤 [已开始] btc-updown-5m-1780205700 | 开始于 05:35:00 UTC | tts=-428s
[2026-05-31 13:42:12.124]      ├─ ❌ 过滤 [已开始] btc-updown-5m-1780206000 | 开始于 05:40:00 UTC | tts=-128s
[2026-05-31 13:42:12.124]      └─ ✅ 可交易 btc-updown-5m-1780206600 | 开始 05:50:00 UTC | 结束 05:55:00 UTC | tts=472s
[2026-05-31 13:42:12.124]      ├─ ❌ 过滤 [太远] btc-updown-5m-1780206900 | 开始于 05:55:00 UTC | tts=772s > 600s
[2026-05-31 13:42:12.124] 
[2026-05-31 13:42:12.124]   📊 【汇总】发现 6 个 | 可交易 0 个
[2026-05-31 13:42:12.124]      ├─ 已下单事件排除: 1
[2026-05-31 13:42:12.124]      └─ 时间窗口外: 4
[2026-05-31 13:42:12.125] 
[2026-05-31 13:42:12.125]   📅 【所有市场时间表】(当前: 05:42:07 UTC)
[2026-05-31 13:42:12.125]      🔴 已开始 05:30:00 - 05:35:00 UTC | btc-updown-5m-1780205400 | 开始已过 728s | 已结束
[2026-05-31 13:42:12.125]      🔴 已开始 05:35:00 - 05:40:00 UTC | btc-updown-5m-1780205700 | 开始已过 428s | 已结束
[2026-05-31 13:42:12.125]      🔴 已开始 05:40:00 - 05:45:00 UTC | btc-updown-5m-1780206000 | 开始已过 128s | 172s后结束
[2026-05-31 13:42:12.125]      ✅ 可交易 🧾已下单 05:45:00 - 05:50:00 UTC | btc-updown-5m-1780206300 | 开始172s后 | 472s后结束
[2026-05-31 13:42:12.125]      ✅ 可交易 05:50:00 - 05:55:00 UTC | btc-updown-5m-1780206600 | 开始472s后 | 772s后结束
[2026-05-31 13:42:12.125]      🔜 太远 05:55:00 - 06:00:00 UTC | btc-updown-5m-1780206900 | 开始772s后 | 1072s后结束
[2026-05-31 13:42:12.126]   🎯 目标事件: btc-updown-5m-1780206300 | 状态=NO挂单中 | 距开始=172s | 距结束=472s
[2026-05-31 13:42:12.126]   ⏱  距离开始=172.4s | 状态=down_resting | 动作次数=3
[2026-05-31 13:42:12.126]   循环检查: ⏭️ 跳过 | 价格=- | 数量=- | 原因: action_count=3 >= max=3
[2026-05-31 13:42:12.126] 
[2026-05-31 13:42:12.126]   ✅ 【已下单】btc-updown-5m-1780206300
[2026-05-31 13:42:12.126]      📗 YES: 订单ID=0x3631b4d9a00beee42de12b33cbde1bb1f52182a3884921f76a40df074fe5b78c | 成交价=$0.5100
[2026-05-31 13:42:12.126]      📙 NO: 订单ID=0x59a40fa380690e64d4d5c3c22646e64c6774e5070ce3a5dd0afc1957c6bd8a54 | 成交价=$0.4000
[2026-05-31 13:42:12.126]      📍 当前状态: down_resting | 动作次数: 3
[2026-05-31 13:42:12.126]   📊 套利边缘: net=-0.4000 | 充足=True | edge=-0.4000 >= min=-0.5000; YES@0.510 cost=0.5100 + NO@0.400 cost=0.4000
[2026-05-31 13:42:12.126] 
[2026-05-31 13:42:12.126]   💤 等待 60s 后进行下次轮询...
[2026-05-31 13:43:12.134] 
[2026-05-31 13:43:12.136] ━━━━━━━━━━━━━━━━━━━━━━━━━━━━━━━━━━━━━━━━━━━━━━━━━━━━━━━━━━━━
[2026-05-31 13:43:12.136]   【 PreOpen 轮次 #73 】 2026-05-31 05:43:12 UTC
[2026-05-31 13:43:17.262] 
[2026-05-31 13:43:17.262]   🔍 【市场发现】共找到 6 个市场
[2026-05-31 13:43:17.263]      ├─ ❌ 过滤 [已开始] btc-updown-5m-1780205400 | 开始于 05:30:00 UTC | tts=-792s
[2026-05-31 13:43:17.263]      ├─ ❌ 过滤 [已开始] btc-updown-5m-1780205700 | 开始于 05:35:00 UTC | tts=-492s
[2026-05-31 13:43:17.263]      ├─ ❌ 过滤 [已开始] btc-updown-5m-1780206000 | 开始于 05:40:00 UTC | tts=-192s
[2026-05-31 13:43:17.263]      └─ ✅ 可交易 btc-updown-5m-1780206600 | 开始 05:50:00 UTC | 结束 05:55:00 UTC | tts=408s
[2026-05-31 13:43:17.263]      ├─ ❌ 过滤 [太远] btc-updown-5m-1780206900 | 开始于 05:55:00 UTC | tts=708s > 600s
[2026-05-31 13:43:17.263] 
[2026-05-31 13:43:17.263]   📊 【汇总】发现 6 个 | 可交易 0 个
[2026-05-31 13:43:17.264]      ├─ 已下单事件排除: 1
[2026-05-31 13:43:17.264]      └─ 时间窗口外: 4
[2026-05-31 13:43:17.264] 
[2026-05-31 13:43:17.264]   📅 【所有市场时间表】(当前: 05:43:12 UTC)
[2026-05-31 13:43:17.264]      🔴 已开始 05:30:00 - 05:35:00 UTC | btc-updown-5m-1780205400 | 开始已过 792s | 已结束
[2026-05-31 13:43:17.264]      🔴 已开始 05:35:00 - 05:40:00 UTC | btc-updown-5m-1780205700 | 开始已过 492s | 已结束
[2026-05-31 13:43:17.264]      🔴 已开始 05:40:00 - 05:45:00 UTC | btc-updown-5m-1780206000 | 开始已过 192s | 108s后结束
[2026-05-31 13:43:17.264]      ✅ 可交易 🧾已下单 05:45:00 - 05:50:00 UTC | btc-updown-5m-1780206300 | 开始108s后 | 408s后结束
[2026-05-31 13:43:17.264]      ✅ 可交易 05:50:00 - 05:55:00 UTC | btc-updown-5m-1780206600 | 开始408s后 | 708s后结束
[2026-05-31 13:43:17.264]      🔜 太远 05:55:00 - 06:00:00 UTC | btc-updown-5m-1780206900 | 开始708s后 | 1008s后结束
[2026-05-31 13:43:17.265]   🎯 目标事件: btc-updown-5m-1780206300 | 状态=NO挂单中 | 距开始=108s | 距结束=408s
[2026-05-31 13:43:17.265]   ⏱  距离开始=107.9s | 状态=down_resting | 动作次数=3
[2026-05-31 13:43:17.265]   循环检查: ⏭️ 跳过 | 价格=- | 数量=- | 原因: action_count=3 >= max=3
[2026-05-31 13:43:17.265] 
[2026-05-31 13:43:17.265]   ✅ 【已下单】btc-updown-5m-1780206300
[2026-05-31 13:43:17.266]      📗 YES: 订单ID=0x3631b4d9a00beee42de12b33cbde1bb1f52182a3884921f76a40df074fe5b78c | 成交价=$0.5100
[2026-05-31 13:43:17.266]      📙 NO: 订单ID=0x59a40fa380690e64d4d5c3c22646e64c6774e5070ce3a5dd0afc1957c6bd8a54 | 成交价=$0.4000
[2026-05-31 13:43:17.266]      📍 当前状态: down_resting | 动作次数: 3
[2026-05-31 13:43:17.266]   📊 套利边缘: net=-0.4000 | 充足=True | edge=-0.4000 >= min=-0.5000; YES@0.510 cost=0.5100 + NO@0.400 cost=0.4000
[2026-05-31 13:43:48.728]   🧾 结算回填: 已追加 2 条 settled 记录到 trades.csv
[2026-05-31 13:43:48.729] 
[2026-05-31 13:43:48.729]   💤 等待 60s 后进行下次轮询...
[2026-05-31 13:44:48.740] 
[2026-05-31 13:44:48.742] ━━━━━━━━━━━━━━━━━━━━━━━━━━━━━━━━━━━━━━━━━━━━━━━━━━━━━━━━━━━━
[2026-05-31 13:44:48.743]   【 PreOpen 轮次 #74 】 2026-05-31 05:44:48 UTC
[2026-05-31 13:44:53.362] 
[2026-05-31 13:44:53.362]   🔍 【市场发现】共找到 5 个市场
[2026-05-31 13:44:53.362]      ├─ ❌ 过滤 [已开始] btc-updown-5m-1780205700 | 开始于 05:35:00 UTC | tts=-589s
[2026-05-31 13:44:53.363]      ├─ ❌ 过滤 [已开始] btc-updown-5m-1780206000 | 开始于 05:40:00 UTC | tts=-289s
[2026-05-31 13:44:53.363]      └─ ✅ 可交易 btc-updown-5m-1780206600 | 开始 05:50:00 UTC | 结束 05:55:00 UTC | tts=311s
[2026-05-31 13:44:53.363]      ├─ ❌ 过滤 [太远] btc-updown-5m-1780206900 | 开始于 05:55:00 UTC | tts=611s > 600s
[2026-05-31 13:44:53.363] 
[2026-05-31 13:44:53.363]   📊 【汇总】发现 5 个 | 可交易 0 个
[2026-05-31 13:44:53.363]      ├─ 已下单事件排除: 1
[2026-05-31 13:44:53.363]      └─ 时间窗口外: 3
[2026-05-31 13:44:53.363] 
[2026-05-31 13:44:53.364]   📅 【所有市场时间表】(当前: 05:44:48 UTC)
[2026-05-31 13:44:53.364]      🔴 已开始 05:35:00 - 05:40:00 UTC | btc-updown-5m-1780205700 | 开始已过 589s | 已结束
[2026-05-31 13:44:53.364]      🔴 已开始 05:40:00 - 05:45:00 UTC | btc-updown-5m-1780206000 | 开始已过 289s | 11s后结束
[2026-05-31 13:44:53.364]      ✅ 可交易 🧾已下单 05:45:00 - 05:50:00 UTC | btc-updown-5m-1780206300 | 开始11s后 | 311s后结束
[2026-05-31 13:44:53.364]      ✅ 可交易 05:50:00 - 05:55:00 UTC | btc-updown-5m-1780206600 | 开始311s后 | 611s后结束
[2026-05-31 13:44:53.364]      🔜 太远 05:55:00 - 06:00:00 UTC | btc-updown-5m-1780206900 | 开始611s后 | 911s后结束
[2026-05-31 13:44:53.364]   🎯 目标事件: btc-updown-5m-1780206300 | 状态=NO挂单中 | 距开始=11s | 距结束=311s
[2026-05-31 13:44:53.364]   ⏱  距离开始=11.3s | 状态=down_resting | 动作次数=3
[2026-05-31 13:44:53.364]   循环检查: ⏭️ 跳过 | 价格=- | 数量=- | 原因: action_count=3 >= max=3
[2026-05-31 13:44:53.364] 
[2026-05-31 13:44:53.365]   ✅ 【已下单】btc-updown-5m-1780206300
[2026-05-31 13:44:53.365]      📗 YES: 订单ID=0x3631b4d9a00beee42de12b33cbde1bb1f52182a3884921f76a40df074fe5b78c | 成交价=$0.5100
[2026-05-31 13:44:53.365]      📙 NO: 订单ID=0x59a40fa380690e64d4d5c3c22646e64c6774e5070ce3a5dd0afc1957c6bd8a54 | 成交价=$0.4000
[2026-05-31 13:44:53.365]      📍 当前状态: down_resting | 动作次数: 3
[2026-05-31 13:44:53.365]   📊 套利边缘: net=-0.4000 | 充足=True | edge=-0.4000 >= min=-0.5000; YES@0.510 cost=0.5100 + NO@0.400 cost=0.4000
[2026-05-31 13:44:53.365] 
[2026-05-31 13:44:53.365]   💤 等待 60s 后进行下次轮询...
[2026-05-31 13:45:53.371] 
[2026-05-31 13:45:53.375] ━━━━━━━━━━━━━━━━━━━━━━━━━━━━━━━━━━━━━━━━━━━━━━━━━━━━━━━━━━━━
[2026-05-31 13:45:53.375]   【 PreOpen 轮次 #75 】 2026-05-31 05:45:53 UTC
[2026-05-31 13:45:57.831] 
[2026-05-31 13:45:57.831]   🔍 【市场发现】共找到 6 个市场
[2026-05-31 13:45:57.831]      ├─ ❌ 过滤 [已开始] btc-updown-5m-1780205700 | 开始于 05:35:00 UTC | tts=-653s
[2026-05-31 13:45:57.832]      ├─ ❌ 过滤 [已开始] btc-updown-5m-1780206000 | 开始于 05:40:00 UTC | tts=-353s
[2026-05-31 13:45:57.832]      └─ ✅ 可交易 btc-updown-5m-1780206600 | 开始 05:50:00 UTC | 结束 05:55:00 UTC | tts=247s
[2026-05-31 13:45:57.832]      └─ ✅ 可交易 btc-updown-5m-1780206900 | 开始 05:55:00 UTC | 结束 06:00:00 UTC | tts=547s
[2026-05-31 13:45:57.832]      ├─ ❌ 过滤 [太远] btc-updown-5m-1780207200 | 开始于 06:00:00 UTC | tts=847s > 600s
[2026-05-31 13:45:57.832] 
[2026-05-31 13:45:57.832]   📊 【汇总】发现 6 个 | 可交易 1 个
[2026-05-31 13:45:57.833]      ├─ 已下单事件排除: 1
[2026-05-31 13:45:57.833]      └─ 时间窗口外: 3
[2026-05-31 13:45:57.833] 
[2026-05-31 13:45:57.833]   📅 【所有市场时间表】(当前: 05:45:53 UTC)
[2026-05-31 13:45:57.833]      🔴 已开始 05:35:00 - 05:40:00 UTC | btc-updown-5m-1780205700 | 开始已过 653s | 已结束
[2026-05-31 13:45:57.833]      🔴 已开始 05:40:00 - 05:45:00 UTC | btc-updown-5m-1780206000 | 开始已过 353s | 已结束
[2026-05-31 13:45:57.833]      🔴 已开始 🧾已下单 05:45:00 - 05:50:00 UTC | btc-updown-5m-1780206300 | 开始已过 53s | 247s后结束
[2026-05-31 13:45:57.833]      ✅ 可交易 05:50:00 - 05:55:00 UTC | btc-updown-5m-1780206600 | 开始247s后 | 547s后结束
[2026-05-31 13:45:57.833]      ✅ 可交易 05:55:00 - 06:00:00 UTC | btc-updown-5m-1780206900 | 开始547s后 | 847s后结束
[2026-05-31 13:45:57.833]      🔜 太远 06:00:00 - 06:05:00 UTC | btc-updown-5m-1780207200 | 开始847s后 | 1147s后结束
[2026-05-31 13:45:57.833]   ✨ 新发现事件: btc-updown-5m-1780206900 | 状态=已发现 | 距开始=547s | 距结束=847s
[2026-05-31 13:45:57.834]   🎯 目标事件: btc-updown-5m-1780206600 | 状态=已发现 | 距开始=247s | 距结束=547s
[2026-05-31 13:45:57.834]   ⏱  距离开始=246.6s | 状态=discovered | 动作次数=0
[2026-05-31 13:45:57.834]   🔄 事件状态: DISCOVERED → READY | btc-updown-5m-1780206600
[2026-05-31 13:46:00.217]   📗 YES下单: ✅ 已下单 | 价格=$0.5100 | 数量=5.0份 | 订单ID=0x55ecfad817dafeb6705e099c9f16ad6d3b9a50364803e617db312c3096110889
[2026-05-31 13:46:00.218]   ✅ Bought 5.0 YES shares @ $0.510
[2026-05-31 13:46:06.348]   📙 NO挂单: ✅ 已下单 | 价格=$0.4000 | 数量=5.0份 | 订单ID=0x5ccd51f6d13f91c48c51b40e7ead140c408885eaf2372b823ee645db7f9aceb5
[2026-05-31 13:46:06.348]   ✅ Bought 5.0 NO shares @ $0.400
[2026-05-31 13:46:12.395]   🎯 live 事件进度: 22/200
[2026-05-31 13:46:12.395] 
[2026-05-31 13:46:12.395]   ✅ 【已下单】btc-updown-5m-1780206600
[2026-05-31 13:46:12.395]      📗 YES: 订单ID=0x55ecfad817dafeb6705e099c9f16ad6d3b9a50364803e617db312c3096110889 | 成交价=$0.5100
[2026-05-31 13:46:12.396]      📙 NO: 订单ID=0x5ccd51f6d13f91c48c51b40e7ead140c408885eaf2372b823ee645db7f9aceb5 | 成交价=$0.4000
[2026-05-31 13:46:12.396]      📍 当前状态: down_resting | 动作次数: 3
[2026-05-31 13:46:12.396]   📊 套利边缘: net=-0.4000 | 充足=True | edge=-0.4000 >= min=-0.5000; YES@0.510 cost=0.5100 + NO@0.400 cost=0.4000
[2026-05-31 13:46:39.903]   🧾 结算回填: 已追加 2 条 settled 记录到 trades.csv
[2026-05-31 13:46:39.905] 
[2026-05-31 13:46:39.905]   💤 等待 60s 后进行下次轮询...
[2026-05-31 13:47:39.916] 
[2026-05-31 13:47:39.919] ━━━━━━━━━━━━━━━━━━━━━━━━━━━━━━━━━━━━━━━━━━━━━━━━━━━━━━━━━━━━
[2026-05-31 13:47:39.919]   【 PreOpen 轮次 #76 】 2026-05-31 05:47:39 UTC
[2026-05-31 13:47:39.920]   🗑 Pre-GC removed: btc-updown-5m-1780206300 | reason=stale/untradeable
[2026-05-31 13:47:44.492] 
[2026-05-31 13:47:44.492]   🔍 【市场发现】共找到 6 个市场
[2026-05-31 13:47:44.492]      ├─ ❌ 过滤 [已开始] btc-updown-5m-1780205700 | 开始于 05:35:00 UTC | tts=-760s
[2026-05-31 13:47:44.493]      ├─ ❌ 过滤 [已开始] btc-updown-5m-1780206000 | 开始于 05:40:00 UTC | tts=-460s
[2026-05-31 13:47:44.493]      ├─ ❌ 过滤 [已开始] btc-updown-5m-1780206300 | 开始于 05:45:00 UTC | tts=-160s
[2026-05-31 13:47:44.493]      └─ ✅ 可交易 btc-updown-5m-1780206900 | 开始 05:55:00 UTC | 结束 06:00:00 UTC | tts=440s
[2026-05-31 13:47:44.493]      ├─ ❌ 过滤 [太远] btc-updown-5m-1780207200 | 开始于 06:00:00 UTC | tts=740s > 600s
[2026-05-31 13:47:44.493] 
[2026-05-31 13:47:44.493]   📊 【汇总】发现 6 个 | 可交易 0 个
[2026-05-31 13:47:44.493]      ├─ 已下单事件排除: 1
[2026-05-31 13:47:44.493]      └─ 时间窗口外: 4
[2026-05-31 13:47:44.493] 
[2026-05-31 13:47:44.493]   📅 【所有市场时间表】(当前: 05:47:39 UTC)
[2026-05-31 13:47:44.494]      🔴 已开始 05:35:00 - 05:40:00 UTC | btc-updown-5m-1780205700 | 开始已过 760s | 已结束
[2026-05-31 13:47:44.494]      🔴 已开始 05:40:00 - 05:45:00 UTC | btc-updown-5m-1780206000 | 开始已过 460s | 已结束
[2026-05-31 13:47:44.494]      🔴 已开始 05:45:00 - 05:50:00 UTC | btc-updown-5m-1780206300 | 开始已过 160s | 140s后结束
[2026-05-31 13:47:44.494]      ✅ 可交易 🧾已下单 05:50:00 - 05:55:00 UTC | btc-updown-5m-1780206600 | 开始140s后 | 440s后结束
[2026-05-31 13:47:44.494]      ✅ 可交易 05:55:00 - 06:00:00 UTC | btc-updown-5m-1780206900 | 开始440s后 | 740s后结束
[2026-05-31 13:47:44.494]      🔜 太远 06:00:00 - 06:05:00 UTC | btc-updown-5m-1780207200 | 开始740s后 | 1040s后结束
[2026-05-31 13:47:44.494]   🎯 目标事件: btc-updown-5m-1780206600 | 状态=NO挂单中 | 距开始=140s | 距结束=440s
[2026-05-31 13:47:44.494]   ⏱  距离开始=140.1s | 状态=down_resting | 动作次数=3
[2026-05-31 13:47:44.494]   循环检查: ⏭️ 跳过 | 价格=- | 数量=- | 原因: action_count=3 >= max=3
[2026-05-31 13:47:44.495] 
[2026-05-31 13:47:44.495]   ✅ 【已下单】btc-updown-5m-1780206600
[2026-05-31 13:47:44.495]      📗 YES: 订单ID=0x55ecfad817dafeb6705e099c9f16ad6d3b9a50364803e617db312c3096110889 | 成交价=$0.5100
[2026-05-31 13:47:44.495]      📙 NO: 订单ID=0x5ccd51f6d13f91c48c51b40e7ead140c408885eaf2372b823ee645db7f9aceb5 | 成交价=$0.4000
[2026-05-31 13:47:44.495]      📍 当前状态: down_resting | 动作次数: 3
[2026-05-31 13:47:44.495]   📊 套利边缘: net=-0.4000 | 充足=True | edge=-0.4000 >= min=-0.5000; YES@0.510 cost=0.5100 + NO@0.400 cost=0.4000
[2026-05-31 13:47:44.495] 
[2026-05-31 13:47:44.495]   💤 等待 60s 后进行下次轮询...
[2026-05-31 13:48:44.502] 
[2026-05-31 13:48:44.504] ━━━━━━━━━━━━━━━━━━━━━━━━━━━━━━━━━━━━━━━━━━━━━━━━━━━━━━━━━━━━
[2026-05-31 13:48:44.504]   【 PreOpen 轮次 #77 】 2026-05-31 05:48:44 UTC
[2026-05-31 13:48:49.526] 
[2026-05-31 13:48:49.527]   🔍 【市场发现】共找到 5 个市场
[2026-05-31 13:48:49.527]      ├─ ❌ 过滤 [已开始] btc-updown-5m-1780206000 | 开始于 05:40:00 UTC | tts=-525s
[2026-05-31 13:48:49.527]      ├─ ❌ 过滤 [已开始] btc-updown-5m-1780206300 | 开始于 05:45:00 UTC | tts=-225s
[2026-05-31 13:48:49.527]      └─ ✅ 可交易 btc-updown-5m-1780206900 | 开始 05:55:00 UTC | 结束 06:00:00 UTC | tts=375s
[2026-05-31 13:48:49.527]      ├─ ❌ 过滤 [太远] btc-updown-5m-1780207200 | 开始于 06:00:00 UTC | tts=675s > 600s
[2026-05-31 13:48:49.528] 
[2026-05-31 13:48:49.528]   📊 【汇总】发现 5 个 | 可交易 0 个
[2026-05-31 13:48:49.528]      ├─ 已下单事件排除: 1
[2026-05-31 13:48:49.528]      └─ 时间窗口外: 3
[2026-05-31 13:48:49.528] 
[2026-05-31 13:48:49.528]   📅 【所有市场时间表】(当前: 05:48:44 UTC)
[2026-05-31 13:48:49.528]      🔴 已开始 05:40:00 - 05:45:00 UTC | btc-updown-5m-1780206000 | 开始已过 525s | 已结束
[2026-05-31 13:48:49.528]      🔴 已开始 05:45:00 - 05:50:00 UTC | btc-updown-5m-1780206300 | 开始已过 225s | 75s后结束
[2026-05-31 13:48:49.528]      ✅ 可交易 🧾已下单 05:50:00 - 05:55:00 UTC | btc-updown-5m-1780206600 | 开始75s后 | 375s后结束
[2026-05-31 13:48:49.529]      ✅ 可交易 05:55:00 - 06:00:00 UTC | btc-updown-5m-1780206900 | 开始375s后 | 675s后结束
[2026-05-31 13:48:49.529]      🔜 太远 06:00:00 - 06:05:00 UTC | btc-updown-5m-1780207200 | 开始675s后 | 975s后结束
[2026-05-31 13:48:49.529]   🎯 目标事件: btc-updown-5m-1780206600 | 状态=NO挂单中 | 距开始=75s | 距结束=375s
[2026-05-31 13:48:49.529]   ⏱  距离开始=75.5s | 状态=down_resting | 动作次数=3
[2026-05-31 13:48:49.529]   循环检查: ⏭️ 跳过 | 价格=- | 数量=- | 原因: action_count=3 >= max=3
[2026-05-31 13:48:49.529] 
[2026-05-31 13:48:49.529]   ✅ 【已下单】btc-updown-5m-1780206600
[2026-05-31 13:48:49.529]      📗 YES: 订单ID=0x55ecfad817dafeb6705e099c9f16ad6d3b9a50364803e617db312c3096110889 | 成交价=$0.5100
[2026-05-31 13:48:49.530]      📙 NO: 订单ID=0x5ccd51f6d13f91c48c51b40e7ead140c408885eaf2372b823ee645db7f9aceb5 | 成交价=$0.4000
[2026-05-31 13:48:49.530]      📍 当前状态: down_resting | 动作次数: 3
[2026-05-31 13:48:49.530]   📊 套利边缘: net=-0.4000 | 充足=True | edge=-0.4000 >= min=-0.5000; YES@0.510 cost=0.5100 + NO@0.400 cost=0.4000
[2026-05-31 13:49:14.944] 
[2026-05-31 13:49:14.946]   💤 等待 60s 后进行下次轮询...
[2026-05-31 13:50:14.948] 
[2026-05-31 13:50:14.951] ━━━━━━━━━━━━━━━━━━━━━━━━━━━━━━━━━━━━━━━━━━━━━━━━━━━━━━━━━━━━
[2026-05-31 13:50:14.952]   【 PreOpen 轮次 #78 】 2026-05-31 05:50:14 UTC
[2026-05-31 13:50:19.618] 
[2026-05-31 13:50:19.618]   🔍 【市场发现】共找到 6 个市场
[2026-05-31 13:50:19.618]      ├─ ❌ 过滤 [已开始] btc-updown-5m-1780206000 | 开始于 05:40:00 UTC | tts=-615s
[2026-05-31 13:50:19.619]      ├─ ❌ 过滤 [已开始] btc-updown-5m-1780206300 | 开始于 05:45:00 UTC | tts=-315s
[2026-05-31 13:50:19.619]      └─ ✅ 可交易 btc-updown-5m-1780206900 | 开始 05:55:00 UTC | 结束 06:00:00 UTC | tts=285s
[2026-05-31 13:50:19.619]      └─ ✅ 可交易 btc-updown-5m-1780207200 | 开始 06:00:00 UTC | 结束 06:05:00 UTC | tts=585s
[2026-05-31 13:50:19.619]      ├─ ❌ 过滤 [太远] btc-updown-5m-1780207500 | 开始于 06:05:00 UTC | tts=885s > 600s
[2026-05-31 13:50:19.619] 
[2026-05-31 13:50:19.620]   📊 【汇总】发现 6 个 | 可交易 1 个
[2026-05-31 13:50:19.620]      ├─ 已下单事件排除: 1
[2026-05-31 13:50:19.620]      └─ 时间窗口外: 3
[2026-05-31 13:50:19.620] 
[2026-05-31 13:50:19.620]   📅 【所有市场时间表】(当前: 05:50:14 UTC)
[2026-05-31 13:50:19.620]      🔴 已开始 05:40:00 - 05:45:00 UTC | btc-updown-5m-1780206000 | 开始已过 615s | 已结束
[2026-05-31 13:50:19.620]      🔴 已开始 05:45:00 - 05:50:00 UTC | btc-updown-5m-1780206300 | 开始已过 315s | 已结束
[2026-05-31 13:50:19.620]      🔴 已开始 🧾已下单 05:50:00 - 05:55:00 UTC | btc-updown-5m-1780206600 | 开始已过 15s | 285s后结束
[2026-05-31 13:50:19.621]      ✅ 可交易 05:55:00 - 06:00:00 UTC | btc-updown-5m-1780206900 | 开始285s后 | 585s后结束
[2026-05-31 13:50:19.621]      ✅ 可交易 06:00:00 - 06:05:00 UTC | btc-updown-5m-1780207200 | 开始585s后 | 885s后结束
[2026-05-31 13:50:19.621]      🔜 太远 06:05:00 - 06:10:00 UTC | btc-updown-5m-1780207500 | 开始885s后 | 1185s后结束
[2026-05-31 13:50:19.621]   ✨ 新发现事件: btc-updown-5m-1780207200 | 状态=已发现 | 距开始=585s | 距结束=885s
[2026-05-31 13:50:19.621]   🎯 目标事件: btc-updown-5m-1780206900 | 状态=已发现 | 距开始=285s | 距结束=585s
[2026-05-31 13:50:19.622]   ⏱  距离开始=285.1s | 状态=discovered | 动作次数=0
[2026-05-31 13:50:19.622]   🔄 事件状态: DISCOVERED → READY | btc-updown-5m-1780206900
[2026-05-31 13:50:21.864]   📗 YES下单: ✅ 已下单 | 价格=$0.5100 | 数量=5.0份 | 订单ID=0x113302deaf98b077c2517dd62184410db034471ef3b086e257742b7e73c4ac55
[2026-05-31 13:50:21.864]   ✅ Bought 5.0 YES shares @ $0.510
[2026-05-31 13:50:27.995]   📙 NO挂单: ✅ 已下单 | 价格=$0.4000 | 数量=5.0份 | 订单ID=0x6f6f5a43bf30632dabb850f9778cc0ab6e1f3b384b00f77ce9add93338a43671
[2026-05-31 13:50:27.995]   ✅ Bought 5.0 NO shares @ $0.400
[2026-05-31 13:50:34.118]   🎯 live 事件进度: 23/200
[2026-05-31 13:50:34.118] 
[2026-05-31 13:50:34.118]   ✅ 【已下单】btc-updown-5m-1780206900
[2026-05-31 13:50:34.118]      📗 YES: 订单ID=0x113302deaf98b077c2517dd62184410db034471ef3b086e257742b7e73c4ac55 | 成交价=$0.5100
[2026-05-31 13:50:34.118]      📙 NO: 订单ID=0x6f6f5a43bf30632dabb850f9778cc0ab6e1f3b384b00f77ce9add93338a43671 | 成交价=$0.4000
[2026-05-31 13:50:34.118]      📍 当前状态: down_resting | 动作次数: 3
[2026-05-31 13:50:34.118]   📊 套利边缘: net=-0.4000 | 充足=True | edge=-0.4000 >= min=-0.5000; YES@0.510 cost=0.5100 + NO@0.400 cost=0.4000
[2026-05-31 13:50:34.118] 
[2026-05-31 13:50:34.118]   💤 等待 60s 后进行下次轮询...
[2026-05-31 13:51:34.130] 
[2026-05-31 13:51:34.133] ━━━━━━━━━━━━━━━━━━━━━━━━━━━━━━━━━━━━━━━━━━━━━━━━━━━━━━━━━━━━
[2026-05-31 13:51:34.135]   【 PreOpen 轮次 #79 】 2026-05-31 05:51:34 UTC
[2026-05-31 13:51:34.136]   🗑 Pre-GC removed: btc-updown-5m-1780206600 | reason=stale/untradeable
[2026-05-31 13:51:38.564] 
[2026-05-31 13:51:38.564]   🔍 【市场发现】共找到 5 个市场
[2026-05-31 13:51:38.565]      ├─ ❌ 过滤 [已开始] btc-updown-5m-1780206300 | 开始于 05:45:00 UTC | tts=-394s
[2026-05-31 13:51:38.565]      ├─ ❌ 过滤 [已开始] btc-updown-5m-1780206600 | 开始于 05:50:00 UTC | tts=-94s
[2026-05-31 13:51:38.565]      └─ ✅ 可交易 btc-updown-5m-1780207200 | 开始 06:00:00 UTC | 结束 06:05:00 UTC | tts=506s
[2026-05-31 13:51:38.566]      ├─ ❌ 过滤 [太远] btc-updown-5m-1780207500 | 开始于 06:05:00 UTC | tts=806s > 600s
[2026-05-31 13:51:38.567] 
[2026-05-31 13:51:38.567]   📊 【汇总】发现 5 个 | 可交易 0 个
[2026-05-31 13:51:38.567]      ├─ 已下单事件排除: 1
[2026-05-31 13:51:38.567]      └─ 时间窗口外: 3
[2026-05-31 13:51:38.567] 
[2026-05-31 13:51:38.567]   📅 【所有市场时间表】(当前: 05:51:34 UTC)
[2026-05-31 13:51:38.568]      🔴 已开始 05:45:00 - 05:50:00 UTC | btc-updown-5m-1780206300 | 开始已过 394s | 已结束
[2026-05-31 13:51:38.569]      🔴 已开始 05:50:00 - 05:55:00 UTC | btc-updown-5m-1780206600 | 开始已过 94s | 206s后结束
[2026-05-31 13:51:38.569]      ✅ 可交易 🧾已下单 05:55:00 - 06:00:00 UTC | btc-updown-5m-1780206900 | 开始206s后 | 506s后结束
[2026-05-31 13:51:38.569]      ✅ 可交易 06:00:00 - 06:05:00 UTC | btc-updown-5m-1780207200 | 开始506s后 | 806s后结束
[2026-05-31 13:51:38.569]      🔜 太远 06:05:00 - 06:10:00 UTC | btc-updown-5m-1780207500 | 开始806s后 | 1106s后结束
[2026-05-31 13:51:38.570]   🎯 目标事件: btc-updown-5m-1780206900 | 状态=NO挂单中 | 距开始=206s | 距结束=506s
[2026-05-31 13:51:38.570]   ⏱  距离开始=205.9s | 状态=down_resting | 动作次数=3
[2026-05-31 13:51:38.570]   循环检查: ⏭️ 跳过 | 价格=- | 数量=- | 原因: action_count=3 >= max=3
[2026-05-31 13:51:38.570] 
[2026-05-31 13:51:38.570]   ✅ 【已下单】btc-updown-5m-1780206900
[2026-05-31 13:51:38.570]      📗 YES: 订单ID=0x113302deaf98b077c2517dd62184410db034471ef3b086e257742b7e73c4ac55 | 成交价=$0.5100
[2026-05-31 13:51:38.570]      📙 NO: 订单ID=0x6f6f5a43bf30632dabb850f9778cc0ab6e1f3b384b00f77ce9add93338a43671 | 成交价=$0.4000
[2026-05-31 13:51:38.570]      📍 当前状态: down_resting | 动作次数: 3
[2026-05-31 13:51:38.570]   📊 套利边缘: net=-0.4000 | 充足=True | edge=-0.4000 >= min=-0.5000; YES@0.510 cost=0.5100 + NO@0.400 cost=0.4000
[2026-05-31 13:52:07.596]   🧾 结算回填: 已追加 2 条 settled 记录到 trades.csv
[2026-05-31 13:52:07.597] 
[2026-05-31 13:52:07.597]   💤 等待 60s 后进行下次轮询...
[2026-05-31 13:53:07.607] 
[2026-05-31 13:53:07.610] ━━━━━━━━━━━━━━━━━━━━━━━━━━━━━━━━━━━━━━━━━━━━━━━━━━━━━━━━━━━━
[2026-05-31 13:53:07.610]   【 PreOpen 轮次 #80 】 2026-05-31 05:53:07 UTC
[2026-05-31 13:53:12.748] 
[2026-05-31 13:53:12.748]   🔍 【市场发现】共找到 5 个市场
[2026-05-31 13:53:12.749]      ├─ ❌ 过滤 [已开始] btc-updown-5m-1780206300 | 开始于 05:45:00 UTC | tts=-488s
[2026-05-31 13:53:12.749]      ├─ ❌ 过滤 [已开始] btc-updown-5m-1780206600 | 开始于 05:50:00 UTC | tts=-188s
[2026-05-31 13:53:12.749]      └─ ✅ 可交易 btc-updown-5m-1780207200 | 开始 06:00:00 UTC | 结束 06:05:00 UTC | tts=412s
[2026-05-31 13:53:12.750]      ├─ ❌ 过滤 [太远] btc-updown-5m-1780207500 | 开始于 06:05:00 UTC | tts=712s > 600s
[2026-05-31 13:53:12.750] 
[2026-05-31 13:53:12.750]   📊 【汇总】发现 5 个 | 可交易 0 个
[2026-05-31 13:53:12.750]      ├─ 已下单事件排除: 1
[2026-05-31 13:53:12.750]      └─ 时间窗口外: 3
[2026-05-31 13:53:12.750] 
[2026-05-31 13:53:12.750]   📅 【所有市场时间表】(当前: 05:53:07 UTC)
[2026-05-31 13:53:12.750]      🔴 已开始 05:45:00 - 05:50:00 UTC | btc-updown-5m-1780206300 | 开始已过 488s | 已结束
[2026-05-31 13:53:12.750]      🔴 已开始 05:50:00 - 05:55:00 UTC | btc-updown-5m-1780206600 | 开始已过 188s | 112s后结束
[2026-05-31 13:53:12.751]      ✅ 可交易 🧾已下单 05:55:00 - 06:00:00 UTC | btc-updown-5m-1780206900 | 开始112s后 | 412s后结束
[2026-05-31 13:53:12.751]      ✅ 可交易 06:00:00 - 06:05:00 UTC | btc-updown-5m-1780207200 | 开始412s后 | 712s后结束
[2026-05-31 13:53:12.751]      🔜 太远 06:05:00 - 06:10:00 UTC | btc-updown-5m-1780207500 | 开始712s后 | 1012s后结束
[2026-05-31 13:53:12.751]   🎯 目标事件: btc-updown-5m-1780206900 | 状态=NO挂单中 | 距开始=112s | 距结束=412s
[2026-05-31 13:53:12.751]   ⏱  距离开始=112.4s | 状态=down_resting | 动作次数=3
[2026-05-31 13:53:12.751]   循环检查: ⏭️ 跳过 | 价格=- | 数量=- | 原因: action_count=3 >= max=3
[2026-05-31 13:53:12.751] 
[2026-05-31 13:53:12.751]   ✅ 【已下单】btc-updown-5m-1780206900
[2026-05-31 13:53:12.751]      📗 YES: 订单ID=0x113302deaf98b077c2517dd62184410db034471ef3b086e257742b7e73c4ac55 | 成交价=$0.5100
[2026-05-31 13:53:12.751]      📙 NO: 订单ID=0x6f6f5a43bf30632dabb850f9778cc0ab6e1f3b384b00f77ce9add93338a43671 | 成交价=$0.4000
[2026-05-31 13:53:12.751]      📍 当前状态: down_resting | 动作次数: 3
[2026-05-31 13:53:12.752]   📊 套利边缘: net=-0.4000 | 充足=True | edge=-0.4000 >= min=-0.5000; YES@0.510 cost=0.5100 + NO@0.400 cost=0.4000
[2026-05-31 13:53:12.752] 
[2026-05-31 13:53:12.752]   💤 等待 60s 后进行下次轮询...
[2026-05-31 14:03:45.167] 
[2026-05-31 14:03:45.170] ━━━━━━━━━━━━━━━━━━━━━━━━━━━━━━━━━━━━━━━━━━━━━━━━━━━━━━━━━━━━
[2026-05-31 14:03:45.170]   【 PreOpen 轮次 #81 】 2026-05-31 06:03:45 UTC
[2026-05-31 14:03:45.172]   🗑 Pre-GC removed: btc-updown-5m-1780206900 | reason=stale/untradeable
[2026-05-31 14:03:45.172]   🗑 Pre-GC removed: btc-updown-5m-1780207200 | reason=stale/untradeable
[2026-05-31 14:03:52.695] 
[2026-05-31 14:03:52.695]   🔍 【市场发现】共找到 4 个市场
[2026-05-31 14:03:52.695]      ├─ ❌ 过滤 [已开始] btc-updown-5m-1780207200 | 开始于 06:00:00 UTC | tts=-225s
[2026-05-31 14:03:52.696]      └─ ✅ 可交易 btc-updown-5m-1780207500 | 开始 06:05:00 UTC | 结束 06:10:00 UTC | tts=75s
[2026-05-31 14:03:52.696]      └─ ✅ 可交易 btc-updown-5m-1780207800 | 开始 06:10:00 UTC | 结束 06:15:00 UTC | tts=375s
[2026-05-31 14:03:52.697]      ├─ ❌ 过滤 [太远] btc-updown-5m-1780208100 | 开始于 06:15:00 UTC | tts=675s > 600s
[2026-05-31 14:03:52.697] 
[2026-05-31 14:03:52.697]   📊 【汇总】发现 4 个 | 可交易 2 个
[2026-05-31 14:03:52.697]      └─ 时间窗口外: 2
[2026-05-31 14:03:52.697] 
[2026-05-31 14:03:52.697]   📅 【所有市场时间表】(当前: 06:03:45 UTC)
[2026-05-31 14:03:52.697]      🔴 已开始 06:00:00 - 06:05:00 UTC | btc-updown-5m-1780207200 | 开始已过 225s | 75s后结束
[2026-05-31 14:03:52.697]      ✅ 可交易 06:05:00 - 06:10:00 UTC | btc-updown-5m-1780207500 | 开始75s后 | 375s后结束
[2026-05-31 14:03:52.697]      ✅ 可交易 06:10:00 - 06:15:00 UTC | btc-updown-5m-1780207800 | 开始375s后 | 675s后结束
[2026-05-31 14:03:52.697]      🔜 太远 06:15:00 - 06:20:00 UTC | btc-updown-5m-1780208100 | 开始675s后 | 975s后结束
[2026-05-31 14:03:52.697]   ✨ 新发现事件: btc-updown-5m-1780207500 | 状态=已发现 | 距开始=75s | 距结束=375s
[2026-05-31 14:03:52.697]   ✨ 新发现事件: btc-updown-5m-1780207800 | 状态=已发现 | 距开始=375s | 距结束=675s
[2026-05-31 14:03:52.697]   🎯 目标事件: btc-updown-5m-1780207500 | 状态=已发现 | 距开始=75s | 距结束=375s
[2026-05-31 14:03:52.697]   ⏱  距离开始=74.8s | 状态=discovered | 动作次数=0
[2026-05-31 14:03:52.697]   🔄 事件状态: DISCOVERED → READY | btc-updown-5m-1780207500
[2026-05-31 14:03:56.092]   📗 YES下单: ✅ 已下单 | 价格=$0.5700 | 数量=5.0份 | 订单ID=0x8effdb9cd9a8310282ec570dceba1a4a3c39109fa844e9f74fbf8cf53bb41478
[2026-05-31 14:03:56.092]   ✅ Bought 5.0 YES shares @ $0.570
[2026-05-31 14:04:05.123]   📙 NO挂单: ✅ 已下单 | 价格=$0.4000 | 数量=5.0份 | 订单ID=0x7b99b0e5a17471e824f6d2158423f84a6b8b8973a6fb378c64c093c958c480d7
[2026-05-31 14:04:05.124]   ✅ Bought 5.0 NO shares @ $0.400
[2026-05-31 14:04:13.070]   🎯 live 事件进度: 24/200
[2026-05-31 14:04:13.070] 
[2026-05-31 14:04:13.070]   ✅ 【已下单】btc-updown-5m-1780207500
[2026-05-31 14:04:13.070]      📗 YES: 订单ID=0x8effdb9cd9a8310282ec570dceba1a4a3c39109fa844e9f74fbf8cf53bb41478 | 成交价=$0.5700
[2026-05-31 14:04:13.070]      📙 NO: 订单ID=0x7b99b0e5a17471e824f6d2158423f84a6b8b8973a6fb378c64c093c958c480d7 | 成交价=$0.4000
[2026-05-31 14:04:13.070]      📍 当前状态: down_resting | 动作次数: 3
[2026-05-31 14:04:13.070]   📊 套利边缘: net=-0.4000 | 充足=True | edge=-0.4000 >= min=-0.5000; YES@0.570 cost=0.5700 + NO@0.400 cost=0.4000
[2026-05-31 14:04:31.528]   🧾 结算回填: 已追加 6 条 settled 记录到 trades.csv
[2026-05-31 14:04:31.528] 
[2026-05-31 14:04:31.528]   💤 等待 60s 后进行下次轮询...
[2026-05-31 14:05:31.533] 
[2026-05-31 14:05:31.535] ━━━━━━━━━━━━━━━━━━━━━━━━━━━━━━━━━━━━━━━━━━━━━━━━━━━━━━━━━━━━
[2026-05-31 14:05:31.535]   【 PreOpen 轮次 #82 】 2026-05-31 06:05:31 UTC
[2026-05-31 14:05:39.421] 
[2026-05-31 14:05:39.422]   🔍 【市场发现】共找到 5 个市场
[2026-05-31 14:05:39.422]      ├─ ❌ 过滤 [已开始] btc-updown-5m-1780207200 | 开始于 06:00:00 UTC | tts=-332s
[2026-05-31 14:05:39.422]      └─ ✅ 可交易 btc-updown-5m-1780207800 | 开始 06:10:00 UTC | 结束 06:15:00 UTC | tts=268s
[2026-05-31 14:05:39.422]      └─ ✅ 可交易 btc-updown-5m-1780208100 | 开始 06:15:00 UTC | 结束 06:20:00 UTC | tts=568s
[2026-05-31 14:05:39.423]      ├─ ❌ 过滤 [太远] btc-updown-5m-1780208400 | 开始于 06:20:00 UTC | tts=868s > 600s
[2026-05-31 14:05:39.423] 
[2026-05-31 14:05:39.423]   📊 【汇总】发现 5 个 | 可交易 1 个
[2026-05-31 14:05:39.423]      ├─ 已下单事件排除: 1
[2026-05-31 14:05:39.423]      └─ 时间窗口外: 2
[2026-05-31 14:05:39.423] 
[2026-05-31 14:05:39.423]   📅 【所有市场时间表】(当前: 06:05:31 UTC)
[2026-05-31 14:05:39.423]      🔴 已开始 06:00:00 - 06:05:00 UTC | btc-updown-5m-1780207200 | 开始已过 332s | 已结束
[2026-05-31 14:05:39.423]      🔴 已开始 🧾已下单 06:05:00 - 06:10:00 UTC | btc-updown-5m-1780207500 | 开始已过 32s | 268s后结束
[2026-05-31 14:05:39.423]      ✅ 可交易 06:10:00 - 06:15:00 UTC | btc-updown-5m-1780207800 | 开始268s后 | 568s后结束
[2026-05-31 14:05:39.423]      ✅ 可交易 06:15:00 - 06:20:00 UTC | btc-updown-5m-1780208100 | 开始568s后 | 868s后结束
[2026-05-31 14:05:39.423]      🔜 太远 06:20:00 - 06:25:00 UTC | btc-updown-5m-1780208400 | 开始868s后 | 1168s后结束
[2026-05-31 14:05:39.424]   ✨ 新发现事件: btc-updown-5m-1780208100 | 状态=已发现 | 距开始=568s | 距结束=868s
[2026-05-31 14:05:39.424]   🎯 目标事件: btc-updown-5m-1780207800 | 状态=已发现 | 距开始=268s | 距结束=568s
[2026-05-31 14:05:39.424]   ⏱  距离开始=268.5s | 状态=discovered | 动作次数=0
[2026-05-31 14:05:39.424]   🔄 事件状态: DISCOVERED → READY | btc-updown-5m-1780207800
[2026-05-31 14:05:42.179]   📗 YES下单: ✅ 已下单 | 价格=$0.5200 | 数量=5.0份 | 订单ID=0x23db222aad47eae9b3bb12092a98eae061818f14d2f6d125f4e90f2654951210
[2026-05-31 14:05:42.179]   ✅ Bought 5.0 YES shares @ $0.520
[2026-05-31 14:05:48.858]   📙 NO挂单: ✅ 已下单 | 价格=$0.4000 | 数量=5.0份 | 订单ID=0xb0f67737b5dc60117cf2bf8dec333c5192d73f3e187aeeff46bae4e22f19f32c
[2026-05-31 14:05:48.858]   ✅ Bought 5.0 NO shares @ $0.400
[2026-05-31 14:05:55.095]   🎯 live 事件进度: 25/200
[2026-05-31 14:05:55.096] 
[2026-05-31 14:05:55.096]   ✅ 【已下单】btc-updown-5m-1780207800
[2026-05-31 14:05:55.096]      📗 YES: 订单ID=0x23db222aad47eae9b3bb12092a98eae061818f14d2f6d125f4e90f2654951210 | 成交价=$0.5200
[2026-05-31 14:05:55.096]      📙 NO: 订单ID=0xb0f67737b5dc60117cf2bf8dec333c5192d73f3e187aeeff46bae4e22f19f32c | 成交价=$0.4000
[2026-05-31 14:05:55.096]      📍 当前状态: down_resting | 动作次数: 3
[2026-05-31 14:05:55.096]   📊 套利边缘: net=-0.4000 | 充足=True | edge=-0.4000 >= min=-0.5000; YES@0.520 cost=0.5200 + NO@0.400 cost=0.4000
[2026-05-31 14:05:55.096] 
[2026-05-31 14:05:55.096]   💤 等待 60s 后进行下次轮询...
[2026-05-31 14:06:55.102] 
[2026-05-31 14:06:55.105] ━━━━━━━━━━━━━━━━━━━━━━━━━━━━━━━━━━━━━━━━━━━━━━━━━━━━━━━━━━━━
[2026-05-31 14:06:55.105]   【 PreOpen 轮次 #83 】 2026-05-31 06:06:55 UTC
[2026-05-31 14:06:55.106]   🗑 Pre-GC removed: btc-updown-5m-1780207500 | reason=stale/untradeable
[2026-05-31 14:06:59.491] 
[2026-05-31 14:06:59.492]   🔍 【市场发现】共找到 5 个市场
[2026-05-31 14:06:59.492]      ├─ ❌ 过滤 [已开始] btc-updown-5m-1780207200 | 开始于 06:00:00 UTC | tts=-415s
[2026-05-31 14:06:59.492]      ├─ ❌ 过滤 [已开始] btc-updown-5m-1780207500 | 开始于 06:05:00 UTC | tts=-115s
[2026-05-31 14:06:59.492]      └─ ✅ 可交易 btc-updown-5m-1780208100 | 开始 06:15:00 UTC | 结束 06:20:00 UTC | tts=485s
[2026-05-31 14:06:59.492]      ├─ ❌ 过滤 [太远] btc-updown-5m-1780208400 | 开始于 06:20:00 UTC | tts=785s > 600s
[2026-05-31 14:06:59.493] 
[2026-05-31 14:06:59.493]   📊 【汇总】发现 5 个 | 可交易 0 个
[2026-05-31 14:06:59.493]      ├─ 已下单事件排除: 1
[2026-05-31 14:06:59.493]      └─ 时间窗口外: 3
[2026-05-31 14:06:59.493] 
[2026-05-31 14:06:59.493]   📅 【所有市场时间表】(当前: 06:06:55 UTC)
[2026-05-31 14:06:59.493]      🔴 已开始 06:00:00 - 06:05:00 UTC | btc-updown-5m-1780207200 | 开始已过 415s | 已结束
[2026-05-31 14:06:59.493]      🔴 已开始 06:05:00 - 06:10:00 UTC | btc-updown-5m-1780207500 | 开始已过 115s | 185s后结束
[2026-05-31 14:06:59.493]      ✅ 可交易 🧾已下单 06:10:00 - 06:15:00 UTC | btc-updown-5m-1780207800 | 开始185s后 | 485s后结束
[2026-05-31 14:06:59.494]      ✅ 可交易 06:15:00 - 06:20:00 UTC | btc-updown-5m-1780208100 | 开始485s后 | 785s后结束
[2026-05-31 14:06:59.494]      🔜 太远 06:20:00 - 06:25:00 UTC | btc-updown-5m-1780208400 | 开始785s后 | 1085s后结束
[2026-05-31 14:06:59.494]   🎯 目标事件: btc-updown-5m-1780207800 | 状态=NO挂单中 | 距开始=185s | 距结束=485s
[2026-05-31 14:06:59.494]   ⏱  距离开始=184.9s | 状态=down_resting | 动作次数=3
[2026-05-31 14:06:59.494]   循环检查: ⏭️ 跳过 | 价格=- | 数量=- | 原因: action_count=3 >= max=3
[2026-05-31 14:06:59.494] 
[2026-05-31 14:06:59.494]   ✅ 【已下单】btc-updown-5m-1780207800
[2026-05-31 14:06:59.494]      📗 YES: 订单ID=0x23db222aad47eae9b3bb12092a98eae061818f14d2f6d125f4e90f2654951210 | 成交价=$0.5200
[2026-05-31 14:06:59.494]      📙 NO: 订单ID=0xb0f67737b5dc60117cf2bf8dec333c5192d73f3e187aeeff46bae4e22f19f32c | 成交价=$0.4000
[2026-05-31 14:06:59.494]      📍 当前状态: down_resting | 动作次数: 3
[2026-05-31 14:06:59.495]   📊 套利边缘: net=-0.4000 | 充足=True | edge=-0.4000 >= min=-0.5000; YES@0.520 cost=0.5200 + NO@0.400 cost=0.4000
[2026-05-31 14:07:16.577] 
[2026-05-31 14:07:16.578]   💤 等待 60s 后进行下次轮询...
[2026-05-31 14:08:16.585] 
[2026-05-31 14:08:16.588] ━━━━━━━━━━━━━━━━━━━━━━━━━━━━━━━━━━━━━━━━━━━━━━━━━━━━━━━━━━━━
[2026-05-31 14:08:16.588]   【 PreOpen 轮次 #84 】 2026-05-31 06:08:16 UTC
[2026-05-31 14:08:21.772] 
[2026-05-31 14:08:21.772]   🔍 【市场发现】共找到 5 个市场
[2026-05-31 14:08:21.772]      ├─ ❌ 过滤 [已开始] btc-updown-5m-1780207200 | 开始于 06:00:00 UTC | tts=-497s
[2026-05-31 14:08:21.773]      ├─ ❌ 过滤 [已开始] btc-updown-5m-1780207500 | 开始于 06:05:00 UTC | tts=-197s
[2026-05-31 14:08:21.773]      └─ ✅ 可交易 btc-updown-5m-1780208100 | 开始 06:15:00 UTC | 结束 06:20:00 UTC | tts=403s
[2026-05-31 14:08:21.773]      ├─ ❌ 过滤 [太远] btc-updown-5m-1780208400 | 开始于 06:20:00 UTC | tts=703s > 600s
[2026-05-31 14:08:21.774] 
[2026-05-31 14:08:21.774]   📊 【汇总】发现 5 个 | 可交易 0 个
[2026-05-31 14:08:21.774]      ├─ 已下单事件排除: 1
[2026-05-31 14:08:21.774]      └─ 时间窗口外: 3
[2026-05-31 14:08:21.774] 
[2026-05-31 14:08:21.774]   📅 【所有市场时间表】(当前: 06:08:16 UTC)
[2026-05-31 14:08:21.774]      🔴 已开始 06:00:00 - 06:05:00 UTC | btc-updown-5m-1780207200 | 开始已过 497s | 已结束
[2026-05-31 14:08:21.776]      🔴 已开始 06:05:00 - 06:10:00 UTC | btc-updown-5m-1780207500 | 开始已过 197s | 103s后结束
[2026-05-31 14:08:21.776]      ✅ 可交易 🧾已下单 06:10:00 - 06:15:00 UTC | btc-updown-5m-1780207800 | 开始103s后 | 403s后结束
[2026-05-31 14:08:21.777]      ✅ 可交易 06:15:00 - 06:20:00 UTC | btc-updown-5m-1780208100 | 开始403s后 | 703s后结束
[2026-05-31 14:08:21.778]      🔜 太远 06:20:00 - 06:25:00 UTC | btc-updown-5m-1780208400 | 开始703s后 | 1003s后结束
[2026-05-31 14:08:21.779]   🎯 目标事件: btc-updown-5m-1780207800 | 状态=NO挂单中 | 距开始=103s | 距结束=403s
[2026-05-31 14:08:21.779]   ⏱  距离开始=103.4s | 状态=down_resting | 动作次数=3
[2026-05-31 14:08:21.780]   循环检查: ⏭️ 跳过 | 价格=- | 数量=- | 原因: action_count=3 >= max=3
[2026-05-31 14:08:21.780] 
[2026-05-31 14:08:21.780]   ✅ 【已下单】btc-updown-5m-1780207800
[2026-05-31 14:08:21.780]      📗 YES: 订单ID=0x23db222aad47eae9b3bb12092a98eae061818f14d2f6d125f4e90f2654951210 | 成交价=$0.5200
[2026-05-31 14:08:21.780]      📙 NO: 订单ID=0xb0f67737b5dc60117cf2bf8dec333c5192d73f3e187aeeff46bae4e22f19f32c | 成交价=$0.4000
[2026-05-31 14:08:21.780]      📍 当前状态: down_resting | 动作次数: 3
[2026-05-31 14:08:21.781]   📊 套利边缘: net=-0.4000 | 充足=True | edge=-0.4000 >= min=-0.5000; YES@0.520 cost=0.5200 + NO@0.400 cost=0.4000
[2026-05-31 14:08:21.781] 
[2026-05-31 14:08:21.781]   💤 等待 60s 后进行下次轮询...
[2026-05-31 14:09:21.861] 
[2026-05-31 14:09:21.862] ━━━━━━━━━━━━━━━━━━━━━━━━━━━━━━━━━━━━━━━━━━━━━━━━━━━━━━━━━━━━
[2026-05-31 14:09:21.862]   【 PreOpen 轮次 #85 】 2026-05-31 06:09:21 UTC
[2026-05-31 14:09:31.320] 
[2026-05-31 14:09:31.320]   🔍 【市场发现】共找到 5 个市场
[2026-05-31 14:09:31.321]      ├─ ❌ 过滤 [已开始] btc-updown-5m-1780207200 | 开始于 06:00:00 UTC | tts=-562s
[2026-05-31 14:09:31.321]      ├─ ❌ 过滤 [已开始] btc-updown-5m-1780207500 | 开始于 06:05:00 UTC | tts=-262s
[2026-05-31 14:09:31.321]      └─ ✅ 可交易 btc-updown-5m-1780208100 | 开始 06:15:00 UTC | 结束 06:20:00 UTC | tts=338s
[2026-05-31 14:09:31.322]      ├─ ❌ 过滤 [太远] btc-updown-5m-1780208400 | 开始于 06:20:00 UTC | tts=638s > 600s
[2026-05-31 14:09:31.322] 
[2026-05-31 14:09:31.322]   📊 【汇总】发现 5 个 | 可交易 0 个
[2026-05-31 14:09:31.322]      ├─ 已下单事件排除: 1
[2026-05-31 14:09:31.322]      └─ 时间窗口外: 3
[2026-05-31 14:09:31.322] 
[2026-05-31 14:09:31.322]   📅 【所有市场时间表】(当前: 06:09:21 UTC)
[2026-05-31 14:09:31.322]      🔴 已开始 06:00:00 - 06:05:00 UTC | btc-updown-5m-1780207200 | 开始已过 562s | 已结束
[2026-05-31 14:09:31.322]      🔴 已开始 06:05:00 - 06:10:00 UTC | btc-updown-5m-1780207500 | 开始已过 262s | 38s后结束
[2026-05-31 14:09:31.322]      ✅ 可交易 🧾已下单 06:10:00 - 06:15:00 UTC | btc-updown-5m-1780207800 | 开始38s后 | 338s后结束
[2026-05-31 14:09:31.322]      ✅ 可交易 06:15:00 - 06:20:00 UTC | btc-updown-5m-1780208100 | 开始338s后 | 638s后结束
[2026-05-31 14:09:31.322]      🔜 太远 06:20:00 - 06:25:00 UTC | btc-updown-5m-1780208400 | 开始638s后 | 938s后结束
[2026-05-31 14:09:31.323]   🎯 目标事件: btc-updown-5m-1780207800 | 状态=NO挂单中 | 距开始=38s | 距结束=338s
[2026-05-31 14:09:31.323]   ⏱  距离开始=38.1s | 状态=down_resting | 动作次数=3
[2026-05-31 14:09:31.323]   循环检查: ⏭️ 跳过 | 价格=- | 数量=- | 原因: action_count=3 >= max=3
[2026-05-31 14:09:31.323] 
[2026-05-31 14:09:31.323]   ✅ 【已下单】btc-updown-5m-1780207800
[2026-05-31 14:09:31.323]      📗 YES: 订单ID=0x23db222aad47eae9b3bb12092a98eae061818f14d2f6d125f4e90f2654951210 | 成交价=$0.5200
[2026-05-31 14:09:31.323]      📙 NO: 订单ID=0xb0f67737b5dc60117cf2bf8dec333c5192d73f3e187aeeff46bae4e22f19f32c | 成交价=$0.4000
[2026-05-31 14:09:31.323]      📍 当前状态: down_resting | 动作次数: 3
[2026-05-31 14:09:31.323]   📊 套利边缘: net=-0.4000 | 充足=True | edge=-0.4000 >= min=-0.5000; YES@0.520 cost=0.5200 + NO@0.400 cost=0.4000
[2026-05-31 14:09:57.041] 
[2026-05-31 14:09:57.042]   💤 等待 60s 后进行下次轮询...
[2026-05-31 14:10:57.047] 
[2026-05-31 14:10:57.048] ━━━━━━━━━━━━━━━━━━━━━━━━━━━━━━━━━━━━━━━━━━━━━━━━━━━━━━━━━━━━
[2026-05-31 14:10:57.049]   【 PreOpen 轮次 #86 】 2026-05-31 06:10:57 UTC
[2026-05-31 14:11:01.594] 
[2026-05-31 14:11:01.595]   🔍 【市场发现】共找到 6 个市场
[2026-05-31 14:11:01.595]      ├─ ❌ 过滤 [已开始] btc-updown-5m-1780207200 | 开始于 06:00:00 UTC | tts=-657s
[2026-05-31 14:11:01.596]      ├─ ❌ 过滤 [已开始] btc-updown-5m-1780207500 | 开始于 06:05:00 UTC | tts=-357s
[2026-05-31 14:11:01.597]      └─ ✅ 可交易 btc-updown-5m-1780208100 | 开始 06:15:00 UTC | 结束 06:20:00 UTC | tts=243s
[2026-05-31 14:11:01.597]      └─ ✅ 可交易 btc-updown-5m-1780208400 | 开始 06:20:00 UTC | 结束 06:25:00 UTC | tts=543s
[2026-05-31 14:11:01.597]      ├─ ❌ 过滤 [太远] btc-updown-5m-1780208700 | 开始于 06:25:00 UTC | tts=843s > 600s
[2026-05-31 14:11:01.597] 
[2026-05-31 14:11:01.597]   📊 【汇总】发现 6 个 | 可交易 1 个
[2026-05-31 14:11:01.597]      ├─ 已下单事件排除: 1
[2026-05-31 14:11:01.597]      └─ 时间窗口外: 3
[2026-05-31 14:11:01.598] 
[2026-05-31 14:11:01.598]   📅 【所有市场时间表】(当前: 06:10:57 UTC)
[2026-05-31 14:11:01.598]      🔴 已开始 06:00:00 - 06:05:00 UTC | btc-updown-5m-1780207200 | 开始已过 657s | 已结束
[2026-05-31 14:11:01.598]      🔴 已开始 06:05:00 - 06:10:00 UTC | btc-updown-5m-1780207500 | 开始已过 357s | 已结束
[2026-05-31 14:11:01.598]      🔴 已开始 🧾已下单 06:10:00 - 06:15:00 UTC | btc-updown-5m-1780207800 | 开始已过 57s | 243s后结束
[2026-05-31 14:11:01.598]      ✅ 可交易 06:15:00 - 06:20:00 UTC | btc-updown-5m-1780208100 | 开始243s后 | 543s后结束
[2026-05-31 14:11:01.598]      ✅ 可交易 06:20:00 - 06:25:00 UTC | btc-updown-5m-1780208400 | 开始543s后 | 843s后结束
[2026-05-31 14:11:01.598]      🔜 太远 06:25:00 - 06:30:00 UTC | btc-updown-5m-1780208700 | 开始843s后 | 1143s后结束
[2026-05-31 14:11:01.598]   ✨ 新发现事件: btc-updown-5m-1780208400 | 状态=已发现 | 距开始=543s | 距结束=843s
[2026-05-31 14:11:01.598]   🎯 目标事件: btc-updown-5m-1780208100 | 状态=已发现 | 距开始=243s | 距结束=543s
[2026-05-31 14:11:01.598]   ⏱  距离开始=243.0s | 状态=discovered | 动作次数=0
[2026-05-31 14:11:01.599]   🔄 事件状态: DISCOVERED → READY | btc-updown-5m-1780208100
[2026-05-31 14:11:03.876]   📗 YES下单: ✅ 已下单 | 价格=$0.5100 | 数量=5.0份 | 订单ID=0x99640cacf42f34245b41c3abf416652becbce0187c9a5b41f85f33389fdf3d26
[2026-05-31 14:11:03.876]   ✅ Bought 5.0 YES shares @ $0.510
[2026-05-31 14:11:10.418]   📙 NO挂单: ✅ 已下单 | 价格=$0.4000 | 数量=5.0份 | 订单ID=0xfd3c65d157451f9a47170cbf9647fd98b2825dab74fd2258c0dcc0ca0b3e53f5
[2026-05-31 14:11:10.418]   ✅ Bought 5.0 NO shares @ $0.400
[2026-05-31 14:11:16.142]   🎯 live 事件进度: 26/200
[2026-05-31 14:11:16.142] 
[2026-05-31 14:11:16.142]   ✅ 【已下单】btc-updown-5m-1780208100
[2026-05-31 14:11:16.142]      📗 YES: 订单ID=0x99640cacf42f34245b41c3abf416652becbce0187c9a5b41f85f33389fdf3d26 | 成交价=$0.5100
[2026-05-31 14:11:16.142]      📙 NO: 订单ID=0xfd3c65d157451f9a47170cbf9647fd98b2825dab74fd2258c0dcc0ca0b3e53f5 | 成交价=$0.4000
[2026-05-31 14:11:16.142]      📍 当前状态: down_resting | 动作次数: 3
[2026-05-31 14:11:16.142]   📊 套利边缘: net=-0.4000 | 充足=True | edge=-0.4000 >= min=-0.5000; YES@0.510 cost=0.5100 + NO@0.400 cost=0.4000
[2026-05-31 14:11:16.142] 
[2026-05-31 14:11:16.142]   💤 等待 60s 后进行下次轮询...
[2026-05-31 14:12:16.149] 
[2026-05-31 14:12:16.151] ━━━━━━━━━━━━━━━━━━━━━━━━━━━━━━━━━━━━━━━━━━━━━━━━━━━━━━━━━━━━
[2026-05-31 14:12:16.152]   【 PreOpen 轮次 #87 】 2026-05-31 06:12:16 UTC
[2026-05-31 14:12:16.152]   🗑 Pre-GC removed: btc-updown-5m-1780207800 | reason=stale/untradeable
[2026-05-31 14:12:20.809] 
[2026-05-31 14:12:20.809]   🔍 【市场发现】共找到 6 个市场
[2026-05-31 14:12:20.810]      ├─ ❌ 过滤 [已开始] btc-updown-5m-1780207200 | 开始于 06:00:00 UTC | tts=-736s
[2026-05-31 14:12:20.810]      ├─ ❌ 过滤 [已开始] btc-updown-5m-1780207500 | 开始于 06:05:00 UTC | tts=-436s
[2026-05-31 14:12:20.810]      ├─ ❌ 过滤 [已开始] btc-updown-5m-1780207800 | 开始于 06:10:00 UTC | tts=-136s
[2026-05-31 14:12:20.810]      └─ ✅ 可交易 btc-updown-5m-1780208400 | 开始 06:20:00 UTC | 结束 06:25:00 UTC | tts=464s
[2026-05-31 14:12:20.810]      ├─ ❌ 过滤 [太远] btc-updown-5m-1780208700 | 开始于 06:25:00 UTC | tts=764s > 600s
[2026-05-31 14:12:20.810] 
[2026-05-31 14:12:20.810]   📊 【汇总】发现 6 个 | 可交易 0 个
[2026-05-31 14:12:20.811]      ├─ 已下单事件排除: 1
[2026-05-31 14:12:20.811]      └─ 时间窗口外: 4
[2026-05-31 14:12:20.811] 
[2026-05-31 14:12:20.811]   📅 【所有市场时间表】(当前: 06:12:16 UTC)
[2026-05-31 14:12:20.811]      🔴 已开始 06:00:00 - 06:05:00 UTC | btc-updown-5m-1780207200 | 开始已过 736s | 已结束
[2026-05-31 14:12:20.811]      🔴 已开始 06:05:00 - 06:10:00 UTC | btc-updown-5m-1780207500 | 开始已过 436s | 已结束
[2026-05-31 14:12:20.811]      🔴 已开始 06:10:00 - 06:15:00 UTC | btc-updown-5m-1780207800 | 开始已过 136s | 164s后结束
[2026-05-31 14:12:20.811]      ✅ 可交易 🧾已下单 06:15:00 - 06:20:00 UTC | btc-updown-5m-1780208100 | 开始164s后 | 464s后结束
[2026-05-31 14:12:20.811]      ✅ 可交易 06:20:00 - 06:25:00 UTC | btc-updown-5m-1780208400 | 开始464s后 | 764s后结束
[2026-05-31 14:12:20.811]      🔜 太远 06:25:00 - 06:30:00 UTC | btc-updown-5m-1780208700 | 开始764s后 | 1064s后结束
[2026-05-31 14:12:20.812]   🎯 目标事件: btc-updown-5m-1780208100 | 状态=NO挂单中 | 距开始=164s | 距结束=464s
[2026-05-31 14:12:20.812]   ⏱  距离开始=163.9s | 状态=down_resting | 动作次数=3
[2026-05-31 14:12:20.812]   循环检查: ⏭️ 跳过 | 价格=- | 数量=- | 原因: action_count=3 >= max=3
[2026-05-31 14:12:20.812] 
[2026-05-31 14:12:20.812]   ✅ 【已下单】btc-updown-5m-1780208100
[2026-05-31 14:12:20.812]      📗 YES: 订单ID=0x99640cacf42f34245b41c3abf416652becbce0187c9a5b41f85f33389fdf3d26 | 成交价=$0.5100
[2026-05-31 14:12:20.812]      📙 NO: 订单ID=0xfd3c65d157451f9a47170cbf9647fd98b2825dab74fd2258c0dcc0ca0b3e53f5 | 成交价=$0.4000
[2026-05-31 14:12:20.812]      📍 当前状态: down_resting | 动作次数: 3
[2026-05-31 14:12:20.812]   📊 套利边缘: net=-0.4000 | 充足=True | edge=-0.4000 >= min=-0.5000; YES@0.510 cost=0.5100 + NO@0.400 cost=0.4000
[2026-05-31 14:12:47.053] 
[2026-05-31 14:12:47.053]   💤 等待 60s 后进行下次轮询...
[2026-05-31 14:13:47.059] 
[2026-05-31 14:13:47.061] ━━━━━━━━━━━━━━━━━━━━━━━━━━━━━━━━━━━━━━━━━━━━━━━━━━━━━━━━━━━━
[2026-05-31 14:13:47.061]   【 PreOpen 轮次 #88 】 2026-05-31 06:13:47 UTC
[2026-05-31 14:13:52.146] 
[2026-05-31 14:13:52.146]   🔍 【市场发现】共找到 5 个市场
[2026-05-31 14:13:52.146]      ├─ ❌ 过滤 [已开始] btc-updown-5m-1780207500 | 开始于 06:05:00 UTC | tts=-527s
[2026-05-31 14:13:52.146]      ├─ ❌ 过滤 [已开始] btc-updown-5m-1780207800 | 开始于 06:10:00 UTC | tts=-227s
[2026-05-31 14:13:52.147]      └─ ✅ 可交易 btc-updown-5m-1780208400 | 开始 06:20:00 UTC | 结束 06:25:00 UTC | tts=373s
[2026-05-31 14:13:52.147]      ├─ ❌ 过滤 [太远] btc-updown-5m-1780208700 | 开始于 06:25:00 UTC | tts=673s > 600s
[2026-05-31 14:13:52.147] 
[2026-05-31 14:13:52.147]   📊 【汇总】发现 5 个 | 可交易 0 个
[2026-05-31 14:13:52.147]      ├─ 已下单事件排除: 1
[2026-05-31 14:13:52.147]      └─ 时间窗口外: 3
[2026-05-31 14:13:52.147] 
[2026-05-31 14:13:52.147]   📅 【所有市场时间表】(当前: 06:13:47 UTC)
[2026-05-31 14:13:52.148]      🔴 已开始 06:05:00 - 06:10:00 UTC | btc-updown-5m-1780207500 | 开始已过 527s | 已结束
[2026-05-31 14:13:52.148]      🔴 已开始 06:10:00 - 06:15:00 UTC | btc-updown-5m-1780207800 | 开始已过 227s | 73s后结束
[2026-05-31 14:13:52.148]      ✅ 可交易 🧾已下单 06:15:00 - 06:20:00 UTC | btc-updown-5m-1780208100 | 开始73s后 | 373s后结束
[2026-05-31 14:13:52.148]      ✅ 可交易 06:20:00 - 06:25:00 UTC | btc-updown-5m-1780208400 | 开始373s后 | 673s后结束
[2026-05-31 14:13:52.148]      🔜 太远 06:25:00 - 06:30:00 UTC | btc-updown-5m-1780208700 | 开始673s后 | 973s后结束
[2026-05-31 14:13:52.149]   🎯 目标事件: btc-updown-5m-1780208100 | 状态=NO挂单中 | 距开始=73s | 距结束=373s
[2026-05-31 14:13:52.149]   ⏱  距离开始=72.9s | 状态=down_resting | 动作次数=3
[2026-05-31 14:13:52.149]   循环检查: ⏭️ 跳过 | 价格=- | 数量=- | 原因: action_count=3 >= max=3
[2026-05-31 14:13:52.149] 
[2026-05-31 14:13:52.149]   ✅ 【已下单】btc-updown-5m-1780208100
[2026-05-31 14:13:52.149]      📗 YES: 订单ID=0x99640cacf42f34245b41c3abf416652becbce0187c9a5b41f85f33389fdf3d26 | 成交价=$0.5100
[2026-05-31 14:13:52.149]      📙 NO: 订单ID=0xfd3c65d157451f9a47170cbf9647fd98b2825dab74fd2258c0dcc0ca0b3e53f5 | 成交价=$0.4000
[2026-05-31 14:13:52.149]      📍 当前状态: down_resting | 动作次数: 3
[2026-05-31 14:13:52.149]   📊 套利边缘: net=-0.4000 | 充足=True | edge=-0.4000 >= min=-0.5000; YES@0.510 cost=0.5100 + NO@0.400 cost=0.4000
[2026-05-31 14:13:52.149] 
[2026-05-31 14:13:52.149]   💤 等待 60s 后进行下次轮询...
[2026-05-31 14:14:52.153] 
[2026-05-31 14:14:52.155] ━━━━━━━━━━━━━━━━━━━━━━━━━━━━━━━━━━━━━━━━━━━━━━━━━━━━━━━━━━━━
[2026-05-31 14:14:52.156]   【 PreOpen 轮次 #89 】 2026-05-31 06:14:52 UTC
[2026-05-31 14:14:57.077] 
[2026-05-31 14:14:57.077]   🔍 【市场发现】共找到 5 个市场
[2026-05-31 14:14:57.077]      ├─ ❌ 过滤 [已开始] btc-updown-5m-1780207500 | 开始于 06:05:00 UTC | tts=-592s
[2026-05-31 14:14:57.077]      ├─ ❌ 过滤 [已开始] btc-updown-5m-1780207800 | 开始于 06:10:00 UTC | tts=-292s
[2026-05-31 14:14:57.077]      └─ ✅ 可交易 btc-updown-5m-1780208400 | 开始 06:20:00 UTC | 结束 06:25:00 UTC | tts=308s
[2026-05-31 14:14:57.077]      ├─ ❌ 过滤 [太远] btc-updown-5m-1780208700 | 开始于 06:25:00 UTC | tts=608s > 600s
[2026-05-31 14:14:57.077] 
[2026-05-31 14:14:57.077]   📊 【汇总】发现 5 个 | 可交易 0 个
[2026-05-31 14:14:57.077]      ├─ 已下单事件排除: 1
[2026-05-31 14:14:57.078]      └─ 时间窗口外: 3
[2026-05-31 14:14:57.078] 
[2026-05-31 14:14:57.078]   📅 【所有市场时间表】(当前: 06:14:52 UTC)
[2026-05-31 14:14:57.078]      🔴 已开始 06:05:00 - 06:10:00 UTC | btc-updown-5m-1780207500 | 开始已过 592s | 已结束
[2026-05-31 14:14:57.078]      🔴 已开始 06:10:00 - 06:15:00 UTC | btc-updown-5m-1780207800 | 开始已过 292s | 8s后结束
[2026-05-31 14:14:57.078]      ✅ 可交易 🧾已下单 06:15:00 - 06:20:00 UTC | btc-updown-5m-1780208100 | 开始8s后 | 308s后结束
[2026-05-31 14:14:57.078]      ✅ 可交易 06:20:00 - 06:25:00 UTC | btc-updown-5m-1780208400 | 开始308s后 | 608s后结束
[2026-05-31 14:14:57.078]      🔜 太远 06:25:00 - 06:30:00 UTC | btc-updown-5m-1780208700 | 开始608s后 | 908s后结束
[2026-05-31 14:14:57.078]   🎯 目标事件: btc-updown-5m-1780208100 | 状态=NO挂单中 | 距开始=8s | 距结束=308s
[2026-05-31 14:14:57.078]   ⏱  距离开始=7.8s | 状态=down_resting | 动作次数=3
[2026-05-31 14:14:57.078]   循环检查: ⏭️ 跳过 | 价格=- | 数量=- | 原因: action_count=3 >= max=3
[2026-05-31 14:14:57.078] 
[2026-05-31 14:14:57.078]   ✅ 【已下单】btc-updown-5m-1780208100
[2026-05-31 14:14:57.078]      📗 YES: 订单ID=0x99640cacf42f34245b41c3abf416652becbce0187c9a5b41f85f33389fdf3d26 | 成交价=$0.5100
[2026-05-31 14:14:57.078]      📙 NO: 订单ID=0xfd3c65d157451f9a47170cbf9647fd98b2825dab74fd2258c0dcc0ca0b3e53f5 | 成交价=$0.4000
[2026-05-31 14:14:57.078]      📍 当前状态: down_resting | 动作次数: 3
[2026-05-31 14:14:57.078]   📊 套利边缘: net=-0.4000 | 充足=True | edge=-0.4000 >= min=-0.5000; YES@0.510 cost=0.5100 + NO@0.400 cost=0.4000
[2026-05-31 14:15:24.372] 
[2026-05-31 14:15:24.372]   💤 等待 60s 后进行下次轮询...
[2026-05-31 14:16:24.374] 
[2026-05-31 14:16:24.376] ━━━━━━━━━━━━━━━━━━━━━━━━━━━━━━━━━━━━━━━━━━━━━━━━━━━━━━━━━━━━
[2026-05-31 14:16:24.376]   【 PreOpen 轮次 #90 】 2026-05-31 06:16:24 UTC
[2026-05-31 14:16:24.376]   🗑 Pre-GC removed: btc-updown-5m-1780208100 | reason=stale/untradeable
[2026-05-31 14:16:29.684] 
[2026-05-31 14:16:29.684]   🔍 【市场发现】共找到 6 个市场
[2026-05-31 14:16:29.684]      ├─ ❌ 过滤 [已开始] btc-updown-5m-1780207500 | 开始于 06:05:00 UTC | tts=-684s
[2026-05-31 14:16:29.685]      ├─ ❌ 过滤 [已开始] btc-updown-5m-1780207800 | 开始于 06:10:00 UTC | tts=-384s
[2026-05-31 14:16:29.685]      ├─ ❌ 过滤 [已开始] btc-updown-5m-1780208100 | 开始于 06:15:00 UTC | tts=-84s
[2026-05-31 14:16:29.685]      └─ ✅ 可交易 btc-updown-5m-1780208400 | 开始 06:20:00 UTC | 结束 06:25:00 UTC | tts=216s
[2026-05-31 14:16:29.685]      └─ ✅ 可交易 btc-updown-5m-1780208700 | 开始 06:25:00 UTC | 结束 06:30:00 UTC | tts=516s
[2026-05-31 14:16:29.685]      ├─ ❌ 过滤 [太远] btc-updown-5m-1780209000 | 开始于 06:30:00 UTC | tts=816s > 600s
[2026-05-31 14:16:29.685] 
[2026-05-31 14:16:29.685]   📊 【汇总】发现 6 个 | 可交易 1 个
[2026-05-31 14:16:29.685]      └─ 时间窗口外: 4
[2026-05-31 14:16:29.686] 
[2026-05-31 14:16:29.686]   📅 【所有市场时间表】(当前: 06:16:24 UTC)
[2026-05-31 14:16:29.686]      🔴 已开始 06:05:00 - 06:10:00 UTC | btc-updown-5m-1780207500 | 开始已过 684s | 已结束
[2026-05-31 14:16:29.686]      🔴 已开始 06:10:00 - 06:15:00 UTC | btc-updown-5m-1780207800 | 开始已过 384s | 已结束
[2026-05-31 14:16:29.686]      🔴 已开始 06:15:00 - 06:20:00 UTC | btc-updown-5m-1780208100 | 开始已过 84s | 216s后结束
[2026-05-31 14:16:29.686]      ✅ 可交易 06:20:00 - 06:25:00 UTC | btc-updown-5m-1780208400 | 开始216s后 | 516s后结束
[2026-05-31 14:16:29.686]      ✅ 可交易 06:25:00 - 06:30:00 UTC | btc-updown-5m-1780208700 | 开始516s后 | 816s后结束
[2026-05-31 14:16:29.686]      🔜 太远 06:30:00 - 06:35:00 UTC | btc-updown-5m-1780209000 | 开始816s后 | 1116s后结束
[2026-05-31 14:16:29.686]   ✨ 新发现事件: btc-updown-5m-1780208700 | 状态=已发现 | 距开始=516s | 距结束=816s
[2026-05-31 14:16:29.686]   🎯 目标事件: btc-updown-5m-1780208400 | 状态=已发现 | 距开始=216s | 距结束=516s
[2026-05-31 14:16:29.686]   ⏱  距离开始=215.6s | 状态=discovered | 动作次数=0
[2026-05-31 14:16:29.687]   🔄 事件状态: DISCOVERED → READY | btc-updown-5m-1780208400
[2026-05-31 14:16:32.252]   📗 YES下单: ✅ 已下单 | 价格=$0.5500 | 数量=5.0份 | 订单ID=0xa950678c56a93a5d251325d27d04c4d4adad37ba6bec16897843af958ac1ef5e
[2026-05-31 14:16:32.253]   ✅ Bought 5.0 YES shares @ $0.550
[2026-05-31 14:16:38.796]   📙 NO挂单: ✅ 已下单 | 价格=$0.4000 | 数量=5.0份 | 订单ID=0x99734c6793c4ebd8d6d9946cdeb7503999fbd6fe33331bfb7749334a56a2299e
[2026-05-31 14:16:38.796]   ✅ Bought 5.0 NO shares @ $0.400
[2026-05-31 14:16:44.890]   🎯 live 事件进度: 27/200
[2026-05-31 14:16:44.890] 
[2026-05-31 14:16:44.890]   ✅ 【已下单】btc-updown-5m-1780208400
[2026-05-31 14:16:44.890]      📗 YES: 订单ID=0xa950678c56a93a5d251325d27d04c4d4adad37ba6bec16897843af958ac1ef5e | 成交价=$0.5500
[2026-05-31 14:16:44.890]      📙 NO: 订单ID=0x99734c6793c4ebd8d6d9946cdeb7503999fbd6fe33331bfb7749334a56a2299e | 成交价=$0.4000
[2026-05-31 14:16:44.890]      📍 当前状态: down_resting | 动作次数: 3
[2026-05-31 14:16:44.890]   📊 套利边缘: net=-0.4000 | 充足=True | edge=-0.4000 >= min=-0.5000; YES@0.550 cost=0.5500 + NO@0.400 cost=0.4000
[2026-05-31 14:16:44.890] 
[2026-05-31 14:16:44.890]   💤 等待 60s 后进行下次轮询...
[2026-05-31 14:17:44.897] 
[2026-05-31 14:17:44.904] ━━━━━━━━━━━━━━━━━━━━━━━━━━━━━━━━━━━━━━━━━━━━━━━━━━━━━━━━━━━━
[2026-05-31 14:17:44.906]   【 PreOpen 轮次 #91 】 2026-05-31 06:17:44 UTC
[2026-05-31 14:17:49.293] 
[2026-05-31 14:17:49.293]   🔍 【市场发现】共找到 5 个市场
[2026-05-31 14:17:49.293]      ├─ ❌ 过滤 [已开始] btc-updown-5m-1780207800 | 开始于 06:10:00 UTC | tts=-465s
[2026-05-31 14:17:49.293]      ├─ ❌ 过滤 [已开始] btc-updown-5m-1780208100 | 开始于 06:15:00 UTC | tts=-165s
[2026-05-31 14:17:49.293]      └─ ✅ 可交易 btc-updown-5m-1780208700 | 开始 06:25:00 UTC | 结束 06:30:00 UTC | tts=435s
[2026-05-31 14:17:49.294]      ├─ ❌ 过滤 [太远] btc-updown-5m-1780209000 | 开始于 06:30:00 UTC | tts=735s > 600s
[2026-05-31 14:17:49.294] 
[2026-05-31 14:17:49.294]   📊 【汇总】发现 5 个 | 可交易 0 个
[2026-05-31 14:17:49.294]      ├─ 已下单事件排除: 1
[2026-05-31 14:17:49.294]      └─ 时间窗口外: 3
[2026-05-31 14:17:49.294] 
[2026-05-31 14:17:49.294]   📅 【所有市场时间表】(当前: 06:17:44 UTC)
[2026-05-31 14:17:49.294]      🔴 已开始 06:10:00 - 06:15:00 UTC | btc-updown-5m-1780207800 | 开始已过 465s | 已结束
[2026-05-31 14:17:49.295]      🔴 已开始 06:15:00 - 06:20:00 UTC | btc-updown-5m-1780208100 | 开始已过 165s | 135s后结束
[2026-05-31 14:17:49.295]      ✅ 可交易 🧾已下单 06:20:00 - 06:25:00 UTC | btc-updown-5m-1780208400 | 开始135s后 | 435s后结束
[2026-05-31 14:17:49.295]      ✅ 可交易 06:25:00 - 06:30:00 UTC | btc-updown-5m-1780208700 | 开始435s后 | 735s后结束
[2026-05-31 14:17:49.295]      🔜 太远 06:30:00 - 06:35:00 UTC | btc-updown-5m-1780209000 | 开始735s后 | 1035s后结束
[2026-05-31 14:17:49.295]   🎯 目标事件: btc-updown-5m-1780208400 | 状态=NO挂单中 | 距开始=135s | 距结束=435s
[2026-05-31 14:17:49.295]   ⏱  距离开始=135.1s | 状态=down_resting | 动作次数=3
[2026-05-31 14:17:49.295]   循环检查: ⏭️ 跳过 | 价格=- | 数量=- | 原因: action_count=3 >= max=3
[2026-05-31 14:17:49.295] 
[2026-05-31 14:17:49.295]   ✅ 【已下单】btc-updown-5m-1780208400
[2026-05-31 14:17:49.295]      📗 YES: 订单ID=0xa950678c56a93a5d251325d27d04c4d4adad37ba6bec16897843af958ac1ef5e | 成交价=$0.5500
[2026-05-31 14:17:49.295]      📙 NO: 订单ID=0x99734c6793c4ebd8d6d9946cdeb7503999fbd6fe33331bfb7749334a56a2299e | 成交价=$0.4000
[2026-05-31 14:17:49.295]      📍 当前状态: down_resting | 动作次数: 3
[2026-05-31 14:17:49.296]   📊 套利边缘: net=-0.4000 | 充足=True | edge=-0.4000 >= min=-0.5000; YES@0.550 cost=0.5500 + NO@0.400 cost=0.4000
[2026-05-31 14:18:16.975]   🧾 结算回填: 已追加 2 条 settled 记录到 trades.csv
[2026-05-31 14:18:16.976] 
[2026-05-31 14:18:16.976]   💤 等待 60s 后进行下次轮询...
[2026-05-31 14:19:16.982] 
[2026-05-31 14:19:16.982] ━━━━━━━━━━━━━━━━━━━━━━━━━━━━━━━━━━━━━━━━━━━━━━━━━━━━━━━━━━━━
[2026-05-31 14:19:16.983]   【 PreOpen 轮次 #92 】 2026-05-31 06:19:16 UTC
[2026-05-31 14:19:21.807] 
[2026-05-31 14:19:21.808]   🔍 【市场发现】共找到 5 个市场
[2026-05-31 14:19:21.808]      ├─ ❌ 过滤 [已开始] btc-updown-5m-1780207800 | 开始于 06:10:00 UTC | tts=-557s
[2026-05-31 14:19:21.808]      ├─ ❌ 过滤 [已开始] btc-updown-5m-1780208100 | 开始于 06:15:00 UTC | tts=-257s
[2026-05-31 14:19:21.808]      └─ ✅ 可交易 btc-updown-5m-1780208700 | 开始 06:25:00 UTC | 结束 06:30:00 UTC | tts=343s
[2026-05-31 14:19:21.808]      ├─ ❌ 过滤 [太远] btc-updown-5m-1780209000 | 开始于 06:30:00 UTC | tts=643s > 600s
[2026-05-31 14:19:21.808] 
[2026-05-31 14:19:21.808]   📊 【汇总】发现 5 个 | 可交易 0 个
[2026-05-31 14:19:21.808]      ├─ 已下单事件排除: 1
[2026-05-31 14:19:21.809]      └─ 时间窗口外: 3
[2026-05-31 14:19:21.809] 
[2026-05-31 14:19:21.809]   📅 【所有市场时间表】(当前: 06:19:16 UTC)
[2026-05-31 14:19:21.809]      🔴 已开始 06:10:00 - 06:15:00 UTC | btc-updown-5m-1780207800 | 开始已过 557s | 已结束
[2026-05-31 14:19:21.809]      🔴 已开始 06:15:00 - 06:20:00 UTC | btc-updown-5m-1780208100 | 开始已过 257s | 43s后结束
[2026-05-31 14:19:21.809]      ✅ 可交易 🧾已下单 06:20:00 - 06:25:00 UTC | btc-updown-5m-1780208400 | 开始43s后 | 343s后结束
[2026-05-31 14:19:21.809]      ✅ 可交易 06:25:00 - 06:30:00 UTC | btc-updown-5m-1780208700 | 开始343s后 | 643s后结束
[2026-05-31 14:19:21.809]      🔜 太远 06:30:00 - 06:35:00 UTC | btc-updown-5m-1780209000 | 开始643s后 | 943s后结束
[2026-05-31 14:19:21.810]   🎯 目标事件: btc-updown-5m-1780208400 | 状态=NO挂单中 | 距开始=43s | 距结束=343s
[2026-05-31 14:19:21.810]   ⏱  距离开始=43.0s | 状态=down_resting | 动作次数=3
[2026-05-31 14:19:21.810]   循环检查: ⏭️ 跳过 | 价格=- | 数量=- | 原因: action_count=3 >= max=3
[2026-05-31 14:19:21.810] 
[2026-05-31 14:19:21.810]   ✅ 【已下单】btc-updown-5m-1780208400
[2026-05-31 14:19:21.810]      📗 YES: 订单ID=0xa950678c56a93a5d251325d27d04c4d4adad37ba6bec16897843af958ac1ef5e | 成交价=$0.5500
[2026-05-31 14:19:21.810]      📙 NO: 订单ID=0x99734c6793c4ebd8d6d9946cdeb7503999fbd6fe33331bfb7749334a56a2299e | 成交价=$0.4000
[2026-05-31 14:19:21.810]      📍 当前状态: down_resting | 动作次数: 3
[2026-05-31 14:19:21.810]   📊 套利边缘: net=-0.4000 | 充足=True | edge=-0.4000 >= min=-0.5000; YES@0.550 cost=0.5500 + NO@0.400 cost=0.4000
[2026-05-31 14:19:21.810] 
[2026-05-31 14:19:21.810]   💤 等待 60s 后进行下次轮询...
[2026-05-31 14:20:21.817] 
[2026-05-31 14:20:21.819] ━━━━━━━━━━━━━━━━━━━━━━━━━━━━━━━━━━━━━━━━━━━━━━━━━━━━━━━━━━━━
[2026-05-31 14:20:21.819]   【 PreOpen 轮次 #93 】 2026-05-31 06:20:21 UTC
[2026-05-31 14:20:26.943] 
[2026-05-31 14:20:26.943]   🔍 【市场发现】共找到 6 个市场
[2026-05-31 14:20:26.943]      ├─ ❌ 过滤 [已开始] btc-updown-5m-1780207800 | 开始于 06:10:00 UTC | tts=-622s
[2026-05-31 14:20:26.943]      ├─ ❌ 过滤 [已开始] btc-updown-5m-1780208100 | 开始于 06:15:00 UTC | tts=-322s
[2026-05-31 14:20:26.943]      └─ ✅ 可交易 btc-updown-5m-1780208700 | 开始 06:25:00 UTC | 结束 06:30:00 UTC | tts=278s
[2026-05-31 14:20:26.943]      └─ ✅ 可交易 btc-updown-5m-1780209000 | 开始 06:30:00 UTC | 结束 06:35:00 UTC | tts=578s
[2026-05-31 14:20:26.944]      ├─ ❌ 过滤 [太远] btc-updown-5m-1780209300 | 开始于 06:35:00 UTC | tts=878s > 600s
[2026-05-31 14:20:26.944] 
[2026-05-31 14:20:26.944]   📊 【汇总】发现 6 个 | 可交易 1 个
[2026-05-31 14:20:26.944]      ├─ 已下单事件排除: 1
[2026-05-31 14:20:26.944]      └─ 时间窗口外: 3
[2026-05-31 14:20:26.944] 
[2026-05-31 14:20:26.944]   📅 【所有市场时间表】(当前: 06:20:21 UTC)
[2026-05-31 14:20:26.944]      🔴 已开始 06:10:00 - 06:15:00 UTC | btc-updown-5m-1780207800 | 开始已过 622s | 已结束
[2026-05-31 14:20:26.944]      🔴 已开始 06:15:00 - 06:20:00 UTC | btc-updown-5m-1780208100 | 开始已过 322s | 已结束
[2026-05-31 14:20:26.944]      🔴 已开始 🧾已下单 06:20:00 - 06:25:00 UTC | btc-updown-5m-1780208400 | 开始已过 22s | 278s后结束
[2026-05-31 14:20:26.944]      ✅ 可交易 06:25:00 - 06:30:00 UTC | btc-updown-5m-1780208700 | 开始278s后 | 578s后结束
[2026-05-31 14:20:26.944]      ✅ 可交易 06:30:00 - 06:35:00 UTC | btc-updown-5m-1780209000 | 开始578s后 | 878s后结束
[2026-05-31 14:20:26.945]      🔜 太远 06:35:00 - 06:40:00 UTC | btc-updown-5m-1780209300 | 开始878s后 | 1178s后结束
[2026-05-31 14:20:26.946]   ✨ 新发现事件: btc-updown-5m-1780209000 | 状态=已发现 | 距开始=578s | 距结束=878s
[2026-05-31 14:20:26.946]   🎯 目标事件: btc-updown-5m-1780208700 | 状态=已发现 | 距开始=278s | 距结束=578s
[2026-05-31 14:20:26.946]   ⏱  距离开始=278.2s | 状态=discovered | 动作次数=0
[2026-05-31 14:20:26.946]   🔄 事件状态: DISCOVERED → READY | btc-updown-5m-1780208700
[2026-05-31 14:20:29.309]   📗 YES下单: ✅ 已下单 | 价格=$0.5100 | 数量=5.0份 | 订单ID=0xe254d147c3705402c594fc52490745b1292fe78b996570c5a6aa50601b88040d
[2026-05-31 14:20:29.310]   ✅ Bought 5.0 YES shares @ $0.510
[2026-05-31 14:20:35.658]   📙 NO挂单: ✅ 已下单 | 价格=$0.4000 | 数量=5.0份 | 订单ID=0xb0d8e4dfaacf6a011481a2bcb8a4c058ad2137f72a88213acb130250ad5630a4
[2026-05-31 14:20:35.659]   ✅ Bought 5.0 NO shares @ $0.400
[2026-05-31 14:20:42.112]   🎯 live 事件进度: 28/200
[2026-05-31 14:20:42.112] 
[2026-05-31 14:20:42.112]   ✅ 【已下单】btc-updown-5m-1780208700
[2026-05-31 14:20:42.112]      📗 YES: 订单ID=0xe254d147c3705402c594fc52490745b1292fe78b996570c5a6aa50601b88040d | 成交价=$0.5100
[2026-05-31 14:20:42.112]      📙 NO: 订单ID=0xb0d8e4dfaacf6a011481a2bcb8a4c058ad2137f72a88213acb130250ad5630a4 | 成交价=$0.4000
[2026-05-31 14:20:42.112]      📍 当前状态: down_resting | 动作次数: 3
[2026-05-31 14:20:42.113]   📊 套利边缘: net=-0.4000 | 充足=True | edge=-0.4000 >= min=-0.5000; YES@0.510 cost=0.5100 + NO@0.400 cost=0.4000
[2026-05-31 14:21:18.442] 
[2026-05-31 14:21:18.443]   💤 等待 60s 后进行下次轮询...
[2026-05-31 14:22:18.449] 
[2026-05-31 14:22:18.450] ━━━━━━━━━━━━━━━━━━━━━━━━━━━━━━━━━━━━━━━━━━━━━━━━━━━━━━━━━━━━
[2026-05-31 14:22:18.450]   【 PreOpen 轮次 #94 】 2026-05-31 06:22:18 UTC
[2026-05-31 14:22:18.451]   🗑 Pre-GC removed: btc-updown-5m-1780208400 | reason=stale/untradeable
[2026-05-31 14:22:26.871] 
[2026-05-31 14:22:26.871]   🔍 【市场发现】共找到 6 个市场
[2026-05-31 14:22:26.872]      ├─ ❌ 过滤 [已开始] btc-updown-5m-1780207800 | 开始于 06:10:00 UTC | tts=-738s
[2026-05-31 14:22:26.872]      ├─ ❌ 过滤 [已开始] btc-updown-5m-1780208100 | 开始于 06:15:00 UTC | tts=-438s
[2026-05-31 14:22:26.872]      ├─ ❌ 过滤 [已开始] btc-updown-5m-1780208400 | 开始于 06:20:00 UTC | tts=-138s
[2026-05-31 14:22:26.872]      └─ ✅ 可交易 btc-updown-5m-1780209000 | 开始 06:30:00 UTC | 结束 06:35:00 UTC | tts=462s
[2026-05-31 14:22:26.872]      ├─ ❌ 过滤 [太远] btc-updown-5m-1780209300 | 开始于 06:35:00 UTC | tts=762s > 600s
[2026-05-31 14:22:26.872] 
[2026-05-31 14:22:26.873]   📊 【汇总】发现 6 个 | 可交易 0 个
[2026-05-31 14:22:26.873]      ├─ 已下单事件排除: 1
[2026-05-31 14:22:26.873]      └─ 时间窗口外: 4
[2026-05-31 14:22:26.873] 
[2026-05-31 14:22:26.873]   📅 【所有市场时间表】(当前: 06:22:18 UTC)
[2026-05-31 14:22:26.873]      🔴 已开始 06:10:00 - 06:15:00 UTC | btc-updown-5m-1780207800 | 开始已过 738s | 已结束
[2026-05-31 14:22:26.873]      🔴 已开始 06:15:00 - 06:20:00 UTC | btc-updown-5m-1780208100 | 开始已过 438s | 已结束
[2026-05-31 14:22:26.873]      🔴 已开始 06:20:00 - 06:25:00 UTC | btc-updown-5m-1780208400 | 开始已过 138s | 162s后结束
[2026-05-31 14:22:26.873]      ✅ 可交易 🧾已下单 06:25:00 - 06:30:00 UTC | btc-updown-5m-1780208700 | 开始162s后 | 462s后结束
[2026-05-31 14:22:26.873]      ✅ 可交易 06:30:00 - 06:35:00 UTC | btc-updown-5m-1780209000 | 开始462s后 | 762s后结束
[2026-05-31 14:22:26.873]      🔜 太远 06:35:00 - 06:40:00 UTC | btc-updown-5m-1780209300 | 开始762s后 | 1062s后结束
[2026-05-31 14:22:26.873]   🎯 目标事件: btc-updown-5m-1780208700 | 状态=NO挂单中 | 距开始=162s | 距结束=462s
[2026-05-31 14:22:26.873]   ⏱  距离开始=161.6s | 状态=down_resting | 动作次数=3
[2026-05-31 14:22:26.873]   循环检查: ⏭️ 跳过 | 价格=- | 数量=- | 原因: action_count=3 >= max=3
[2026-05-31 14:22:26.874] 
[2026-05-31 14:22:26.874]   ✅ 【已下单】btc-updown-5m-1780208700
[2026-05-31 14:22:26.874]      📗 YES: 订单ID=0xe254d147c3705402c594fc52490745b1292fe78b996570c5a6aa50601b88040d | 成交价=$0.5100
[2026-05-31 14:22:26.874]      📙 NO: 订单ID=0xb0d8e4dfaacf6a011481a2bcb8a4c058ad2137f72a88213acb130250ad5630a4 | 成交价=$0.4000
[2026-05-31 14:22:26.874]      📍 当前状态: down_resting | 动作次数: 3
[2026-05-31 14:22:26.874]   📊 套利边缘: net=-0.4000 | 充足=True | edge=-0.4000 >= min=-0.5000; YES@0.510 cost=0.5100 + NO@0.400 cost=0.4000
[2026-05-31 14:22:26.874] 
[2026-05-31 14:22:26.874]   💤 等待 60s 后进行下次轮询...
[2026-05-31 14:23:26.881] 
[2026-05-31 14:23:26.882] ━━━━━━━━━━━━━━━━━━━━━━━━━━━━━━━━━━━━━━━━━━━━━━━━━━━━━━━━━━━━
[2026-05-31 14:23:26.882]   【 PreOpen 轮次 #95 】 2026-05-31 06:23:26 UTC
[2026-05-31 14:23:32.048] 
[2026-05-31 14:23:32.048]   🔍 【市场发现】共找到 5 个市场
[2026-05-31 14:23:32.049]      ├─ ❌ 过滤 [已开始] btc-updown-5m-1780208100 | 开始于 06:15:00 UTC | tts=-507s
[2026-05-31 14:23:32.049]      ├─ ❌ 过滤 [已开始] btc-updown-5m-1780208400 | 开始于 06:20:00 UTC | tts=-207s
[2026-05-31 14:23:32.049]      └─ ✅ 可交易 btc-updown-5m-1780209000 | 开始 06:30:00 UTC | 结束 06:35:00 UTC | tts=393s
[2026-05-31 14:23:32.049]      ├─ ❌ 过滤 [太远] btc-updown-5m-1780209300 | 开始于 06:35:00 UTC | tts=693s > 600s
[2026-05-31 14:23:32.049] 
[2026-05-31 14:23:32.050]   📊 【汇总】发现 5 个 | 可交易 0 个
[2026-05-31 14:23:32.050]      ├─ 已下单事件排除: 1
[2026-05-31 14:23:32.050]      └─ 时间窗口外: 3
[2026-05-31 14:23:32.050] 
[2026-05-31 14:23:32.050]   📅 【所有市场时间表】(当前: 06:23:26 UTC)
[2026-05-31 14:23:32.050]      🔴 已开始 06:15:00 - 06:20:00 UTC | btc-updown-5m-1780208100 | 开始已过 507s | 已结束
[2026-05-31 14:23:32.050]      🔴 已开始 06:20:00 - 06:25:00 UTC | btc-updown-5m-1780208400 | 开始已过 207s | 93s后结束
[2026-05-31 14:23:32.050]      ✅ 可交易 🧾已下单 06:25:00 - 06:30:00 UTC | btc-updown-5m-1780208700 | 开始93s后 | 393s后结束
[2026-05-31 14:23:32.050]      ✅ 可交易 06:30:00 - 06:35:00 UTC | btc-updown-5m-1780209000 | 开始393s后 | 693s后结束
[2026-05-31 14:23:32.050]      🔜 太远 06:35:00 - 06:40:00 UTC | btc-updown-5m-1780209300 | 开始693s后 | 993s后结束
[2026-05-31 14:23:32.050]   🎯 目标事件: btc-updown-5m-1780208700 | 状态=NO挂单中 | 距开始=93s | 距结束=393s
[2026-05-31 14:23:32.051]   ⏱  距离开始=93.1s | 状态=down_resting | 动作次数=3
[2026-05-31 14:23:32.051]   循环检查: ⏭️ 跳过 | 价格=- | 数量=- | 原因: action_count=3 >= max=3
[2026-05-31 14:23:32.051] 
[2026-05-31 14:23:32.051]   ✅ 【已下单】btc-updown-5m-1780208700
[2026-05-31 14:23:32.051]      📗 YES: 订单ID=0xe254d147c3705402c594fc52490745b1292fe78b996570c5a6aa50601b88040d | 成交价=$0.5100
[2026-05-31 14:23:32.051]      📙 NO: 订单ID=0xb0d8e4dfaacf6a011481a2bcb8a4c058ad2137f72a88213acb130250ad5630a4 | 成交价=$0.4000
[2026-05-31 14:23:32.051]      📍 当前状态: down_resting | 动作次数: 3
[2026-05-31 14:23:32.051]   📊 套利边缘: net=-0.4000 | 充足=True | edge=-0.4000 >= min=-0.5000; YES@0.510 cost=0.5100 + NO@0.400 cost=0.4000
[2026-05-31 14:24:01.220]   🧾 结算回填: 已追加 2 条 settled 记录到 trades.csv
[2026-05-31 14:24:01.221] 
[2026-05-31 14:24:01.221]   💤 等待 60s 后进行下次轮询...
[2026-05-31 14:25:01.223] 
[2026-05-31 14:25:01.225] ━━━━━━━━━━━━━━━━━━━━━━━━━━━━━━━━━━━━━━━━━━━━━━━━━━━━━━━━━━━━
[2026-05-31 14:25:01.225]   【 PreOpen 轮次 #96 】 2026-05-31 06:25:01 UTC
[2026-05-31 14:25:07.862] 
[2026-05-31 14:25:07.865]   🔍 【市场发现】共找到 6 个市场
[2026-05-31 14:25:07.866]      ├─ ❌ 过滤 [已开始] btc-updown-5m-1780208100 | 开始于 06:15:00 UTC | tts=-601s
[2026-05-31 14:25:07.866]      ├─ ❌ 过滤 [已开始] btc-updown-5m-1780208400 | 开始于 06:20:00 UTC | tts=-301s
[2026-05-31 14:25:07.866]      └─ ✅ 可交易 btc-updown-5m-1780209000 | 开始 06:30:00 UTC | 结束 06:35:00 UTC | tts=299s
[2026-05-31 14:25:07.866]      └─ ✅ 可交易 btc-updown-5m-1780209300 | 开始 06:35:00 UTC | 结束 06:40:00 UTC | tts=599s
[2026-05-31 14:25:07.866]      ├─ ❌ 过滤 [太远] btc-updown-5m-1780209600 | 开始于 06:40:00 UTC | tts=899s > 600s
[2026-05-31 14:25:07.866] 
[2026-05-31 14:25:07.866]   📊 【汇总】发现 6 个 | 可交易 1 个
[2026-05-31 14:25:07.866]      ├─ 已下单事件排除: 1
[2026-05-31 14:25:07.867]      └─ 时间窗口外: 3
[2026-05-31 14:25:07.867] 
[2026-05-31 14:25:07.867]   📅 【所有市场时间表】(当前: 06:25:01 UTC)
[2026-05-31 14:25:07.867]      🔴 已开始 06:15:00 - 06:20:00 UTC | btc-updown-5m-1780208100 | 开始已过 601s | 已结束
[2026-05-31 14:25:07.867]      🔴 已开始 06:20:00 - 06:25:00 UTC | btc-updown-5m-1780208400 | 开始已过 301s | 已结束
[2026-05-31 14:25:07.867]      🔴 已开始 🧾已下单 06:25:00 - 06:30:00 UTC | btc-updown-5m-1780208700 | 开始已过 1s | 299s后结束
[2026-05-31 14:25:07.867]      ✅ 可交易 06:30:00 - 06:35:00 UTC | btc-updown-5m-1780209000 | 开始299s后 | 599s后结束
[2026-05-31 14:25:07.867]      ✅ 可交易 06:35:00 - 06:40:00 UTC | btc-updown-5m-1780209300 | 开始599s后 | 899s后结束
[2026-05-31 14:25:07.867]      🔜 太远 06:40:00 - 06:45:00 UTC | btc-updown-5m-1780209600 | 开始899s后 | 1199s后结束
[2026-05-31 14:25:07.868]   ✨ 新发现事件: btc-updown-5m-1780209300 | 状态=已发现 | 距开始=599s | 距结束=899s
[2026-05-31 14:25:07.868]   🎯 目标事件: btc-updown-5m-1780209000 | 状态=已发现 | 距开始=299s | 距结束=599s
[2026-05-31 14:25:07.868]   ⏱  距离开始=298.8s | 状态=discovered | 动作次数=0
[2026-05-31 14:25:07.868]   🔄 事件状态: DISCOVERED → READY | btc-updown-5m-1780209000
[2026-05-31 14:25:13.172]   📗 YES下单: ✅ 已下单 | 价格=$0.5100 | 数量=5.0份 | 订单ID=0x30bc4bc41a9baf0948ffd034bda7fe5bc30dacc4492fd61fa8a268bdbe1a9d91
[2026-05-31 14:25:13.172]   ✅ Bought 5.0 YES shares @ $0.510
[2026-05-31 14:25:19.948]   📙 NO挂单: ✅ 已下单 | 价格=$0.4000 | 数量=5.0份 | 订单ID=0x7935b5d07182515a9f4a4e455194028d1fe138d04fea80fa5c7ff5a22933d754
[2026-05-31 14:25:19.948]   ✅ Bought 5.0 NO shares @ $0.400
[2026-05-31 14:25:28.074]   🎯 live 事件进度: 29/200
[2026-05-31 14:25:28.074] 
[2026-05-31 14:25:28.074]   ✅ 【已下单】btc-updown-5m-1780209000
[2026-05-31 14:25:28.074]      📗 YES: 订单ID=0x30bc4bc41a9baf0948ffd034bda7fe5bc30dacc4492fd61fa8a268bdbe1a9d91 | 成交价=$0.5100
[2026-05-31 14:25:28.074]      📙 NO: 订单ID=0x7935b5d07182515a9f4a4e455194028d1fe138d04fea80fa5c7ff5a22933d754 | 成交价=$0.4000
[2026-05-31 14:25:28.074]      📍 当前状态: down_resting | 动作次数: 3
[2026-05-31 14:25:28.074]   📊 套利边缘: net=-0.4000 | 充足=True | edge=-0.4000 >= min=-0.5000; YES@0.510 cost=0.5100 + NO@0.400 cost=0.4000
[2026-05-31 14:25:28.074] 
[2026-05-31 14:25:28.074]   💤 等待 60s 后进行下次轮询...
[2026-05-31 14:26:28.081] 
[2026-05-31 14:26:28.083] ━━━━━━━━━━━━━━━━━━━━━━━━━━━━━━━━━━━━━━━━━━━━━━━━━━━━━━━━━━━━
[2026-05-31 14:26:28.083]   【 PreOpen 轮次 #97 】 2026-05-31 06:26:28 UTC
[2026-05-31 14:26:28.083]   🗑 Pre-GC removed: btc-updown-5m-1780208700 | reason=stale/untradeable
[2026-05-31 14:26:35.030] 
[2026-05-31 14:26:35.030]   🔍 【市场发现】共找到 6 个市场
[2026-05-31 14:26:35.030]      ├─ ❌ 过滤 [已开始] btc-updown-5m-1780208100 | 开始于 06:15:00 UTC | tts=-688s
[2026-05-31 14:26:35.030]      ├─ ❌ 过滤 [已开始] btc-updown-5m-1780208400 | 开始于 06:20:00 UTC | tts=-388s
[2026-05-31 14:26:35.030]      ├─ ❌ 过滤 [已开始] btc-updown-5m-1780208700 | 开始于 06:25:00 UTC | tts=-88s
[2026-05-31 14:26:35.030]      └─ ✅ 可交易 btc-updown-5m-1780209300 | 开始 06:35:00 UTC | 结束 06:40:00 UTC | tts=512s
[2026-05-31 14:26:35.030]      ├─ ❌ 过滤 [太远] btc-updown-5m-1780209600 | 开始于 06:40:00 UTC | tts=812s > 600s
[2026-05-31 14:26:35.031] 
[2026-05-31 14:26:35.031]   📊 【汇总】发现 6 个 | 可交易 0 个
[2026-05-31 14:26:35.031]      ├─ 已下单事件排除: 1
[2026-05-31 14:26:35.031]      └─ 时间窗口外: 4
[2026-05-31 14:26:35.031] 
[2026-05-31 14:26:35.031]   📅 【所有市场时间表】(当前: 06:26:28 UTC)
[2026-05-31 14:26:35.031]      🔴 已开始 06:15:00 - 06:20:00 UTC | btc-updown-5m-1780208100 | 开始已过 688s | 已结束
[2026-05-31 14:26:35.031]      🔴 已开始 06:20:00 - 06:25:00 UTC | btc-updown-5m-1780208400 | 开始已过 388s | 已结束
[2026-05-31 14:26:35.031]      🔴 已开始 06:25:00 - 06:30:00 UTC | btc-updown-5m-1780208700 | 开始已过 88s | 212s后结束
[2026-05-31 14:26:35.031]      ✅ 可交易 🧾已下单 06:30:00 - 06:35:00 UTC | btc-updown-5m-1780209000 | 开始212s后 | 512s后结束
[2026-05-31 14:26:35.031]      ✅ 可交易 06:35:00 - 06:40:00 UTC | btc-updown-5m-1780209300 | 开始512s后 | 812s后结束
[2026-05-31 14:26:35.031]      🔜 太远 06:40:00 - 06:45:00 UTC | btc-updown-5m-1780209600 | 开始812s后 | 1112s后结束
[2026-05-31 14:26:35.031]   🎯 目标事件: btc-updown-5m-1780209000 | 状态=NO挂单中 | 距开始=212s | 距结束=512s
[2026-05-31 14:26:35.032]   ⏱  距离开始=211.9s | 状态=down_resting | 动作次数=3
[2026-05-31 14:26:35.032]   循环检查: ⏭️ 跳过 | 价格=- | 数量=- | 原因: action_count=3 >= max=3
[2026-05-31 14:26:35.032] 
[2026-05-31 14:26:35.032]   ✅ 【已下单】btc-updown-5m-1780209000
[2026-05-31 14:26:35.032]      📗 YES: 订单ID=0x30bc4bc41a9baf0948ffd034bda7fe5bc30dacc4492fd61fa8a268bdbe1a9d91 | 成交价=$0.5100
[2026-05-31 14:26:35.032]      📙 NO: 订单ID=0x7935b5d07182515a9f4a4e455194028d1fe138d04fea80fa5c7ff5a22933d754 | 成交价=$0.4000
[2026-05-31 14:26:35.032]      📍 当前状态: down_resting | 动作次数: 3
[2026-05-31 14:26:35.032]   📊 套利边缘: net=-0.4000 | 充足=True | edge=-0.4000 >= min=-0.5000; YES@0.510 cost=0.5100 + NO@0.400 cost=0.4000
[2026-05-31 14:27:09.994] 
[2026-05-31 14:27:09.994]   💤 等待 60s 后进行下次轮询...
[2026-05-31 14:28:10.001] 
[2026-05-31 14:28:10.002] ━━━━━━━━━━━━━━━━━━━━━━━━━━━━━━━━━━━━━━━━━━━━━━━━━━━━━━━━━━━━
[2026-05-31 14:28:10.002]   【 PreOpen 轮次 #98 】 2026-05-31 06:28:10 UTC
[2026-05-31 14:28:15.684] 
[2026-05-31 14:28:15.685]   🔍 【市场发现】共找到 5 个市场
[2026-05-31 14:28:15.685]      ├─ ❌ 过滤 [已开始] btc-updown-5m-1780208400 | 开始于 06:20:00 UTC | tts=-490s
[2026-05-31 14:28:15.685]      ├─ ❌ 过滤 [已开始] btc-updown-5m-1780208700 | 开始于 06:25:00 UTC | tts=-190s
[2026-05-31 14:28:15.685]      └─ ✅ 可交易 btc-updown-5m-1780209300 | 开始 06:35:00 UTC | 结束 06:40:00 UTC | tts=410s
[2026-05-31 14:28:15.686]      ├─ ❌ 过滤 [太远] btc-updown-5m-1780209600 | 开始于 06:40:00 UTC | tts=710s > 600s
[2026-05-31 14:28:15.686] 
[2026-05-31 14:28:15.686]   📊 【汇总】发现 5 个 | 可交易 0 个
[2026-05-31 14:28:15.686]      ├─ 已下单事件排除: 1
[2026-05-31 14:28:15.686]      └─ 时间窗口外: 3
[2026-05-31 14:28:15.686] 
[2026-05-31 14:28:15.686]   📅 【所有市场时间表】(当前: 06:28:10 UTC)
[2026-05-31 14:28:15.687]      🔴 已开始 06:20:00 - 06:25:00 UTC | btc-updown-5m-1780208400 | 开始已过 490s | 已结束
[2026-05-31 14:28:15.687]      🔴 已开始 06:25:00 - 06:30:00 UTC | btc-updown-5m-1780208700 | 开始已过 190s | 110s后结束
[2026-05-31 14:28:15.687]      ✅ 可交易 🧾已下单 06:30:00 - 06:35:00 UTC | btc-updown-5m-1780209000 | 开始110s后 | 410s后结束
[2026-05-31 14:28:15.687]      ✅ 可交易 06:35:00 - 06:40:00 UTC | btc-updown-5m-1780209300 | 开始410s后 | 710s后结束
[2026-05-31 14:28:15.687]      🔜 太远 06:40:00 - 06:45:00 UTC | btc-updown-5m-1780209600 | 开始710s后 | 1010s后结束
[2026-05-31 14:28:15.688]   🎯 目标事件: btc-updown-5m-1780209000 | 状态=NO挂单中 | 距开始=110s | 距结束=410s
[2026-05-31 14:28:15.688]   ⏱  距离开始=110.0s | 状态=down_resting | 动作次数=3
[2026-05-31 14:28:15.688]   循环检查: ⏭️ 跳过 | 价格=- | 数量=- | 原因: action_count=3 >= max=3
[2026-05-31 14:28:15.688] 
[2026-05-31 14:28:15.688]   ✅ 【已下单】btc-updown-5m-1780209000
[2026-05-31 14:28:15.688]      📗 YES: 订单ID=0x30bc4bc41a9baf0948ffd034bda7fe5bc30dacc4492fd61fa8a268bdbe1a9d91 | 成交价=$0.5100
[2026-05-31 14:28:15.688]      📙 NO: 订单ID=0x7935b5d07182515a9f4a4e455194028d1fe138d04fea80fa5c7ff5a22933d754 | 成交价=$0.4000
[2026-05-31 14:28:15.688]      📍 当前状态: down_resting | 动作次数: 3
[2026-05-31 14:28:15.688]   📊 套利边缘: net=-0.4000 | 充足=True | edge=-0.4000 >= min=-0.5000; YES@0.510 cost=0.5100 + NO@0.400 cost=0.4000
[2026-05-31 14:28:15.688] 
[2026-05-31 14:28:15.688]   💤 等待 60s 后进行下次轮询...
[2026-05-31 14:29:15.691] 
[2026-05-31 14:29:15.693] ━━━━━━━━━━━━━━━━━━━━━━━━━━━━━━━━━━━━━━━━━━━━━━━━━━━━━━━━━━━━
[2026-05-31 14:29:15.693]   【 PreOpen 轮次 #99 】 2026-05-31 06:29:15 UTC
[2026-05-31 14:29:20.504] 
[2026-05-31 14:29:20.504]   🔍 【市场发现】共找到 5 个市场
[2026-05-31 14:29:20.505]      ├─ ❌ 过滤 [已开始] btc-updown-5m-1780208400 | 开始于 06:20:00 UTC | tts=-556s
[2026-05-31 14:29:20.505]      ├─ ❌ 过滤 [已开始] btc-updown-5m-1780208700 | 开始于 06:25:00 UTC | tts=-256s
[2026-05-31 14:29:20.505]      └─ ✅ 可交易 btc-updown-5m-1780209300 | 开始 06:35:00 UTC | 结束 06:40:00 UTC | tts=344s
[2026-05-31 14:29:20.505]      ├─ ❌ 过滤 [太远] btc-updown-5m-1780209600 | 开始于 06:40:00 UTC | tts=644s > 600s
[2026-05-31 14:29:20.505] 
[2026-05-31 14:29:20.505]   📊 【汇总】发现 5 个 | 可交易 0 个
[2026-05-31 14:29:20.505]      ├─ 已下单事件排除: 1
[2026-05-31 14:29:20.506]      └─ 时间窗口外: 3
[2026-05-31 14:29:20.506] 
[2026-05-31 14:29:20.506]   📅 【所有市场时间表】(当前: 06:29:15 UTC)
[2026-05-31 14:29:20.506]      🔴 已开始 06:20:00 - 06:25:00 UTC | btc-updown-5m-1780208400 | 开始已过 556s | 已结束
[2026-05-31 14:29:20.506]      🔴 已开始 06:25:00 - 06:30:00 UTC | btc-updown-5m-1780208700 | 开始已过 256s | 44s后结束
[2026-05-31 14:29:20.506]      ✅ 可交易 🧾已下单 06:30:00 - 06:35:00 UTC | btc-updown-5m-1780209000 | 开始44s后 | 344s后结束
[2026-05-31 14:29:20.506]      ✅ 可交易 06:35:00 - 06:40:00 UTC | btc-updown-5m-1780209300 | 开始344s后 | 644s后结束
[2026-05-31 14:29:20.506]      🔜 太远 06:40:00 - 06:45:00 UTC | btc-updown-5m-1780209600 | 开始644s后 | 944s后结束
[2026-05-31 14:29:20.507]   🎯 目标事件: btc-updown-5m-1780209000 | 状态=NO挂单中 | 距开始=44s | 距结束=344s
[2026-05-31 14:29:20.507]   ⏱  距离开始=44.3s | 状态=down_resting | 动作次数=3
[2026-05-31 14:29:20.507]   循环检查: ⏭️ 跳过 | 价格=- | 数量=- | 原因: action_count=3 >= max=3
[2026-05-31 14:29:20.507] 
[2026-05-31 14:29:20.507]   ✅ 【已下单】btc-updown-5m-1780209000
[2026-05-31 14:29:20.507]      📗 YES: 订单ID=0x30bc4bc41a9baf0948ffd034bda7fe5bc30dacc4492fd61fa8a268bdbe1a9d91 | 成交价=$0.5100
[2026-05-31 14:29:20.507]      📙 NO: 订单ID=0x7935b5d07182515a9f4a4e455194028d1fe138d04fea80fa5c7ff5a22933d754 | 成交价=$0.4000
[2026-05-31 14:29:20.507]      📍 当前状态: down_resting | 动作次数: 3
[2026-05-31 14:29:20.507]   📊 套利边缘: net=-0.4000 | 充足=True | edge=-0.4000 >= min=-0.5000; YES@0.510 cost=0.5100 + NO@0.400 cost=0.4000
[2026-05-31 14:29:49.083]   🧾 结算回填: 已追加 2 条 settled 记录到 trades.csv
[2026-05-31 14:29:49.084] 
[2026-05-31 14:29:49.084]   💤 等待 60s 后进行下次轮询...
[2026-05-31 14:30:49.090] 
[2026-05-31 14:30:49.092] ━━━━━━━━━━━━━━━━━━━━━━━━━━━━━━━━━━━━━━━━━━━━━━━━━━━━━━━━━━━━
[2026-05-31 14:30:49.092]   【 PreOpen 轮次 #100 】 2026-05-31 06:30:49 UTC
[2026-05-31 14:30:54.363] 
[2026-05-31 14:30:54.363]   🔍 【市场发现】共找到 6 个市场
[2026-05-31 14:30:54.363]      ├─ ❌ 过滤 [已开始] btc-updown-5m-1780208400 | 开始于 06:20:00 UTC | tts=-649s
[2026-05-31 14:30:54.364]      ├─ ❌ 过滤 [已开始] btc-updown-5m-1780208700 | 开始于 06:25:00 UTC | tts=-349s
[2026-05-31 14:30:54.364]      └─ ✅ 可交易 btc-updown-5m-1780209300 | 开始 06:35:00 UTC | 结束 06:40:00 UTC | tts=251s
[2026-05-31 14:30:54.364]      └─ ✅ 可交易 btc-updown-5m-1780209600 | 开始 06:40:00 UTC | 结束 06:45:00 UTC | tts=551s
[2026-05-31 14:30:54.364]      ├─ ❌ 过滤 [太远] btc-updown-5m-1780209900 | 开始于 06:45:00 UTC | tts=851s > 600s
[2026-05-31 14:30:54.364] 
[2026-05-31 14:30:54.364]   📊 【汇总】发现 6 个 | 可交易 1 个
[2026-05-31 14:30:54.364]      ├─ 已下单事件排除: 1
[2026-05-31 14:30:54.364]      └─ 时间窗口外: 3
[2026-05-31 14:30:54.365] 
[2026-05-31 14:30:54.365]   📅 【所有市场时间表】(当前: 06:30:49 UTC)
[2026-05-31 14:30:54.365]      🔴 已开始 06:20:00 - 06:25:00 UTC | btc-updown-5m-1780208400 | 开始已过 649s | 已结束
[2026-05-31 14:30:54.365]      🔴 已开始 06:25:00 - 06:30:00 UTC | btc-updown-5m-1780208700 | 开始已过 349s | 已结束
[2026-05-31 14:30:54.365]      🔴 已开始 🧾已下单 06:30:00 - 06:35:00 UTC | btc-updown-5m-1780209000 | 开始已过 49s | 251s后结束
[2026-05-31 14:30:54.365]      ✅ 可交易 06:35:00 - 06:40:00 UTC | btc-updown-5m-1780209300 | 开始251s后 | 551s后结束
[2026-05-31 14:30:54.365]      ✅ 可交易 06:40:00 - 06:45:00 UTC | btc-updown-5m-1780209600 | 开始551s后 | 851s后结束
[2026-05-31 14:30:54.365]      🔜 太远 06:45:00 - 06:50:00 UTC | btc-updown-5m-1780209900 | 开始851s后 | 1151s后结束
[2026-05-31 14:30:54.365]   ✨ 新发现事件: btc-updown-5m-1780209600 | 状态=已发现 | 距开始=551s | 距结束=851s
[2026-05-31 14:30:54.365]   🎯 目标事件: btc-updown-5m-1780209300 | 状态=已发现 | 距开始=251s | 距结束=551s
[2026-05-31 14:30:54.365]   ⏱  距离开始=250.9s | 状态=discovered | 动作次数=0
[2026-05-31 14:30:54.365]   🔄 事件状态: DISCOVERED → READY | btc-updown-5m-1780209300
[2026-05-31 14:30:59.474]   📗 YES下单: ✅ 已下单 | 价格=$0.5100 | 数量=5.0份 | 订单ID=0xe1dc2bc083489d32cbcc74b81bfcd91580aa5b9a1109d997aa5cef89168fd5b8
[2026-05-31 14:30:59.474]   ✅ Bought 5.0 YES shares @ $0.510
[2026-05-31 14:31:06.321]   📙 NO挂单: ✅ 已下单 | 价格=$0.4000 | 数量=5.0份 | 订单ID=0x5fd0115e5c43ec983765859caa506a45513b8f2f037088f01853e08bbd1c760e
[2026-05-31 14:31:06.321]   ✅ Bought 5.0 NO shares @ $0.400
[2026-05-31 14:31:13.083]   🎯 live 事件进度: 30/200
[2026-05-31 14:31:13.084] 
[2026-05-31 14:31:13.084]   ✅ 【已下单】btc-updown-5m-1780209300
[2026-05-31 14:31:13.084]      📗 YES: 订单ID=0xe1dc2bc083489d32cbcc74b81bfcd91580aa5b9a1109d997aa5cef89168fd5b8 | 成交价=$0.5100
[2026-05-31 14:31:13.084]      📙 NO: 订单ID=0x5fd0115e5c43ec983765859caa506a45513b8f2f037088f01853e08bbd1c760e | 成交价=$0.4000
[2026-05-31 14:31:13.084]      📍 当前状态: down_resting | 动作次数: 3
[2026-05-31 14:31:13.084]   📊 套利边缘: net=-0.4000 | 充足=True | edge=-0.4000 >= min=-0.5000; YES@0.510 cost=0.5100 + NO@0.400 cost=0.4000
[2026-05-31 14:31:13.084] 
[2026-05-31 14:31:13.084]   💤 等待 60s 后进行下次轮询...
