[2026-05-30 18:40:40.844] 📁 日志目录: /Users/yuliang/project/poly-refactor/poly-simmer-fast-loop/main/runs/2026-05-30-18-40-40_dryrun
[2026-05-30 18:40:40.845] 📄 日志文件: /Users/yuliang/project/poly-refactor/poly-simmer-fast-loop/main/runs/2026-05-30-18-40-40_dryrun/output.log
[2026-05-30 18:40:40.845] ============================================================
[2026-05-30 18:40:40.845] 
[2026-05-30 18:40:40.845] ════════════════════════════════════════════════════════════
[2026-05-30 18:40:40.845]   【 PreOpen Loop 预开盘循环 】
[2026-05-30 18:40:40.845] ════════════════════════════════════════════════════════════
[2026-05-30 18:40:40.845]   模式: 模拟交易
[2026-05-30 18:40:40.845]   品种: BTC | 窗口: 5m
[2026-05-30 18:40:40.845]   ── 轮询参数 ──
[2026-05-30 18:40:40.845]   • 轮询间隔: 60s
[2026-05-30 18:40:40.845]   • 预开盘提前时间 (lead_time): 600s
[2026-05-30 18:40:40.845]   • 垃圾回收宽限期 (gc_grace): 60s
[2026-05-30 18:40:40.845]   ── YES 主单参数 ──
[2026-05-30 18:40:40.845]   • 买入数量: 10.0 份
[2026-05-30 18:40:40.845]   • 最高价格: $0.92
[2026-05-30 18:40:40.845]   ── NO 对冲参数 ──
[2026-05-30 18:40:40.845]   • 静态对冲价格: $0.4
[2026-05-30 18:40:40.845]   • 切换 TTL 阈值: 40s
[2026-05-30 18:40:40.845]   • 最大 FAK 价格: $0.42
[2026-05-30 18:40:40.845]   • 最小套利边缘: -0.5
[2026-05-30 18:40:40.845] ────────────────────────────────────────────────────────────
[2026-05-30 18:40:40.846] 
[2026-05-30 18:40:40.846] ━━━━━━━━━━━━━━━━━━━━━━━━━━━━━━━━━━━━━━━━━━━━━━━━━━━━━━━━━━━━
[2026-05-30 18:40:40.846]   【 PreOpen 轮次 #1 】 2026-05-30 10:40:40 UTC
[2026-05-30 18:40:43.868] 
[2026-05-30 18:40:43.869]   🔍 【市场发现】共找到 6 个市场
[2026-05-30 18:40:43.869]      ├─ ❌ 过滤 [已开始] btc-updown-5m-1780137000 | 开始于 10:30:00 UTC | tts=-641s
[2026-05-30 18:40:43.869]      ├─ ❌ 过滤 [已开始] btc-updown-5m-1780137300 | 开始于 10:35:00 UTC | tts=-341s
[2026-05-30 18:40:43.869]      ├─ ❌ 过滤 [已开始] btc-updown-5m-1780137600 | 开始于 10:40:00 UTC | tts=-41s
[2026-05-30 18:40:43.869]      └─ ✅ 可交易 btc-updown-5m-1780137900 | 开始 10:45:00 UTC | 结束 10:50:00 UTC | tts=259s
[2026-05-30 18:40:43.870]      └─ ✅ 可交易 btc-updown-5m-1780138200 | 开始 10:50:00 UTC | 结束 10:55:00 UTC | tts=559s
[2026-05-30 18:40:43.870]      ├─ ❌ 过滤 [太远] btc-updown-5m-1780138500 | 开始于 10:55:00 UTC | tts=859s > 600s
[2026-05-30 18:40:43.870] 
[2026-05-30 18:40:43.870]   📊 【汇总】发现 6 个 | 可交易 2 个
[2026-05-30 18:40:43.870]      └─ 时间窗口外: 4
[2026-05-30 18:40:43.870] 
[2026-05-30 18:40:43.870]   📅 【所有市场时间表】(当前: 10:40:40 UTC)
[2026-05-30 18:40:43.870]      🔴 已开始 10:30:00 - 10:35:00 UTC | btc-updown-5m-1780137000 | 开始已过 641s | 已结束
[2026-05-30 18:40:43.871]      🔴 已开始 10:35:00 - 10:40:00 UTC | btc-updown-5m-1780137300 | 开始已过 341s | 已结束
[2026-05-30 18:40:43.871]      🔴 已开始 10:40:00 - 10:45:00 UTC | btc-updown-5m-1780137600 | 开始已过 41s | 259s后结束
[2026-05-30 18:40:43.871]      ✅ 可交易 10:45:00 - 10:50:00 UTC | btc-updown-5m-1780137900 | 开始259s后 | 559s后结束
[2026-05-30 18:40:43.871]      ✅ 可交易 10:50:00 - 10:55:00 UTC | btc-updown-5m-1780138200 | 开始559s后 | 859s后结束
[2026-05-30 18:40:43.871]      🔜 太远 10:55:00 - 11:00:00 UTC | btc-updown-5m-1780138500 | 开始859s后 | 1159s后结束
[2026-05-30 18:40:43.871]   ✨ 新发现事件: btc-updown-5m-1780137900 | 状态=已发现 | 距开始=259s | 距结束=559s
[2026-05-30 18:40:43.871]   ✨ 新发现事件: btc-updown-5m-1780138200 | 状态=已发现 | 距开始=559s | 距结束=859s
[2026-05-30 18:40:43.871]   📦 事件池: 2 个 | 本轮发现=2 | GC移除=0
[2026-05-30 18:40:43.871]   🎯 目标事件: btc-updown-5m-1780137900 | 状态=已发现 | 距开始=259s | 距结束=559s
[2026-05-30 18:40:43.871]   ⏱  距离开始=259.2s | 状态=discovered | 动作次数=0
[2026-05-30 18:40:43.871]   🔄 事件状态: DISCOVERED → READY | btc-updown-5m-1780137900
[2026-05-30 18:40:44.822]   📗 YES下单: ✅ 已下单 | 价格=$0.5100 | 数量=10.0份 | 订单ID=DRY-0x1d8ca9-YES
[2026-05-30 18:40:44.823]   ✅ [PAPER] Bought 10.0 YES shares @ $0.510
[2026-05-30 18:40:52.233]   📙 NO挂单: ✅ 已下单 | 价格=$0.4000 | 数量=10.0份 | 订单ID=DRY-0x1d8ca9-DOWN
[2026-05-30 18:40:52.233]   ✅ [PAPER] Bought 10.0 NO shares @ $0.400
[2026-05-30 18:40:58.488] 
[2026-05-30 18:40:58.489]   ✅ 【已下单】btc-updown-5m-1780137900
[2026-05-30 18:40:58.489]      📗 YES: 订单ID=DRY-0x1d8ca9-YES | 成交价=$0.5100
[2026-05-30 18:40:58.489]      📙 NO: 订单ID=DRY-0x1d8ca9-DOWN | 成交价=$N/A
[2026-05-30 18:40:58.489]      📍 当前状态: down_resting | 动作次数: 3
[2026-05-30 18:40:58.489]   📊 套利边缘: net=-0.4000 | 充足=True | edge=-0.4000 >= min=-0.5000; YES@0.510 cost=0.5100 + NO@0.400 cost=0.4000
[2026-05-30 18:40:58.489] 
[2026-05-30 18:40:58.489]   💤 等待 60s 后进行下次轮询...
[2026-05-30 18:41:58.586] 
[2026-05-30 18:41:58.588] ━━━━━━━━━━━━━━━━━━━━━━━━━━━━━━━━━━━━━━━━━━━━━━━━━━━━━━━━━━━━
[2026-05-30 18:41:58.588]   【 PreOpen 轮次 #2 】 2026-05-30 10:41:58 UTC
[2026-05-30 18:42:02.464] 
[2026-05-30 18:42:02.464]   🔍 【市场发现】共找到 6 个市场
[2026-05-30 18:42:02.464]      ├─ ❌ 过滤 [已开始] btc-updown-5m-1780137000 | 开始于 10:30:00 UTC | tts=-719s
[2026-05-30 18:42:02.464]      ├─ ❌ 过滤 [已开始] btc-updown-5m-1780137300 | 开始于 10:35:00 UTC | tts=-419s
[2026-05-30 18:42:02.464]      ├─ ❌ 过滤 [已开始] btc-updown-5m-1780137600 | 开始于 10:40:00 UTC | tts=-119s
[2026-05-30 18:42:02.465]      └─ ✅ 可交易 btc-updown-5m-1780138200 | 开始 10:50:00 UTC | 结束 10:55:00 UTC | tts=481s
[2026-05-30 18:42:02.465]      ├─ ❌ 过滤 [太远] btc-updown-5m-1780138500 | 开始于 10:55:00 UTC | tts=781s > 600s
[2026-05-30 18:42:02.465] 
[2026-05-30 18:42:02.465]   📊 【汇总】发现 6 个 | 可交易 0 个
[2026-05-30 18:42:02.465]      ├─ 已下单事件排除: 1
[2026-05-30 18:42:02.465]      └─ 时间窗口外: 4
[2026-05-30 18:42:02.465] 
[2026-05-30 18:42:02.465]   📅 【所有市场时间表】(当前: 10:41:58 UTC)
[2026-05-30 18:42:02.465]      🔴 已开始 10:30:00 - 10:35:00 UTC | btc-updown-5m-1780137000 | 开始已过 719s | 已结束
[2026-05-30 18:42:02.466]      🔴 已开始 10:35:00 - 10:40:00 UTC | btc-updown-5m-1780137300 | 开始已过 419s | 已结束
[2026-05-30 18:42:02.466]      🔴 已开始 10:40:00 - 10:45:00 UTC | btc-updown-5m-1780137600 | 开始已过 119s | 181s后结束
[2026-05-30 18:42:02.466]      ✅ 可交易 🧾已下单 10:45:00 - 10:50:00 UTC | btc-updown-5m-1780137900 | 开始181s后 | 481s后结束
[2026-05-30 18:42:02.466]      ✅ 可交易 10:50:00 - 10:55:00 UTC | btc-updown-5m-1780138200 | 开始481s后 | 781s后结束
[2026-05-30 18:42:02.466]      🔜 太远 10:55:00 - 11:00:00 UTC | btc-updown-5m-1780138500 | 开始781s后 | 1081s后结束
[2026-05-30 18:42:02.466]   📦 事件池: 2 个 | 本轮发现=0 | GC移除=0
[2026-05-30 18:42:02.466]   🎯 目标事件: btc-updown-5m-1780137900 | 状态=NO挂单中 | 距开始=181s | 距结束=481s
[2026-05-30 18:42:02.466]   ⏱  距离开始=181.4s | 状态=down_resting | 动作次数=3
[2026-05-30 18:42:02.467]   循环检查: ⏭️ 跳过 | 价格=- | 数量=- | 原因: action_count=3 >= max=3
[2026-05-30 18:42:02.467] 
[2026-05-30 18:42:02.467]   ✅ 【已下单】btc-updown-5m-1780137900
[2026-05-30 18:42:02.467]      📗 YES: 订单ID=DRY-0x1d8ca9-YES | 成交价=$0.5100
[2026-05-30 18:42:02.467]      📙 NO: 订单ID=DRY-0x1d8ca9-DOWN | 成交价=$N/A
[2026-05-30 18:42:02.467]      📍 当前状态: down_resting | 动作次数: 3
[2026-05-30 18:42:02.467]   📊 套利边缘: net=-0.4000 | 充足=True | edge=-0.4000 >= min=-0.5000; YES@0.510 cost=0.5100 + NO@0.400 cost=0.4000
[2026-05-30 18:42:02.467] 
[2026-05-30 18:42:02.467]   💤 等待 60s 后进行下次轮询...
[2026-05-30 18:43:02.473] 
[2026-05-30 18:43:02.475] ━━━━━━━━━━━━━━━━━━━━━━━━━━━━━━━━━━━━━━━━━━━━━━━━━━━━━━━━━━━━
[2026-05-30 18:43:02.476]   【 PreOpen 轮次 #3 】 2026-05-30 10:43:02 UTC
[2026-05-30 18:43:05.620] 
[2026-05-30 18:43:05.621]   🔍 【市场发现】共找到 6 个市场
[2026-05-30 18:43:05.623]      ├─ ❌ 过滤 [已开始] btc-updown-5m-1780137000 | 开始于 10:30:00 UTC | tts=-782s
[2026-05-30 18:43:05.623]      ├─ ❌ 过滤 [已开始] btc-updown-5m-1780137300 | 开始于 10:35:00 UTC | tts=-482s
[2026-05-30 18:43:05.624]      ├─ ❌ 过滤 [已开始] btc-updown-5m-1780137600 | 开始于 10:40:00 UTC | tts=-182s
[2026-05-30 18:43:05.624]      └─ ✅ 可交易 btc-updown-5m-1780138200 | 开始 10:50:00 UTC | 结束 10:55:00 UTC | tts=418s
[2026-05-30 18:43:05.625]      ├─ ❌ 过滤 [太远] btc-updown-5m-1780138500 | 开始于 10:55:00 UTC | tts=718s > 600s
[2026-05-30 18:43:05.625] 
[2026-05-30 18:43:05.625]   📊 【汇总】发现 6 个 | 可交易 0 个
[2026-05-30 18:43:05.627]      ├─ 已下单事件排除: 1
[2026-05-30 18:43:05.627]      └─ 时间窗口外: 4
[2026-05-30 18:43:05.627] 
[2026-05-30 18:43:05.627]   📅 【所有市场时间表】(当前: 10:43:02 UTC)
[2026-05-30 18:43:05.628]      🔴 已开始 10:30:00 - 10:35:00 UTC | btc-updown-5m-1780137000 | 开始已过 782s | 已结束
[2026-05-30 18:43:05.628]      🔴 已开始 10:35:00 - 10:40:00 UTC | btc-updown-5m-1780137300 | 开始已过 482s | 已结束
[2026-05-30 18:43:05.628]      🔴 已开始 10:40:00 - 10:45:00 UTC | btc-updown-5m-1780137600 | 开始已过 182s | 118s后结束
[2026-05-30 18:43:05.629]      ✅ 可交易 🧾已下单 10:45:00 - 10:50:00 UTC | btc-updown-5m-1780137900 | 开始118s后 | 418s后结束
[2026-05-30 18:43:05.629]      ✅ 可交易 10:50:00 - 10:55:00 UTC | btc-updown-5m-1780138200 | 开始418s后 | 718s后结束
[2026-05-30 18:43:05.629]      🔜 太远 10:55:00 - 11:00:00 UTC | btc-updown-5m-1780138500 | 开始718s后 | 1018s后结束
[2026-05-30 18:43:05.630]   📦 事件池: 2 个 | 本轮发现=0 | GC移除=0
[2026-05-30 18:43:05.630]   🎯 目标事件: btc-updown-5m-1780137900 | 状态=NO挂单中 | 距开始=118s | 距结束=418s
[2026-05-30 18:43:05.630]   ⏱  距离开始=117.5s | 状态=down_resting | 动作次数=3
[2026-05-30 18:43:05.630]   循环检查: ⏭️ 跳过 | 价格=- | 数量=- | 原因: action_count=3 >= max=3
[2026-05-30 18:43:05.631] 
[2026-05-30 18:43:05.631]   ✅ 【已下单】btc-updown-5m-1780137900
[2026-05-30 18:43:05.631]      📗 YES: 订单ID=DRY-0x1d8ca9-YES | 成交价=$0.5100
[2026-05-30 18:43:05.631]      📙 NO: 订单ID=DRY-0x1d8ca9-DOWN | 成交价=$N/A
[2026-05-30 18:43:05.631]      📍 当前状态: down_resting | 动作次数: 3
[2026-05-30 18:43:05.631]   📊 套利边缘: net=-0.4000 | 充足=True | edge=-0.4000 >= min=-0.5000; YES@0.510 cost=0.5100 + NO@0.400 cost=0.4000
[2026-05-30 18:43:12.979] 
[2026-05-30 18:43:12.980]   💤 等待 60s 后进行下次轮询...
[2026-05-30 18:44:12.985] 
[2026-05-30 18:44:12.987] ━━━━━━━━━━━━━━━━━━━━━━━━━━━━━━━━━━━━━━━━━━━━━━━━━━━━━━━━━━━━
[2026-05-30 18:44:12.987]   【 PreOpen 轮次 #4 】 2026-05-30 10:44:12 UTC
[2026-05-30 18:44:16.857] 
[2026-05-30 18:44:16.858]   🔍 【市场发现】共找到 5 个市场
[2026-05-30 18:44:16.858]      ├─ ❌ 过滤 [已开始] btc-updown-5m-1780137300 | 开始于 10:35:00 UTC | tts=-553s
[2026-05-30 18:44:16.859]      ├─ ❌ 过滤 [已开始] btc-updown-5m-1780137600 | 开始于 10:40:00 UTC | tts=-253s
[2026-05-30 18:44:16.859]      └─ ✅ 可交易 btc-updown-5m-1780138200 | 开始 10:50:00 UTC | 结束 10:55:00 UTC | tts=347s
[2026-05-30 18:44:16.859]      ├─ ❌ 过滤 [太远] btc-updown-5m-1780138500 | 开始于 10:55:00 UTC | tts=647s > 600s
[2026-05-30 18:44:16.859] 
[2026-05-30 18:44:16.859]   📊 【汇总】发现 5 个 | 可交易 0 个
[2026-05-30 18:44:16.859]      ├─ 已下单事件排除: 1
[2026-05-30 18:44:16.859]      └─ 时间窗口外: 3
[2026-05-30 18:44:16.860] 
[2026-05-30 18:44:16.860]   📅 【所有市场时间表】(当前: 10:44:12 UTC)
[2026-05-30 18:44:16.860]      🔴 已开始 10:35:00 - 10:40:00 UTC | btc-updown-5m-1780137300 | 开始已过 553s | 已结束
[2026-05-30 18:44:16.860]      🔴 已开始 10:40:00 - 10:45:00 UTC | btc-updown-5m-1780137600 | 开始已过 253s | 47s后结束
[2026-05-30 18:44:16.860]      ✅ 可交易 🧾已下单 10:45:00 - 10:50:00 UTC | btc-updown-5m-1780137900 | 开始47s后 | 347s后结束
[2026-05-30 18:44:16.860]      ✅ 可交易 10:50:00 - 10:55:00 UTC | btc-updown-5m-1780138200 | 开始347s后 | 647s后结束
[2026-05-30 18:44:16.860]      🔜 太远 10:55:00 - 11:00:00 UTC | btc-updown-5m-1780138500 | 开始647s后 | 947s后结束
[2026-05-30 18:44:16.860]   📦 事件池: 2 个 | 本轮发现=0 | GC移除=0
[2026-05-30 18:44:16.860]   🎯 目标事件: btc-updown-5m-1780137900 | 状态=NO挂单中 | 距开始=47s | 距结束=347s
[2026-05-30 18:44:16.861]   ⏱  距离开始=47.0s | 状态=down_resting | 动作次数=3
[2026-05-30 18:44:16.861]   循环检查: ⏭️ 跳过 | 价格=- | 数量=- | 原因: action_count=3 >= max=3
[2026-05-30 18:44:16.861] 
[2026-05-30 18:44:16.861]   ✅ 【已下单】btc-updown-5m-1780137900
[2026-05-30 18:44:16.861]      📗 YES: 订单ID=DRY-0x1d8ca9-YES | 成交价=$0.5100
[2026-05-30 18:44:16.861]      📙 NO: 订单ID=DRY-0x1d8ca9-DOWN | 成交价=$N/A
[2026-05-30 18:44:16.861]      📍 当前状态: down_resting | 动作次数: 3
[2026-05-30 18:44:16.861]   📊 套利边缘: net=-0.4000 | 充足=True | edge=-0.4000 >= min=-0.5000; YES@0.510 cost=0.5100 + NO@0.400 cost=0.4000
[2026-05-30 18:44:16.862] 
[2026-05-30 18:44:16.862]   💤 等待 60s 后进行下次轮询...
[2026-05-30 18:45:16.863] 
[2026-05-30 18:45:16.865] ━━━━━━━━━━━━━━━━━━━━━━━━━━━━━━━━━━━━━━━━━━━━━━━━━━━━━━━━━━━━
[2026-05-30 18:45:16.866]   【 PreOpen 轮次 #5 】 2026-05-30 10:45:16 UTC
[2026-05-30 18:45:21.188] 
[2026-05-30 18:45:21.188]   🔍 【市场发现】共找到 6 个市场
[2026-05-30 18:45:21.188]      ├─ ❌ 过滤 [已开始] btc-updown-5m-1780137300 | 开始于 10:35:00 UTC | tts=-617s
[2026-05-30 18:45:21.188]      ├─ ❌ 过滤 [已开始] btc-updown-5m-1780137600 | 开始于 10:40:00 UTC | tts=-317s
[2026-05-30 18:45:21.189]      └─ ✅ 可交易 btc-updown-5m-1780138200 | 开始 10:50:00 UTC | 结束 10:55:00 UTC | tts=283s
[2026-05-30 18:45:21.189]      └─ ✅ 可交易 btc-updown-5m-1780138500 | 开始 10:55:00 UTC | 结束 11:00:00 UTC | tts=583s
[2026-05-30 18:45:21.189]      ├─ ❌ 过滤 [太远] btc-updown-5m-1780138800 | 开始于 11:00:00 UTC | tts=883s > 600s
[2026-05-30 18:45:21.189] 
[2026-05-30 18:45:21.189]   📊 【汇总】发现 6 个 | 可交易 1 个
[2026-05-30 18:45:21.189]      ├─ 已下单事件排除: 1
[2026-05-30 18:45:21.189]      └─ 时间窗口外: 3
[2026-05-30 18:45:21.189] 
[2026-05-30 18:45:21.189]   📅 【所有市场时间表】(当前: 10:45:16 UTC)
[2026-05-30 18:45:21.189]      🔴 已开始 10:35:00 - 10:40:00 UTC | btc-updown-5m-1780137300 | 开始已过 617s | 已结束
[2026-05-30 18:45:21.189]      🔴 已开始 10:40:00 - 10:45:00 UTC | btc-updown-5m-1780137600 | 开始已过 317s | 已结束
[2026-05-30 18:45:21.190]      🔴 已开始 🧾已下单 10:45:00 - 10:50:00 UTC | btc-updown-5m-1780137900 | 开始已过 17s | 283s后结束
[2026-05-30 18:45:21.190]      ✅ 可交易 10:50:00 - 10:55:00 UTC | btc-updown-5m-1780138200 | 开始283s后 | 583s后结束
[2026-05-30 18:45:21.190]      ✅ 可交易 10:55:00 - 11:00:00 UTC | btc-updown-5m-1780138500 | 开始583s后 | 883s后结束
[2026-05-30 18:45:21.190]      🔜 太远 11:00:00 - 11:05:00 UTC | btc-updown-5m-1780138800 | 开始883s后 | 1183s后结束
[2026-05-30 18:45:21.190]   ✨ 新发现事件: btc-updown-5m-1780138500 | 状态=已发现 | 距开始=583s | 距结束=883s
[2026-05-30 18:45:21.190]   📦 事件池: 3 个 | 本轮发现=1 | GC移除=0
[2026-05-30 18:45:21.190]   🎯 目标事件: btc-updown-5m-1780138200 | 状态=已发现 | 距开始=283s | 距结束=583s
[2026-05-30 18:45:21.190]   ⏱  距离开始=283.1s | 状态=discovered | 动作次数=0
[2026-05-30 18:45:21.190]   🔄 事件状态: DISCOVERED → READY | btc-updown-5m-1780138200
[2026-05-30 18:45:21.810]   📗 YES下单: ✅ 已下单 | 价格=$0.5100 | 数量=10.0份 | 订单ID=DRY-0x2c8511-YES
[2026-05-30 18:45:21.810]   ✅ [PAPER] Bought 10.0 YES shares @ $0.510
[2026-05-30 18:45:27.542]   📙 NO挂单: ✅ 已下单 | 价格=$0.4000 | 数量=10.0份 | 订单ID=DRY-0x2c8511-DOWN
[2026-05-30 18:45:27.542]   ✅ [PAPER] Bought 10.0 NO shares @ $0.400
[2026-05-30 18:45:33.251] 
[2026-05-30 18:45:33.251]   ✅ 【已下单】btc-updown-5m-1780138200
[2026-05-30 18:45:33.251]      📗 YES: 订单ID=DRY-0x2c8511-YES | 成交价=$0.5100
[2026-05-30 18:45:33.251]      📙 NO: 订单ID=DRY-0x2c8511-DOWN | 成交价=$N/A
[2026-05-30 18:45:33.252]      📍 当前状态: down_resting | 动作次数: 3
[2026-05-30 18:45:33.252]   📊 套利边缘: net=-0.4000 | 充足=True | edge=-0.4000 >= min=-0.5000; YES@0.510 cost=0.5100 + NO@0.400 cost=0.4000
[2026-05-30 18:45:48.470] 
[2026-05-30 18:45:48.471]   💤 等待 60s 后进行下次轮询...
[2026-05-30 18:46:48.476] 
[2026-05-30 18:46:48.478] ━━━━━━━━━━━━━━━━━━━━━━━━━━━━━━━━━━━━━━━━━━━━━━━━━━━━━━━━━━━━
[2026-05-30 18:46:48.479]   【 PreOpen 轮次 #6 】 2026-05-30 10:46:48 UTC
[2026-05-30 18:46:48.479]   🗑 Pre-GC removed: btc-updown-5m-1780137900 | reason=stale/untradeable
[2026-05-30 18:46:51.340] 
[2026-05-30 18:46:51.340]   🔍 【市场发现】共找到 5 个市场
[2026-05-30 18:46:51.340]      ├─ ❌ 过滤 [已开始] btc-updown-5m-1780137600 | 开始于 10:40:00 UTC | tts=-408s
[2026-05-30 18:46:51.340]      ├─ ❌ 过滤 [已开始] btc-updown-5m-1780137900 | 开始于 10:45:00 UTC | tts=-108s
[2026-05-30 18:46:51.340]      └─ ✅ 可交易 btc-updown-5m-1780138500 | 开始 10:55:00 UTC | 结束 11:00:00 UTC | tts=492s
[2026-05-30 18:46:51.341]      ├─ ❌ 过滤 [太远] btc-updown-5m-1780138800 | 开始于 11:00:00 UTC | tts=792s > 600s
[2026-05-30 18:46:51.341] 
[2026-05-30 18:46:51.341]   📊 【汇总】发现 5 个 | 可交易 0 个
[2026-05-30 18:46:51.341]      ├─ 已下单事件排除: 1
[2026-05-30 18:46:51.341]      └─ 时间窗口外: 3
[2026-05-30 18:46:51.341] 
[2026-05-30 18:46:51.341]   📅 【所有市场时间表】(当前: 10:46:48 UTC)
[2026-05-30 18:46:51.341]      🔴 已开始 10:40:00 - 10:45:00 UTC | btc-updown-5m-1780137600 | 开始已过 408s | 已结束
[2026-05-30 18:46:51.341]      🔴 已开始 10:45:00 - 10:50:00 UTC | btc-updown-5m-1780137900 | 开始已过 108s | 192s后结束
[2026-05-30 18:46:51.342]      ✅ 可交易 🧾已下单 10:50:00 - 10:55:00 UTC | btc-updown-5m-1780138200 | 开始192s后 | 492s后结束
[2026-05-30 18:46:51.342]      ✅ 可交易 10:55:00 - 11:00:00 UTC | btc-updown-5m-1780138500 | 开始492s后 | 792s后结束
[2026-05-30 18:46:51.342]      🔜 太远 11:00:00 - 11:05:00 UTC | btc-updown-5m-1780138800 | 开始792s后 | 1092s后结束
[2026-05-30 18:46:51.342]   📦 事件池: 2 个 | 本轮发现=0 | GC移除=0
[2026-05-30 18:46:51.342]   🎯 目标事件: btc-updown-5m-1780138200 | 状态=NO挂单中 | 距开始=192s | 距结束=492s
[2026-05-30 18:46:51.342]   ⏱  距离开始=191.5s | 状态=down_resting | 动作次数=3
[2026-05-30 18:46:51.342]   循环检查: ⏭️ 跳过 | 价格=- | 数量=- | 原因: action_count=3 >= max=3
[2026-05-30 18:46:51.342] 
[2026-05-30 18:46:51.342]   ✅ 【已下单】btc-updown-5m-1780138200
[2026-05-30 18:46:51.342]      📗 YES: 订单ID=DRY-0x2c8511-YES | 成交价=$0.5100
[2026-05-30 18:46:51.343]      📙 NO: 订单ID=DRY-0x2c8511-DOWN | 成交价=$N/A
[2026-05-30 18:46:51.343]      📍 当前状态: down_resting | 动作次数: 3
[2026-05-30 18:46:51.343]   📊 套利边缘: net=-0.4000 | 充足=True | edge=-0.4000 >= min=-0.5000; YES@0.510 cost=0.5100 + NO@0.400 cost=0.4000
[2026-05-30 18:46:51.343] 
[2026-05-30 18:46:51.343]   💤 等待 60s 后进行下次轮询...
[2026-05-30 18:47:51.347] 
[2026-05-30 18:47:51.349] ━━━━━━━━━━━━━━━━━━━━━━━━━━━━━━━━━━━━━━━━━━━━━━━━━━━━━━━━━━━━
[2026-05-30 18:47:51.349]   【 PreOpen 轮次 #7 】 2026-05-30 10:47:51 UTC
[2026-05-30 18:47:55.813] 
[2026-05-30 18:47:55.813]   🔍 【市场发现】共找到 5 个市场
[2026-05-30 18:47:55.813]      ├─ ❌ 过滤 [已开始] btc-updown-5m-1780137600 | 开始于 10:40:00 UTC | tts=-471s
[2026-05-30 18:47:55.813]      ├─ ❌ 过滤 [已开始] btc-updown-5m-1780137900 | 开始于 10:45:00 UTC | tts=-171s
[2026-05-30 18:47:55.813]      └─ ✅ 可交易 btc-updown-5m-1780138500 | 开始 10:55:00 UTC | 结束 11:00:00 UTC | tts=429s
[2026-05-30 18:47:55.814]      ├─ ❌ 过滤 [太远] btc-updown-5m-1780138800 | 开始于 11:00:00 UTC | tts=729s > 600s
[2026-05-30 18:47:55.814] 
[2026-05-30 18:47:55.814]   📊 【汇总】发现 5 个 | 可交易 0 个
[2026-05-30 18:47:55.814]      ├─ 已下单事件排除: 1
[2026-05-30 18:47:55.814]      └─ 时间窗口外: 3
[2026-05-30 18:47:55.814] 
[2026-05-30 18:47:55.814]   📅 【所有市场时间表】(当前: 10:47:51 UTC)
[2026-05-30 18:47:55.814]      🔴 已开始 10:40:00 - 10:45:00 UTC | btc-updown-5m-1780137600 | 开始已过 471s | 已结束
[2026-05-30 18:47:55.814]      🔴 已开始 10:45:00 - 10:50:00 UTC | btc-updown-5m-1780137900 | 开始已过 171s | 129s后结束
[2026-05-30 18:47:55.815]      ✅ 可交易 🧾已下单 10:50:00 - 10:55:00 UTC | btc-updown-5m-1780138200 | 开始129s后 | 429s后结束
[2026-05-30 18:47:55.815]      ✅ 可交易 10:55:00 - 11:00:00 UTC | btc-updown-5m-1780138500 | 开始429s后 | 729s后结束
[2026-05-30 18:47:55.815]      🔜 太远 11:00:00 - 11:05:00 UTC | btc-updown-5m-1780138800 | 开始729s后 | 1029s后结束
[2026-05-30 18:47:55.815]   📦 事件池: 2 个 | 本轮发现=0 | GC移除=0
[2026-05-30 18:47:55.815]   🎯 目标事件: btc-updown-5m-1780138200 | 状态=NO挂单中 | 距开始=129s | 距结束=429s
[2026-05-30 18:47:55.815]   ⏱  距离开始=128.7s | 状态=down_resting | 动作次数=3
[2026-05-30 18:47:55.815]   循环检查: ⏭️ 跳过 | 价格=- | 数量=- | 原因: action_count=3 >= max=3
[2026-05-30 18:47:55.815] 
[2026-05-30 18:47:55.815]   ✅ 【已下单】btc-updown-5m-1780138200
[2026-05-30 18:47:55.815]      📗 YES: 订单ID=DRY-0x2c8511-YES | 成交价=$0.5100
[2026-05-30 18:47:55.815]      📙 NO: 订单ID=DRY-0x2c8511-DOWN | 成交价=$N/A
[2026-05-30 18:47:55.815]      📍 当前状态: down_resting | 动作次数: 3
[2026-05-30 18:47:55.816]   📊 套利边缘: net=-0.4000 | 充足=True | edge=-0.4000 >= min=-0.5000; YES@0.510 cost=0.5100 + NO@0.400 cost=0.4000
[2026-05-30 18:48:11.117] 
[2026-05-30 18:48:11.117]   💤 等待 60s 后进行下次轮询...
[2026-05-30 18:49:11.123] 
[2026-05-30 18:49:11.124] ━━━━━━━━━━━━━━━━━━━━━━━━━━━━━━━━━━━━━━━━━━━━━━━━━━━━━━━━━━━━
[2026-05-30 18:49:11.125]   【 PreOpen 轮次 #8 】 2026-05-30 10:49:11 UTC
[2026-05-30 18:49:14.305] 
[2026-05-30 18:49:14.305]   🔍 【市场发现】共找到 5 个市场
[2026-05-30 18:49:14.305]      ├─ ❌ 过滤 [已开始] btc-updown-5m-1780137600 | 开始于 10:40:00 UTC | tts=-551s
[2026-05-30 18:49:14.305]      ├─ ❌ 过滤 [已开始] btc-updown-5m-1780137900 | 开始于 10:45:00 UTC | tts=-251s
[2026-05-30 18:49:14.305]      └─ ✅ 可交易 btc-updown-5m-1780138500 | 开始 10:55:00 UTC | 结束 11:00:00 UTC | tts=349s
[2026-05-30 18:49:14.306]      ├─ ❌ 过滤 [太远] btc-updown-5m-1780138800 | 开始于 11:00:00 UTC | tts=649s > 600s
[2026-05-30 18:49:14.306] 
[2026-05-30 18:49:14.306]   📊 【汇总】发现 5 个 | 可交易 0 个
[2026-05-30 18:49:14.306]      ├─ 已下单事件排除: 1
[2026-05-30 18:49:14.306]      └─ 时间窗口外: 3
[2026-05-30 18:49:14.306] 
[2026-05-30 18:49:14.306]   📅 【所有市场时间表】(当前: 10:49:11 UTC)
[2026-05-30 18:49:14.306]      🔴 已开始 10:40:00 - 10:45:00 UTC | btc-updown-5m-1780137600 | 开始已过 551s | 已结束
[2026-05-30 18:49:14.306]      🔴 已开始 10:45:00 - 10:50:00 UTC | btc-updown-5m-1780137900 | 开始已过 251s | 49s后结束
[2026-05-30 18:49:14.306]      ✅ 可交易 🧾已下单 10:50:00 - 10:55:00 UTC | btc-updown-5m-1780138200 | 开始49s后 | 349s后结束
[2026-05-30 18:49:14.306]      ✅ 可交易 10:55:00 - 11:00:00 UTC | btc-updown-5m-1780138500 | 开始349s后 | 649s后结束
[2026-05-30 18:49:14.307]      🔜 太远 11:00:00 - 11:05:00 UTC | btc-updown-5m-1780138800 | 开始649s后 | 949s后结束
[2026-05-30 18:49:14.307]   📦 事件池: 2 个 | 本轮发现=0 | GC移除=0
[2026-05-30 18:49:14.307]   🎯 目标事件: btc-updown-5m-1780138200 | 状态=NO挂单中 | 距开始=49s | 距结束=349s
[2026-05-30 18:49:14.307]   ⏱  距离开始=48.9s | 状态=down_resting | 动作次数=3
[2026-05-30 18:49:14.307]   循环检查: ⏭️ 跳过 | 价格=- | 数量=- | 原因: action_count=3 >= max=3
[2026-05-30 18:49:14.307] 
[2026-05-30 18:49:14.307]   ✅ 【已下单】btc-updown-5m-1780138200
[2026-05-30 18:49:14.307]      📗 YES: 订单ID=DRY-0x2c8511-YES | 成交价=$0.5100
[2026-05-30 18:49:14.307]      📙 NO: 订单ID=DRY-0x2c8511-DOWN | 成交价=$N/A
[2026-05-30 18:49:14.307]      📍 当前状态: down_resting | 动作次数: 3
[2026-05-30 18:49:14.307]   📊 套利边缘: net=-0.4000 | 充足=True | edge=-0.4000 >= min=-0.5000; YES@0.510 cost=0.5100 + NO@0.400 cost=0.4000
[2026-05-30 18:49:14.307] 
[2026-05-30 18:49:14.307]   💤 等待 60s 后进行下次轮询...
[2026-05-30 18:50:14.314] 
[2026-05-30 18:50:14.315] ━━━━━━━━━━━━━━━━━━━━━━━━━━━━━━━━━━━━━━━━━━━━━━━━━━━━━━━━━━━━
[2026-05-30 18:50:14.316]   【 PreOpen 轮次 #9 】 2026-05-30 10:50:14 UTC
[2026-05-30 18:50:17.522] 
[2026-05-30 18:50:17.523]   🔍 【市场发现】共找到 6 个市场
[2026-05-30 18:50:17.523]      ├─ ❌ 过滤 [已开始] btc-updown-5m-1780137600 | 开始于 10:40:00 UTC | tts=-614s
[2026-05-30 18:50:17.523]      ├─ ❌ 过滤 [已开始] btc-updown-5m-1780137900 | 开始于 10:45:00 UTC | tts=-314s
[2026-05-30 18:50:17.523]      └─ ✅ 可交易 btc-updown-5m-1780138500 | 开始 10:55:00 UTC | 结束 11:00:00 UTC | tts=286s
[2026-05-30 18:50:17.523]      └─ ✅ 可交易 btc-updown-5m-1780138800 | 开始 11:00:00 UTC | 结束 11:05:00 UTC | tts=586s
[2026-05-30 18:50:17.524]      ├─ ❌ 过滤 [太远] btc-updown-5m-1780139100 | 开始于 11:05:00 UTC | tts=886s > 600s
[2026-05-30 18:50:17.524] 
[2026-05-30 18:50:17.524]   📊 【汇总】发现 6 个 | 可交易 1 个
[2026-05-30 18:50:17.524]      ├─ 已下单事件排除: 1
[2026-05-30 18:50:17.524]      └─ 时间窗口外: 3
[2026-05-30 18:50:17.524] 
[2026-05-30 18:50:17.524]   📅 【所有市场时间表】(当前: 10:50:14 UTC)
[2026-05-30 18:50:17.524]      🔴 已开始 10:40:00 - 10:45:00 UTC | btc-updown-5m-1780137600 | 开始已过 614s | 已结束
[2026-05-30 18:50:17.524]      🔴 已开始 10:45:00 - 10:50:00 UTC | btc-updown-5m-1780137900 | 开始已过 314s | 已结束
[2026-05-30 18:50:17.524]      🔴 已开始 🧾已下单 10:50:00 - 10:55:00 UTC | btc-updown-5m-1780138200 | 开始已过 14s | 286s后结束
[2026-05-30 18:50:17.524]      ✅ 可交易 10:55:00 - 11:00:00 UTC | btc-updown-5m-1780138500 | 开始286s后 | 586s后结束
[2026-05-30 18:50:17.524]      ✅ 可交易 11:00:00 - 11:05:00 UTC | btc-updown-5m-1780138800 | 开始586s后 | 886s后结束
[2026-05-30 18:50:17.524]      🔜 太远 11:05:00 - 11:10:00 UTC | btc-updown-5m-1780139100 | 开始886s后 | 1186s后结束
[2026-05-30 18:50:17.525]   ✨ 新发现事件: btc-updown-5m-1780138800 | 状态=已发现 | 距开始=586s | 距结束=886s
[2026-05-30 18:50:17.525]   📦 事件池: 3 个 | 本轮发现=1 | GC移除=0
[2026-05-30 18:50:17.525]   🎯 目标事件: btc-updown-5m-1780138500 | 状态=已发现 | 距开始=286s | 距结束=586s
[2026-05-30 18:50:17.525]   ⏱  距离开始=285.7s | 状态=discovered | 动作次数=0
[2026-05-30 18:50:17.525]   🔄 事件状态: DISCOVERED → READY | btc-updown-5m-1780138500
[2026-05-30 18:50:18.154]   📗 YES下单: ✅ 已下单 | 价格=$0.5100 | 数量=10.0份 | 订单ID=DRY-0x3ddd6e-YES
[2026-05-30 18:50:18.155]   ✅ [PAPER] Bought 10.0 YES shares @ $0.510
[2026-05-30 18:50:25.438]   📙 NO挂单: ✅ 已下单 | 价格=$0.4000 | 数量=10.0份 | 订单ID=DRY-0x3ddd6e-DOWN
[2026-05-30 18:50:25.439]   ✅ [PAPER] Bought 10.0 NO shares @ $0.400
[2026-05-30 18:50:31.018] 
[2026-05-30 18:50:31.018]   ✅ 【已下单】btc-updown-5m-1780138500
[2026-05-30 18:50:31.018]      📗 YES: 订单ID=DRY-0x3ddd6e-YES | 成交价=$0.5100
[2026-05-30 18:50:31.018]      📙 NO: 订单ID=DRY-0x3ddd6e-DOWN | 成交价=$N/A
[2026-05-30 18:50:31.018]      📍 当前状态: down_resting | 动作次数: 3
[2026-05-30 18:50:31.019]   📊 套利边缘: net=-0.4000 | 充足=True | edge=-0.4000 >= min=-0.5000; YES@0.510 cost=0.5100 + NO@0.400 cost=0.4000
[2026-05-30 18:50:53.355] 
[2026-05-30 18:50:53.356]   💤 等待 60s 后进行下次轮询...
[2026-05-30 18:51:53.357] 
[2026-05-30 18:51:53.359] ━━━━━━━━━━━━━━━━━━━━━━━━━━━━━━━━━━━━━━━━━━━━━━━━━━━━━━━━━━━━
[2026-05-30 18:51:53.359]   【 PreOpen 轮次 #10 】 2026-05-30 10:51:53 UTC
[2026-05-30 18:51:53.360]   🗑 Pre-GC removed: btc-updown-5m-1780138200 | reason=stale/untradeable
[2026-05-30 18:51:57.828] 
[2026-05-30 18:51:57.828]   🔍 【市场发现】共找到 6 个市场
[2026-05-30 18:51:57.828]      ├─ ❌ 过滤 [已开始] btc-updown-5m-1780137600 | 开始于 10:40:00 UTC | tts=-713s
[2026-05-30 18:51:57.829]      ├─ ❌ 过滤 [已开始] btc-updown-5m-1780137900 | 开始于 10:45:00 UTC | tts=-413s
[2026-05-30 18:51:57.829]      ├─ ❌ 过滤 [已开始] btc-updown-5m-1780138200 | 开始于 10:50:00 UTC | tts=-113s
[2026-05-30 18:51:57.829]      └─ ✅ 可交易 btc-updown-5m-1780138800 | 开始 11:00:00 UTC | 结束 11:05:00 UTC | tts=487s
[2026-05-30 18:51:57.829]      ├─ ❌ 过滤 [太远] btc-updown-5m-1780139100 | 开始于 11:05:00 UTC | tts=787s > 600s
[2026-05-30 18:51:57.829] 
[2026-05-30 18:51:57.829]   📊 【汇总】发现 6 个 | 可交易 0 个
[2026-05-30 18:51:57.829]      ├─ 已下单事件排除: 1
[2026-05-30 18:51:57.829]      └─ 时间窗口外: 4
[2026-05-30 18:51:57.829] 
[2026-05-30 18:51:57.829]   📅 【所有市场时间表】(当前: 10:51:53 UTC)
[2026-05-30 18:51:57.830]      🔴 已开始 10:40:00 - 10:45:00 UTC | btc-updown-5m-1780137600 | 开始已过 713s | 已结束
[2026-05-30 18:51:57.830]      🔴 已开始 10:45:00 - 10:50:00 UTC | btc-updown-5m-1780137900 | 开始已过 413s | 已结束
[2026-05-30 18:51:57.830]      🔴 已开始 10:50:00 - 10:55:00 UTC | btc-updown-5m-1780138200 | 开始已过 113s | 187s后结束
[2026-05-30 18:51:57.830]      ✅ 可交易 🧾已下单 10:55:00 - 11:00:00 UTC | btc-updown-5m-1780138500 | 开始187s后 | 487s后结束
[2026-05-30 18:51:57.830]      ✅ 可交易 11:00:00 - 11:05:00 UTC | btc-updown-5m-1780138800 | 开始487s后 | 787s后结束
[2026-05-30 18:51:57.830]      🔜 太远 11:05:00 - 11:10:00 UTC | btc-updown-5m-1780139100 | 开始787s后 | 1087s后结束
[2026-05-30 18:51:57.830]   📦 事件池: 2 个 | 本轮发现=0 | GC移除=0
[2026-05-30 18:51:57.830]   🎯 目标事件: btc-updown-5m-1780138500 | 状态=NO挂单中 | 距开始=187s | 距结束=487s
[2026-05-30 18:51:57.830]   ⏱  距离开始=186.6s | 状态=down_resting | 动作次数=3
[2026-05-30 18:51:57.830]   循环检查: ⏭️ 跳过 | 价格=- | 数量=- | 原因: action_count=3 >= max=3
[2026-05-30 18:51:57.830] 
[2026-05-30 18:51:57.830]   ✅ 【已下单】btc-updown-5m-1780138500
[2026-05-30 18:51:57.830]      📗 YES: 订单ID=DRY-0x3ddd6e-YES | 成交价=$0.5100
[2026-05-30 18:51:57.830]      📙 NO: 订单ID=DRY-0x3ddd6e-DOWN | 成交价=$N/A
[2026-05-30 18:51:57.830]      📍 当前状态: down_resting | 动作次数: 3
[2026-05-30 18:51:57.831]   📊 套利边缘: net=-0.4000 | 充足=True | edge=-0.4000 >= min=-0.5000; YES@0.510 cost=0.5100 + NO@0.400 cost=0.4000
[2026-05-30 18:51:57.831] 
[2026-05-30 18:51:57.831]   💤 等待 60s 后进行下次轮询...
[2026-05-30 18:52:57.837] 
[2026-05-30 18:52:57.840] ━━━━━━━━━━━━━━━━━━━━━━━━━━━━━━━━━━━━━━━━━━━━━━━━━━━━━━━━━━━━
[2026-05-30 18:52:57.841]   【 PreOpen 轮次 #11 】 2026-05-30 10:52:57 UTC
[2026-05-30 18:53:01.129] 
[2026-05-30 18:53:01.129]   🔍 【市场发现】共找到 6 个市场
[2026-05-30 18:53:01.130]      ├─ ❌ 过滤 [已开始] btc-updown-5m-1780137600 | 开始于 10:40:00 UTC | tts=-778s
[2026-05-30 18:53:01.130]      ├─ ❌ 过滤 [已开始] btc-updown-5m-1780137900 | 开始于 10:45:00 UTC | tts=-478s
[2026-05-30 18:53:01.130]      ├─ ❌ 过滤 [已开始] btc-updown-5m-1780138200 | 开始于 10:50:00 UTC | tts=-178s
[2026-05-30 18:53:01.130]      └─ ✅ 可交易 btc-updown-5m-1780138800 | 开始 11:00:00 UTC | 结束 11:05:00 UTC | tts=422s
[2026-05-30 18:53:01.130]      ├─ ❌ 过滤 [太远] btc-updown-5m-1780139100 | 开始于 11:05:00 UTC | tts=722s > 600s
[2026-05-30 18:53:01.130] 
[2026-05-30 18:53:01.130]   📊 【汇总】发现 6 个 | 可交易 0 个
[2026-05-30 18:53:01.131]      ├─ 已下单事件排除: 1
[2026-05-30 18:53:01.131]      └─ 时间窗口外: 4
[2026-05-30 18:53:01.131] 
[2026-05-30 18:53:01.131]   📅 【所有市场时间表】(当前: 10:52:57 UTC)
[2026-05-30 18:53:01.131]      🔴 已开始 10:40:00 - 10:45:00 UTC | btc-updown-5m-1780137600 | 开始已过 778s | 已结束
[2026-05-30 18:53:01.131]      🔴 已开始 10:45:00 - 10:50:00 UTC | btc-updown-5m-1780137900 | 开始已过 478s | 已结束
[2026-05-30 18:53:01.131]      🔴 已开始 10:50:00 - 10:55:00 UTC | btc-updown-5m-1780138200 | 开始已过 178s | 122s后结束
[2026-05-30 18:53:01.131]      ✅ 可交易 🧾已下单 10:55:00 - 11:00:00 UTC | btc-updown-5m-1780138500 | 开始122s后 | 422s后结束
[2026-05-30 18:53:01.131]      ✅ 可交易 11:00:00 - 11:05:00 UTC | btc-updown-5m-1780138800 | 开始422s后 | 722s后结束
[2026-05-30 18:53:01.131]      🔜 太远 11:05:00 - 11:10:00 UTC | btc-updown-5m-1780139100 | 开始722s后 | 1022s后结束
[2026-05-30 18:53:01.131]   📦 事件池: 2 个 | 本轮发现=0 | GC移除=0
[2026-05-30 18:53:01.131]   🎯 目标事件: btc-updown-5m-1780138500 | 状态=NO挂单中 | 距开始=122s | 距结束=422s
[2026-05-30 18:53:01.131]   ⏱  距离开始=122.2s | 状态=down_resting | 动作次数=3
[2026-05-30 18:53:01.132]   循环检查: ⏭️ 跳过 | 价格=- | 数量=- | 原因: action_count=3 >= max=3
[2026-05-30 18:53:01.132] 
[2026-05-30 18:53:01.132]   ✅ 【已下单】btc-updown-5m-1780138500
[2026-05-30 18:53:01.132]      📗 YES: 订单ID=DRY-0x3ddd6e-YES | 成交价=$0.5100
[2026-05-30 18:53:01.132]      📙 NO: 订单ID=DRY-0x3ddd6e-DOWN | 成交价=$N/A
[2026-05-30 18:53:01.132]      📍 当前状态: down_resting | 动作次数: 3
[2026-05-30 18:53:01.132]   📊 套利边缘: net=-0.4000 | 充足=True | edge=-0.4000 >= min=-0.5000; YES@0.510 cost=0.5100 + NO@0.400 cost=0.4000
[2026-05-30 18:53:23.829] 
[2026-05-30 18:53:23.831]   💤 等待 60s 后进行下次轮询...
[2026-05-30 18:54:23.837] 
[2026-05-30 18:54:23.838] ━━━━━━━━━━━━━━━━━━━━━━━━━━━━━━━━━━━━━━━━━━━━━━━━━━━━━━━━━━━━
[2026-05-30 18:54:23.839]   【 PreOpen 轮次 #12 】 2026-05-30 10:54:23 UTC
[2026-05-30 18:54:28.935] 
[2026-05-30 18:54:28.935]   🔍 【市场发现】共找到 5 个市场
[2026-05-30 18:54:28.935]      ├─ ❌ 过滤 [已开始] btc-updown-5m-1780137900 | 开始于 10:45:00 UTC | tts=-564s
[2026-05-30 18:54:28.935]      ├─ ❌ 过滤 [已开始] btc-updown-5m-1780138200 | 开始于 10:50:00 UTC | tts=-264s
[2026-05-30 18:54:28.935]      └─ ✅ 可交易 btc-updown-5m-1780138800 | 开始 11:00:00 UTC | 结束 11:05:00 UTC | tts=336s
[2026-05-30 18:54:28.935]      ├─ ❌ 过滤 [太远] btc-updown-5m-1780139100 | 开始于 11:05:00 UTC | tts=636s > 600s
[2026-05-30 18:54:28.935] 
[2026-05-30 18:54:28.935]   📊 【汇总】发现 5 个 | 可交易 0 个
[2026-05-30 18:54:28.935]      ├─ 已下单事件排除: 1
[2026-05-30 18:54:28.935]      └─ 时间窗口外: 3
[2026-05-30 18:54:28.935] 
[2026-05-30 18:54:28.936]   📅 【所有市场时间表】(当前: 10:54:23 UTC)
[2026-05-30 18:54:28.936]      🔴 已开始 10:45:00 - 10:50:00 UTC | btc-updown-5m-1780137900 | 开始已过 564s | 已结束
[2026-05-30 18:54:28.936]      🔴 已开始 10:50:00 - 10:55:00 UTC | btc-updown-5m-1780138200 | 开始已过 264s | 36s后结束
[2026-05-30 18:54:28.936]      ✅ 可交易 🧾已下单 10:55:00 - 11:00:00 UTC | btc-updown-5m-1780138500 | 开始36s后 | 336s后结束
[2026-05-30 18:54:28.936]      ✅ 可交易 11:00:00 - 11:05:00 UTC | btc-updown-5m-1780138800 | 开始336s后 | 636s后结束
[2026-05-30 18:54:28.936]      🔜 太远 11:05:00 - 11:10:00 UTC | btc-updown-5m-1780139100 | 开始636s后 | 936s后结束
[2026-05-30 18:54:28.936]   📦 事件池: 2 个 | 本轮发现=0 | GC移除=0
[2026-05-30 18:54:28.936]   🎯 目标事件: btc-updown-5m-1780138500 | 状态=NO挂单中 | 距开始=36s | 距结束=336s
[2026-05-30 18:54:28.936]   ⏱  距离开始=36.2s | 状态=down_resting | 动作次数=3
[2026-05-30 18:54:28.936]   循环检查: ⏭️ 跳过 | 价格=- | 数量=- | 原因: action_count=3 >= max=3
[2026-05-30 18:54:28.936] 
[2026-05-30 18:54:28.936]   ✅ 【已下单】btc-updown-5m-1780138500
[2026-05-30 18:54:28.936]      📗 YES: 订单ID=DRY-0x3ddd6e-YES | 成交价=$0.5100
[2026-05-30 18:54:28.936]      📙 NO: 订单ID=DRY-0x3ddd6e-DOWN | 成交价=$N/A
[2026-05-30 18:54:28.936]      📍 当前状态: down_resting | 动作次数: 3
[2026-05-30 18:54:28.937]   📊 套利边缘: net=-0.4000 | 充足=True | edge=-0.4000 >= min=-0.5000; YES@0.510 cost=0.5100 + NO@0.400 cost=0.4000
[2026-05-30 18:54:28.937] 
[2026-05-30 18:54:28.937]   💤 等待 60s 后进行下次轮询...
[2026-05-30 18:55:28.942] 
[2026-05-30 18:55:28.945] ━━━━━━━━━━━━━━━━━━━━━━━━━━━━━━━━━━━━━━━━━━━━━━━━━━━━━━━━━━━━
[2026-05-30 18:55:28.945]   【 PreOpen 轮次 #13 】 2026-05-30 10:55:28 UTC
[2026-05-30 18:55:34.687] 
[2026-05-30 18:55:34.687]   🔍 【市场发现】共找到 6 个市场
[2026-05-30 18:55:34.687]      ├─ ❌ 过滤 [已开始] btc-updown-5m-1780137900 | 开始于 10:45:00 UTC | tts=-629s
[2026-05-30 18:55:34.688]      ├─ ❌ 过滤 [已开始] btc-updown-5m-1780138200 | 开始于 10:50:00 UTC | tts=-329s
[2026-05-30 18:55:34.688]      └─ ✅ 可交易 btc-updown-5m-1780138800 | 开始 11:00:00 UTC | 结束 11:05:00 UTC | tts=271s
[2026-05-30 18:55:34.688]      └─ ✅ 可交易 btc-updown-5m-1780139100 | 开始 11:05:00 UTC | 结束 11:10:00 UTC | tts=571s
[2026-05-30 18:55:34.688]      ├─ ❌ 过滤 [太远] btc-updown-5m-1780139400 | 开始于 11:10:00 UTC | tts=871s > 600s
[2026-05-30 18:55:34.688] 
[2026-05-30 18:55:34.688]   📊 【汇总】发现 6 个 | 可交易 1 个
[2026-05-30 18:55:34.688]      ├─ 已下单事件排除: 1
[2026-05-30 18:55:34.688]      └─ 时间窗口外: 3
[2026-05-30 18:55:34.688] 
[2026-05-30 18:55:34.688]   📅 【所有市场时间表】(当前: 10:55:28 UTC)
[2026-05-30 18:55:34.688]      🔴 已开始 10:45:00 - 10:50:00 UTC | btc-updown-5m-1780137900 | 开始已过 629s | 已结束
[2026-05-30 18:55:34.688]      🔴 已开始 10:50:00 - 10:55:00 UTC | btc-updown-5m-1780138200 | 开始已过 329s | 已结束
[2026-05-30 18:55:34.688]      🔴 已开始 🧾已下单 10:55:00 - 11:00:00 UTC | btc-updown-5m-1780138500 | 开始已过 29s | 271s后结束
[2026-05-30 18:55:34.688]      ✅ 可交易 11:00:00 - 11:05:00 UTC | btc-updown-5m-1780138800 | 开始271s后 | 571s后结束
[2026-05-30 18:55:34.689]      ✅ 可交易 11:05:00 - 11:10:00 UTC | btc-updown-5m-1780139100 | 开始571s后 | 871s后结束
[2026-05-30 18:55:34.689]      🔜 太远 11:10:00 - 11:15:00 UTC | btc-updown-5m-1780139400 | 开始871s后 | 1171s后结束
[2026-05-30 18:55:34.689]   ✨ 新发现事件: btc-updown-5m-1780139100 | 状态=已发现 | 距开始=571s | 距结束=871s
[2026-05-30 18:55:34.689]   📦 事件池: 3 个 | 本轮发现=1 | GC移除=0
[2026-05-30 18:55:34.689]   🎯 目标事件: btc-updown-5m-1780138800 | 状态=已发现 | 距开始=271s | 距结束=571s
[2026-05-30 18:55:34.689]   ⏱  距离开始=271.1s | 状态=discovered | 动作次数=0
[2026-05-30 18:55:34.689]   🔄 事件状态: DISCOVERED → READY | btc-updown-5m-1780138800
[2026-05-30 18:55:35.240]   📗 YES下单: ✅ 已下单 | 价格=$0.5100 | 数量=10.0份 | 订单ID=DRY-0x1f212e-YES
[2026-05-30 18:55:35.240]   ✅ [PAPER] Bought 10.0 YES shares @ $0.510
[2026-05-30 18:55:43.977]   📙 NO挂单: ✅ 已下单 | 价格=$0.4000 | 数量=10.0份 | 订单ID=DRY-0x1f212e-DOWN
[2026-05-30 18:55:43.977]   ✅ [PAPER] Bought 10.0 NO shares @ $0.400
[2026-05-30 18:55:50.106] 
[2026-05-30 18:55:50.106]   ✅ 【已下单】btc-updown-5m-1780138800
[2026-05-30 18:55:50.106]      📗 YES: 订单ID=DRY-0x1f212e-YES | 成交价=$0.5100
[2026-05-30 18:55:50.106]      📙 NO: 订单ID=DRY-0x1f212e-DOWN | 成交价=$N/A
[2026-05-30 18:55:50.106]      📍 当前状态: down_resting | 动作次数: 3
[2026-05-30 18:55:50.106]   📊 套利边缘: net=-0.4000 | 充足=True | edge=-0.4000 >= min=-0.5000; YES@0.510 cost=0.5100 + NO@0.400 cost=0.4000
[2026-05-30 18:56:16.294]   🧾 结算回填: 已追加 2 条 settled 记录到 trades.csv
[2026-05-30 18:56:16.294] 
[2026-05-30 18:56:16.294]   💤 等待 60s 后进行下次轮询...
[2026-05-30 18:57:16.299] 
[2026-05-30 18:57:16.303] ━━━━━━━━━━━━━━━━━━━━━━━━━━━━━━━━━━━━━━━━━━━━━━━━━━━━━━━━━━━━
[2026-05-30 18:57:16.303]   【 PreOpen 轮次 #14 】 2026-05-30 10:57:16 UTC
[2026-05-30 18:57:16.304]   🗑 Pre-GC removed: btc-updown-5m-1780138500 | reason=stale/untradeable
[2026-05-30 18:57:19.858] 
[2026-05-30 18:57:19.858]   🔍 【市场发现】共找到 5 个市场
[2026-05-30 18:57:19.858]      ├─ ❌ 过滤 [已开始] btc-updown-5m-1780138200 | 开始于 10:50:00 UTC | tts=-436s
[2026-05-30 18:57:19.858]      ├─ ❌ 过滤 [已开始] btc-updown-5m-1780138500 | 开始于 10:55:00 UTC | tts=-136s
[2026-05-30 18:57:19.859]      └─ ✅ 可交易 btc-updown-5m-1780139100 | 开始 11:05:00 UTC | 结束 11:10:00 UTC | tts=464s
[2026-05-30 18:57:19.859]      ├─ ❌ 过滤 [太远] btc-updown-5m-1780139400 | 开始于 11:10:00 UTC | tts=764s > 600s
[2026-05-30 18:57:19.859] 
[2026-05-30 18:57:19.859]   📊 【汇总】发现 5 个 | 可交易 0 个
[2026-05-30 18:57:19.859]      ├─ 已下单事件排除: 1
[2026-05-30 18:57:19.859]      └─ 时间窗口外: 3
[2026-05-30 18:57:19.859] 
[2026-05-30 18:57:19.859]   📅 【所有市场时间表】(当前: 10:57:16 UTC)
[2026-05-30 18:57:19.860]      🔴 已开始 10:50:00 - 10:55:00 UTC | btc-updown-5m-1780138200 | 开始已过 436s | 已结束
[2026-05-30 18:57:19.860]      🔴 已开始 10:55:00 - 11:00:00 UTC | btc-updown-5m-1780138500 | 开始已过 136s | 164s后结束
[2026-05-30 18:57:19.860]      ✅ 可交易 🧾已下单 11:00:00 - 11:05:00 UTC | btc-updown-5m-1780138800 | 开始164s后 | 464s后结束
[2026-05-30 18:57:19.860]      ✅ 可交易 11:05:00 - 11:10:00 UTC | btc-updown-5m-1780139100 | 开始464s后 | 764s后结束
[2026-05-30 18:57:19.860]      🔜 太远 11:10:00 - 11:15:00 UTC | btc-updown-5m-1780139400 | 开始764s后 | 1064s后结束
[2026-05-30 18:57:19.860]   📦 事件池: 2 个 | 本轮发现=0 | GC移除=0
[2026-05-30 18:57:19.860]   🎯 目标事件: btc-updown-5m-1780138800 | 状态=NO挂单中 | 距开始=164s | 距结束=464s
[2026-05-30 18:57:19.860]   ⏱  距离开始=163.7s | 状态=down_resting | 动作次数=3
[2026-05-30 18:57:19.861]   循环检查: ⏭️ 跳过 | 价格=- | 数量=- | 原因: action_count=3 >= max=3
[2026-05-30 18:57:19.861] 
[2026-05-30 18:57:19.861]   ✅ 【已下单】btc-updown-5m-1780138800
[2026-05-30 18:57:19.861]      📗 YES: 订单ID=DRY-0x1f212e-YES | 成交价=$0.5100
[2026-05-30 18:57:19.861]      📙 NO: 订单ID=DRY-0x1f212e-DOWN | 成交价=$N/A
[2026-05-30 18:57:19.861]      📍 当前状态: down_resting | 动作次数: 3
[2026-05-30 18:57:19.861]   📊 套利边缘: net=-0.4000 | 充足=True | edge=-0.4000 >= min=-0.5000; YES@0.510 cost=0.5100 + NO@0.400 cost=0.4000
[2026-05-30 18:57:19.861] 
[2026-05-30 18:57:19.861]   💤 等待 60s 后进行下次轮询...
[2026-05-30 18:58:19.872] 
[2026-05-30 18:58:19.873] ━━━━━━━━━━━━━━━━━━━━━━━━━━━━━━━━━━━━━━━━━━━━━━━━━━━━━━━━━━━━
[2026-05-30 18:58:19.873]   【 PreOpen 轮次 #15 】 2026-05-30 10:58:19 UTC
[2026-05-30 18:58:23.330] 
[2026-05-30 18:58:23.330]   🔍 【市场发现】共找到 5 个市场
[2026-05-30 18:58:23.331]      ├─ ❌ 过滤 [已开始] btc-updown-5m-1780138200 | 开始于 10:50:00 UTC | tts=-500s
[2026-05-30 18:58:23.331]      ├─ ❌ 过滤 [已开始] btc-updown-5m-1780138500 | 开始于 10:55:00 UTC | tts=-200s
[2026-05-30 18:58:23.331]      └─ ✅ 可交易 btc-updown-5m-1780139100 | 开始 11:05:00 UTC | 结束 11:10:00 UTC | tts=400s
[2026-05-30 18:58:23.331]      ├─ ❌ 过滤 [太远] btc-updown-5m-1780139400 | 开始于 11:10:00 UTC | tts=700s > 600s
[2026-05-30 18:58:23.331] 
[2026-05-30 18:58:23.331]   📊 【汇总】发现 5 个 | 可交易 0 个
[2026-05-30 18:58:23.331]      ├─ 已下单事件排除: 1
[2026-05-30 18:58:23.331]      └─ 时间窗口外: 3
[2026-05-30 18:58:23.331] 
[2026-05-30 18:58:23.331]   📅 【所有市场时间表】(当前: 10:58:19 UTC)
[2026-05-30 18:58:23.331]      🔴 已开始 10:50:00 - 10:55:00 UTC | btc-updown-5m-1780138200 | 开始已过 500s | 已结束
[2026-05-30 18:58:23.332]      🔴 已开始 10:55:00 - 11:00:00 UTC | btc-updown-5m-1780138500 | 开始已过 200s | 100s后结束
[2026-05-30 18:58:23.332]      ✅ 可交易 🧾已下单 11:00:00 - 11:05:00 UTC | btc-updown-5m-1780138800 | 开始100s后 | 400s后结束
[2026-05-30 18:58:23.332]      ✅ 可交易 11:05:00 - 11:10:00 UTC | btc-updown-5m-1780139100 | 开始400s后 | 700s后结束
[2026-05-30 18:58:23.332]      🔜 太远 11:10:00 - 11:15:00 UTC | btc-updown-5m-1780139400 | 开始700s后 | 1000s后结束
[2026-05-30 18:58:23.332]   📦 事件池: 2 个 | 本轮发现=0 | GC移除=0
[2026-05-30 18:58:23.332]   🎯 目标事件: btc-updown-5m-1780138800 | 状态=NO挂单中 | 距开始=100s | 距结束=400s
[2026-05-30 18:58:23.332]   ⏱  距离开始=100.1s | 状态=down_resting | 动作次数=3
[2026-05-30 18:58:23.332]   循环检查: ⏭️ 跳过 | 价格=- | 数量=- | 原因: action_count=3 >= max=3
[2026-05-30 18:58:23.332] 
[2026-05-30 18:58:23.332]   ✅ 【已下单】btc-updown-5m-1780138800
[2026-05-30 18:58:23.332]      📗 YES: 订单ID=DRY-0x1f212e-YES | 成交价=$0.5100
[2026-05-30 18:58:23.332]      📙 NO: 订单ID=DRY-0x1f212e-DOWN | 成交价=$N/A
[2026-05-30 18:58:23.332]      📍 当前状态: down_resting | 动作次数: 3
[2026-05-30 18:58:23.332]   📊 套利边缘: net=-0.4000 | 充足=True | edge=-0.4000 >= min=-0.5000; YES@0.510 cost=0.5100 + NO@0.400 cost=0.4000
[2026-05-30 18:58:44.849] 
[2026-05-30 18:58:44.850]   💤 等待 60s 后进行下次轮询...
[2026-05-30 18:59:44.853] 
[2026-05-30 18:59:44.855] ━━━━━━━━━━━━━━━━━━━━━━━━━━━━━━━━━━━━━━━━━━━━━━━━━━━━━━━━━━━━
[2026-05-30 18:59:44.855]   【 PreOpen 轮次 #16 】 2026-05-30 10:59:44 UTC
[2026-05-30 18:59:48.580] 
[2026-05-30 18:59:48.580]   🔍 【市场发现】共找到 5 个市场
[2026-05-30 18:59:48.580]      ├─ ❌ 过滤 [已开始] btc-updown-5m-1780138200 | 开始于 10:50:00 UTC | tts=-585s
[2026-05-30 18:59:48.580]      ├─ ❌ 过滤 [已开始] btc-updown-5m-1780138500 | 开始于 10:55:00 UTC | tts=-285s
[2026-05-30 18:59:48.581]      └─ ✅ 可交易 btc-updown-5m-1780139100 | 开始 11:05:00 UTC | 结束 11:10:00 UTC | tts=315s
[2026-05-30 18:59:48.581]      ├─ ❌ 过滤 [太远] btc-updown-5m-1780139400 | 开始于 11:10:00 UTC | tts=615s > 600s
[2026-05-30 18:59:48.581] 
[2026-05-30 18:59:48.581]   📊 【汇总】发现 5 个 | 可交易 0 个
[2026-05-30 18:59:48.581]      ├─ 已下单事件排除: 1
[2026-05-30 18:59:48.581]      └─ 时间窗口外: 3
[2026-05-30 18:59:48.581] 
[2026-05-30 18:59:48.581]   📅 【所有市场时间表】(当前: 10:59:44 UTC)
[2026-05-30 18:59:48.581]      🔴 已开始 10:50:00 - 10:55:00 UTC | btc-updown-5m-1780138200 | 开始已过 585s | 已结束
[2026-05-30 18:59:48.581]      🔴 已开始 10:55:00 - 11:00:00 UTC | btc-updown-5m-1780138500 | 开始已过 285s | 15s后结束
[2026-05-30 18:59:48.582]      ✅ 可交易 🧾已下单 11:00:00 - 11:05:00 UTC | btc-updown-5m-1780138800 | 开始15s后 | 315s后结束
[2026-05-30 18:59:48.582]      ✅ 可交易 11:05:00 - 11:10:00 UTC | btc-updown-5m-1780139100 | 开始315s后 | 615s后结束
[2026-05-30 18:59:48.582]      🔜 太远 11:10:00 - 11:15:00 UTC | btc-updown-5m-1780139400 | 开始615s后 | 915s后结束
[2026-05-30 18:59:48.582]   📦 事件池: 2 个 | 本轮发现=0 | GC移除=0
[2026-05-30 18:59:48.582]   🎯 目标事件: btc-updown-5m-1780138800 | 状态=NO挂单中 | 距开始=15s | 距结束=315s
[2026-05-30 18:59:48.582]   ⏱  距离开始=15.1s | 状态=down_resting | 动作次数=3
[2026-05-30 18:59:48.582]   循环检查: ⏭️ 跳过 | 价格=- | 数量=- | 原因: action_count=3 >= max=3
[2026-05-30 18:59:48.582] 
[2026-05-30 18:59:48.582]   ✅ 【已下单】btc-updown-5m-1780138800
[2026-05-30 18:59:48.582]      📗 YES: 订单ID=DRY-0x1f212e-YES | 成交价=$0.5100
[2026-05-30 18:59:48.582]      📙 NO: 订单ID=DRY-0x1f212e-DOWN | 成交价=$N/A
[2026-05-30 18:59:48.582]      📍 当前状态: down_resting | 动作次数: 3
[2026-05-30 18:59:48.583]   📊 套利边缘: net=-0.4000 | 充足=True | edge=-0.4000 >= min=-0.5000; YES@0.510 cost=0.5100 + NO@0.400 cost=0.4000
[2026-05-30 18:59:48.583] 
[2026-05-30 18:59:48.583]   💤 等待 60s 后进行下次轮询...
[2026-05-30 19:00:48.594] 
[2026-05-30 19:00:48.597] ━━━━━━━━━━━━━━━━━━━━━━━━━━━━━━━━━━━━━━━━━━━━━━━━━━━━━━━━━━━━
[2026-05-30 19:00:48.599]   【 PreOpen 轮次 #17 】 2026-05-30 11:00:48 UTC
[2026-05-30 19:00:52.080] 
[2026-05-30 19:00:52.081]   🔍 【市场发现】共找到 5 个市场
[2026-05-30 19:00:52.081]      ├─ ❌ 过滤 [已开始] btc-updown-5m-1780138500 | 开始于 10:55:00 UTC | tts=-349s
[2026-05-30 19:00:52.081]      └─ ✅ 可交易 btc-updown-5m-1780139100 | 开始 11:05:00 UTC | 结束 11:10:00 UTC | tts=251s
[2026-05-30 19:00:52.081]      └─ ✅ 可交易 btc-updown-5m-1780139400 | 开始 11:10:00 UTC | 结束 11:15:00 UTC | tts=551s
[2026-05-30 19:00:52.081]      ├─ ❌ 过滤 [太远] btc-updown-5m-1780139700 | 开始于 11:15:00 UTC | tts=851s > 600s
[2026-05-30 19:00:52.081] 
[2026-05-30 19:00:52.081]   📊 【汇总】发现 5 个 | 可交易 1 个
[2026-05-30 19:00:52.081]      ├─ 已下单事件排除: 1
[2026-05-30 19:00:52.081]      └─ 时间窗口外: 2
[2026-05-30 19:00:52.082] 
[2026-05-30 19:00:52.082]   📅 【所有市场时间表】(当前: 11:00:48 UTC)
[2026-05-30 19:00:52.082]      🔴 已开始 10:55:00 - 11:00:00 UTC | btc-updown-5m-1780138500 | 开始已过 349s | 已结束
[2026-05-30 19:00:52.082]      🔴 已开始 🧾已下单 11:00:00 - 11:05:00 UTC | btc-updown-5m-1780138800 | 开始已过 49s | 251s后结束
[2026-05-30 19:00:52.082]      ✅ 可交易 11:05:00 - 11:10:00 UTC | btc-updown-5m-1780139100 | 开始251s后 | 551s后结束
[2026-05-30 19:00:52.082]      ✅ 可交易 11:10:00 - 11:15:00 UTC | btc-updown-5m-1780139400 | 开始551s后 | 851s后结束
[2026-05-30 19:00:52.082]      🔜 太远 11:15:00 - 11:20:00 UTC | btc-updown-5m-1780139700 | 开始851s后 | 1151s后结束
[2026-05-30 19:00:52.082]   ✨ 新发现事件: btc-updown-5m-1780139400 | 状态=已发现 | 距开始=551s | 距结束=851s
[2026-05-30 19:00:52.082]   📦 事件池: 3 个 | 本轮发现=1 | GC移除=0
[2026-05-30 19:00:52.082]   🎯 目标事件: btc-updown-5m-1780139100 | 状态=已发现 | 距开始=251s | 距结束=551s
[2026-05-30 19:00:52.082]   ⏱  距离开始=251.4s | 状态=discovered | 动作次数=0
[2026-05-30 19:00:52.082]   🔄 事件状态: DISCOVERED → READY | btc-updown-5m-1780139100
[2026-05-30 19:00:52.810]   📗 YES下单: ✅ 已下单 | 价格=$0.5100 | 数量=10.0份 | 订单ID=DRY-0x261821-YES
[2026-05-30 19:00:52.810]   ✅ [PAPER] Bought 10.0 YES shares @ $0.510
[2026-05-30 19:00:59.331]   📙 NO挂单: ✅ 已下单 | 价格=$0.4000 | 数量=10.0份 | 订单ID=DRY-0x261821-DOWN
[2026-05-30 19:00:59.331]   ✅ [PAPER] Bought 10.0 NO shares @ $0.400
[2026-05-30 19:01:04.884] 
[2026-05-30 19:01:04.884]   ✅ 【已下单】btc-updown-5m-1780139100
[2026-05-30 19:01:04.884]      📗 YES: 订单ID=DRY-0x261821-YES | 成交价=$0.5100
[2026-05-30 19:01:04.884]      📙 NO: 订单ID=DRY-0x261821-DOWN | 成交价=$N/A
[2026-05-30 19:01:04.884]      📍 当前状态: down_resting | 动作次数: 3
[2026-05-30 19:01:04.884]   📊 套利边缘: net=-0.4000 | 充足=True | edge=-0.4000 >= min=-0.5000; YES@0.510 cost=0.5100 + NO@0.400 cost=0.4000
[2026-05-30 19:01:27.625]   🧾 结算回填: 已追加 2 条 settled 记录到 trades.csv
[2026-05-30 19:01:27.626] 
[2026-05-30 19:01:27.626]   💤 等待 60s 后进行下次轮询...
[2026-05-30 19:02:27.670] 
[2026-05-30 19:02:27.673] ━━━━━━━━━━━━━━━━━━━━━━━━━━━━━━━━━━━━━━━━━━━━━━━━━━━━━━━━━━━━
[2026-05-30 19:02:27.673]   【 PreOpen 轮次 #18 】 2026-05-30 11:02:27 UTC
[2026-05-30 19:02:27.674]   🗑 Pre-GC removed: btc-updown-5m-1780138800 | reason=stale/untradeable
[2026-05-30 19:02:32.587] 
[2026-05-30 19:02:32.587]   🔍 【市场发现】共找到 5 个市场
[2026-05-30 19:02:32.587]      ├─ ❌ 过滤 [已开始] btc-updown-5m-1780138500 | 开始于 10:55:00 UTC | tts=-448s
[2026-05-30 19:02:32.588]      ├─ ❌ 过滤 [已开始] btc-updown-5m-1780138800 | 开始于 11:00:00 UTC | tts=-148s
[2026-05-30 19:02:32.588]      └─ ✅ 可交易 btc-updown-5m-1780139400 | 开始 11:10:00 UTC | 结束 11:15:00 UTC | tts=452s
[2026-05-30 19:02:32.589]      ├─ ❌ 过滤 [太远] btc-updown-5m-1780139700 | 开始于 11:15:00 UTC | tts=752s > 600s
[2026-05-30 19:02:32.589] 
[2026-05-30 19:02:32.589]   📊 【汇总】发现 5 个 | 可交易 0 个
[2026-05-30 19:02:32.589]      ├─ 已下单事件排除: 1
[2026-05-30 19:02:32.589]      └─ 时间窗口外: 3
[2026-05-30 19:02:32.589] 
[2026-05-30 19:02:32.589]   📅 【所有市场时间表】(当前: 11:02:27 UTC)
[2026-05-30 19:02:32.589]      🔴 已开始 10:55:00 - 11:00:00 UTC | btc-updown-5m-1780138500 | 开始已过 448s | 已结束
[2026-05-30 19:02:32.589]      🔴 已开始 11:00:00 - 11:05:00 UTC | btc-updown-5m-1780138800 | 开始已过 148s | 152s后结束
[2026-05-30 19:02:32.590]      ✅ 可交易 🧾已下单 11:05:00 - 11:10:00 UTC | btc-updown-5m-1780139100 | 开始152s后 | 452s后结束
[2026-05-30 19:02:32.590]      ✅ 可交易 11:10:00 - 11:15:00 UTC | btc-updown-5m-1780139400 | 开始452s后 | 752s后结束
[2026-05-30 19:02:32.590]      🔜 太远 11:15:00 - 11:20:00 UTC | btc-updown-5m-1780139700 | 开始752s后 | 1052s后结束
[2026-05-30 19:02:32.590]   📦 事件池: 2 个 | 本轮发现=0 | GC移除=0
[2026-05-30 19:02:32.590]   🎯 目标事件: btc-updown-5m-1780139100 | 状态=NO挂单中 | 距开始=152s | 距结束=452s
[2026-05-30 19:02:32.590]   ⏱  距离开始=152.3s | 状态=down_resting | 动作次数=3
[2026-05-30 19:02:32.590]   循环检查: ⏭️ 跳过 | 价格=- | 数量=- | 原因: action_count=3 >= max=3
[2026-05-30 19:02:32.590] 
[2026-05-30 19:02:32.590]   ✅ 【已下单】btc-updown-5m-1780139100
[2026-05-30 19:02:32.590]      📗 YES: 订单ID=DRY-0x261821-YES | 成交价=$0.5100
[2026-05-30 19:02:32.590]      📙 NO: 订单ID=DRY-0x261821-DOWN | 成交价=$N/A
[2026-05-30 19:02:32.590]      📍 当前状态: down_resting | 动作次数: 3
[2026-05-30 19:02:32.590]   📊 套利边缘: net=-0.4000 | 充足=True | edge=-0.4000 >= min=-0.5000; YES@0.510 cost=0.5100 + NO@0.400 cost=0.4000
[2026-05-30 19:02:32.591] 
[2026-05-30 19:02:32.591]   💤 等待 60s 后进行下次轮询...
[2026-05-30 19:03:32.595] 
[2026-05-30 19:03:32.598] ━━━━━━━━━━━━━━━━━━━━━━━━━━━━━━━━━━━━━━━━━━━━━━━━━━━━━━━━━━━━
[2026-05-30 19:03:32.598]   【 PreOpen 轮次 #19 】 2026-05-30 11:03:32 UTC
[2026-05-30 19:03:36.098] 
[2026-05-30 19:03:36.098]   🔍 【市场发现】共找到 5 个市场
[2026-05-30 19:03:36.099]      ├─ ❌ 过滤 [已开始] btc-updown-5m-1780138500 | 开始于 10:55:00 UTC | tts=-513s
[2026-05-30 19:03:36.099]      ├─ ❌ 过滤 [已开始] btc-updown-5m-1780138800 | 开始于 11:00:00 UTC | tts=-213s
[2026-05-30 19:03:36.099]      └─ ✅ 可交易 btc-updown-5m-1780139400 | 开始 11:10:00 UTC | 结束 11:15:00 UTC | tts=387s
[2026-05-30 19:03:36.099]      ├─ ❌ 过滤 [太远] btc-updown-5m-1780139700 | 开始于 11:15:00 UTC | tts=687s > 600s
[2026-05-30 19:03:36.099] 
[2026-05-30 19:03:36.099]   📊 【汇总】发现 5 个 | 可交易 0 个
[2026-05-30 19:03:36.099]      ├─ 已下单事件排除: 1
[2026-05-30 19:03:36.099]      └─ 时间窗口外: 3
[2026-05-30 19:03:36.100] 
[2026-05-30 19:03:36.100]   📅 【所有市场时间表】(当前: 11:03:32 UTC)
[2026-05-30 19:03:36.100]      🔴 已开始 10:55:00 - 11:00:00 UTC | btc-updown-5m-1780138500 | 开始已过 513s | 已结束
[2026-05-30 19:03:36.100]      🔴 已开始 11:00:00 - 11:05:00 UTC | btc-updown-5m-1780138800 | 开始已过 213s | 87s后结束
[2026-05-30 19:03:36.100]      ✅ 可交易 🧾已下单 11:05:00 - 11:10:00 UTC | btc-updown-5m-1780139100 | 开始87s后 | 387s后结束
[2026-05-30 19:03:36.100]      ✅ 可交易 11:10:00 - 11:15:00 UTC | btc-updown-5m-1780139400 | 开始387s后 | 687s后结束
[2026-05-30 19:03:36.100]      🔜 太远 11:15:00 - 11:20:00 UTC | btc-updown-5m-1780139700 | 开始687s后 | 987s后结束
[2026-05-30 19:03:36.100]   📦 事件池: 2 个 | 本轮发现=0 | GC移除=0
[2026-05-30 19:03:36.101]   🎯 目标事件: btc-updown-5m-1780139100 | 状态=NO挂单中 | 距开始=87s | 距结束=387s
[2026-05-30 19:03:36.101]   ⏱  距离开始=87.4s | 状态=down_resting | 动作次数=3
[2026-05-30 19:03:36.101]   循环检查: ⏭️ 跳过 | 价格=- | 数量=- | 原因: action_count=3 >= max=3
[2026-05-30 19:03:36.101] 
[2026-05-30 19:03:36.101]   ✅ 【已下单】btc-updown-5m-1780139100
[2026-05-30 19:03:36.101]      📗 YES: 订单ID=DRY-0x261821-YES | 成交价=$0.5100
[2026-05-30 19:03:36.101]      📙 NO: 订单ID=DRY-0x261821-DOWN | 成交价=$N/A
[2026-05-30 19:03:36.101]      📍 当前状态: down_resting | 动作次数: 3
[2026-05-30 19:03:36.101]   📊 套利边缘: net=-0.4000 | 充足=True | edge=-0.4000 >= min=-0.5000; YES@0.510 cost=0.5100 + NO@0.400 cost=0.4000
[2026-05-30 19:03:58.483] 
[2026-05-30 19:03:58.484]   💤 等待 60s 后进行下次轮询...
[2026-05-30 19:04:58.496] 
[2026-05-30 19:04:58.498] ━━━━━━━━━━━━━━━━━━━━━━━━━━━━━━━━━━━━━━━━━━━━━━━━━━━━━━━━━━━━
[2026-05-30 19:04:58.499]   【 PreOpen 轮次 #20 】 2026-05-30 11:04:58 UTC
[2026-05-30 19:05:01.858] 
[2026-05-30 19:05:01.858]   🔍 【市场发现】共找到 5 个市场
[2026-05-30 19:05:01.858]      ├─ ❌ 过滤 [已开始] btc-updown-5m-1780138500 | 开始于 10:55:00 UTC | tts=-598s
[2026-05-30 19:05:01.859]      ├─ ❌ 过滤 [已开始] btc-updown-5m-1780138800 | 开始于 11:00:00 UTC | tts=-298s
[2026-05-30 19:05:01.859]      └─ ✅ 可交易 btc-updown-5m-1780139400 | 开始 11:10:00 UTC | 结束 11:15:00 UTC | tts=302s
[2026-05-30 19:05:01.859]      ├─ ❌ 过滤 [太远] btc-updown-5m-1780139700 | 开始于 11:15:00 UTC | tts=602s > 600s
[2026-05-30 19:05:01.859] 
[2026-05-30 19:05:01.859]   📊 【汇总】发现 5 个 | 可交易 0 个
[2026-05-30 19:05:01.859]      ├─ 已下单事件排除: 1
[2026-05-30 19:05:01.859]      └─ 时间窗口外: 3
[2026-05-30 19:05:01.859] 
[2026-05-30 19:05:01.860]   📅 【所有市场时间表】(当前: 11:04:58 UTC)
[2026-05-30 19:05:01.860]      🔴 已开始 10:55:00 - 11:00:00 UTC | btc-updown-5m-1780138500 | 开始已过 598s | 已结束
[2026-05-30 19:05:01.860]      🔴 已开始 11:00:00 - 11:05:00 UTC | btc-updown-5m-1780138800 | 开始已过 298s | 2s后结束
[2026-05-30 19:05:01.860]      ✅ 可交易 🧾已下单 11:05:00 - 11:10:00 UTC | btc-updown-5m-1780139100 | 开始2s后 | 302s后结束
[2026-05-30 19:05:01.860]      ✅ 可交易 11:10:00 - 11:15:00 UTC | btc-updown-5m-1780139400 | 开始302s后 | 602s后结束
[2026-05-30 19:05:01.860]      🔜 太远 11:15:00 - 11:20:00 UTC | btc-updown-5m-1780139700 | 开始602s后 | 902s后结束
[2026-05-30 19:05:01.860]   📦 事件池: 2 个 | 本轮发现=0 | GC移除=0
[2026-05-30 19:05:01.860]   🎯 目标事件: btc-updown-5m-1780139100 | 状态=NO挂单中 | 距开始=2s | 距结束=302s
[2026-05-30 19:05:01.860]   ⏱  距离开始=1.5s | 状态=down_resting | 动作次数=3
[2026-05-30 19:05:01.861]   循环检查: ⏭️ 跳过 | 价格=- | 数量=- | 原因: action_count=3 >= max=3
[2026-05-30 19:05:01.861] 
[2026-05-30 19:05:01.861]   ✅ 【已下单】btc-updown-5m-1780139100
[2026-05-30 19:05:01.861]      📗 YES: 订单ID=DRY-0x261821-YES | 成交价=$0.5100
[2026-05-30 19:05:01.861]      📙 NO: 订单ID=DRY-0x261821-DOWN | 成交价=$N/A
[2026-05-30 19:05:01.861]      📍 当前状态: down_resting | 动作次数: 3
[2026-05-30 19:05:01.861]   📊 套利边缘: net=-0.4000 | 充足=True | edge=-0.4000 >= min=-0.5000; YES@0.510 cost=0.5100 + NO@0.400 cost=0.4000
[2026-05-30 19:05:01.861] 
[2026-05-30 19:05:01.861]   💤 等待 60s 后进行下次轮询...
[2026-05-30 19:06:01.873] 
[2026-05-30 19:06:01.875] ━━━━━━━━━━━━━━━━━━━━━━━━━━━━━━━━━━━━━━━━━━━━━━━━━━━━━━━━━━━━
[2026-05-30 19:06:01.875]   【 PreOpen 轮次 #21 】 2026-05-30 11:06:01 UTC
[2026-05-30 19:06:01.876]   🗑 Pre-GC removed: btc-updown-5m-1780139100 | reason=stale/untradeable
[2026-05-30 19:06:05.030] 
[2026-05-30 19:06:05.030]   🔍 【市场发现】共找到 6 个市场
[2026-05-30 19:06:05.032]      ├─ ❌ 过滤 [已开始] btc-updown-5m-1780138500 | 开始于 10:55:00 UTC | tts=-662s
[2026-05-30 19:06:05.032]      ├─ ❌ 过滤 [已开始] btc-updown-5m-1780138800 | 开始于 11:00:00 UTC | tts=-362s
[2026-05-30 19:06:05.032]      ├─ ❌ 过滤 [已开始] btc-updown-5m-1780139100 | 开始于 11:05:00 UTC | tts=-62s
[2026-05-30 19:06:05.032]      └─ ✅ 可交易 btc-updown-5m-1780139400 | 开始 11:10:00 UTC | 结束 11:15:00 UTC | tts=238s
[2026-05-30 19:06:05.033]      └─ ✅ 可交易 btc-updown-5m-1780139700 | 开始 11:15:00 UTC | 结束 11:20:00 UTC | tts=538s
[2026-05-30 19:06:05.033]      ├─ ❌ 过滤 [太远] btc-updown-5m-1780140000 | 开始于 11:20:00 UTC | tts=838s > 600s
[2026-05-30 19:06:05.033] 
[2026-05-30 19:06:05.033]   📊 【汇总】发现 6 个 | 可交易 1 个
[2026-05-30 19:06:05.034]      └─ 时间窗口外: 4
[2026-05-30 19:06:05.034] 
[2026-05-30 19:06:05.034]   📅 【所有市场时间表】(当前: 11:06:01 UTC)
[2026-05-30 19:06:05.034]      🔴 已开始 10:55:00 - 11:00:00 UTC | btc-updown-5m-1780138500 | 开始已过 662s | 已结束
[2026-05-30 19:06:05.034]      🔴 已开始 11:00:00 - 11:05:00 UTC | btc-updown-5m-1780138800 | 开始已过 362s | 已结束
[2026-05-30 19:06:05.034]      🔴 已开始 11:05:00 - 11:10:00 UTC | btc-updown-5m-1780139100 | 开始已过 62s | 238s后结束
[2026-05-30 19:06:05.034]      ✅ 可交易 11:10:00 - 11:15:00 UTC | btc-updown-5m-1780139400 | 开始238s后 | 538s后结束
[2026-05-30 19:06:05.034]      ✅ 可交易 11:15:00 - 11:20:00 UTC | btc-updown-5m-1780139700 | 开始538s后 | 838s后结束
[2026-05-30 19:06:05.034]      🔜 太远 11:20:00 - 11:25:00 UTC | btc-updown-5m-1780140000 | 开始838s后 | 1138s后结束
[2026-05-30 19:06:05.034]   ✨ 新发现事件: btc-updown-5m-1780139700 | 状态=已发现 | 距开始=538s | 距结束=838s
[2026-05-30 19:06:05.034]   📦 事件池: 2 个 | 本轮发现=1 | GC移除=0
[2026-05-30 19:06:05.035]   🎯 目标事件: btc-updown-5m-1780139400 | 状态=已发现 | 距开始=238s | 距结束=538s
[2026-05-30 19:06:05.041]   ⏱  距离开始=238.1s | 状态=discovered | 动作次数=0
[2026-05-30 19:06:05.041]   🔄 事件状态: DISCOVERED → READY | btc-updown-5m-1780139400
[2026-05-30 19:06:05.696]   📗 YES下单: ✅ 已下单 | 价格=$0.5100 | 数量=10.0份 | 订单ID=DRY-0x4e18e1-YES
[2026-05-30 19:06:05.696]   ✅ [PAPER] Bought 10.0 YES shares @ $0.510
[2026-05-30 19:06:12.580]   📙 NO挂单: ✅ 已下单 | 价格=$0.4000 | 数量=10.0份 | 订单ID=DRY-0x4e18e1-DOWN
[2026-05-30 19:06:12.580]   ✅ [PAPER] Bought 10.0 NO shares @ $0.400
[2026-05-30 19:06:18.041] 
[2026-05-30 19:06:18.041]   ✅ 【已下单】btc-updown-5m-1780139400
[2026-05-30 19:06:18.041]      📗 YES: 订单ID=DRY-0x4e18e1-YES | 成交价=$0.5100
[2026-05-30 19:06:18.041]      📙 NO: 订单ID=DRY-0x4e18e1-DOWN | 成交价=$N/A
[2026-05-30 19:06:18.041]      📍 当前状态: down_resting | 动作次数: 3
[2026-05-30 19:06:18.041]   📊 套利边缘: net=-0.4000 | 充足=True | edge=-0.4000 >= min=-0.5000; YES@0.510 cost=0.5100 + NO@0.400 cost=0.4000
[2026-05-30 19:06:49.645] 
[2026-05-30 19:06:49.646]   💤 等待 60s 后进行下次轮询...
[2026-05-30 19:07:49.656] 
[2026-05-30 19:07:49.658] ━━━━━━━━━━━━━━━━━━━━━━━━━━━━━━━━━━━━━━━━━━━━━━━━━━━━━━━━━━━━
[2026-05-30 19:07:49.658]   【 PreOpen 轮次 #22 】 2026-05-30 11:07:49 UTC
[2026-05-30 19:07:54.813] 
[2026-05-30 19:07:54.813]   🔍 【市场发现】共找到 5 个市场
[2026-05-30 19:07:54.813]      ├─ ❌ 过滤 [已开始] btc-updown-5m-1780138800 | 开始于 11:00:00 UTC | tts=-470s
[2026-05-30 19:07:54.813]      ├─ ❌ 过滤 [已开始] btc-updown-5m-1780139100 | 开始于 11:05:00 UTC | tts=-170s
[2026-05-30 19:07:54.813]      └─ ✅ 可交易 btc-updown-5m-1780139700 | 开始 11:15:00 UTC | 结束 11:20:00 UTC | tts=430s
[2026-05-30 19:07:54.813]      ├─ ❌ 过滤 [太远] btc-updown-5m-1780140000 | 开始于 11:20:00 UTC | tts=730s > 600s
[2026-05-30 19:07:54.813] 
[2026-05-30 19:07:54.813]   📊 【汇总】发现 5 个 | 可交易 0 个
[2026-05-30 19:07:54.814]      ├─ 已下单事件排除: 1
[2026-05-30 19:07:54.814]      └─ 时间窗口外: 3
[2026-05-30 19:07:54.814] 
[2026-05-30 19:07:54.814]   📅 【所有市场时间表】(当前: 11:07:49 UTC)
[2026-05-30 19:07:54.814]      🔴 已开始 11:00:00 - 11:05:00 UTC | btc-updown-5m-1780138800 | 开始已过 470s | 已结束
[2026-05-30 19:07:54.814]      🔴 已开始 11:05:00 - 11:10:00 UTC | btc-updown-5m-1780139100 | 开始已过 170s | 130s后结束
[2026-05-30 19:07:54.814]      ✅ 可交易 🧾已下单 11:10:00 - 11:15:00 UTC | btc-updown-5m-1780139400 | 开始130s后 | 430s后结束
[2026-05-30 19:07:54.814]      ✅ 可交易 11:15:00 - 11:20:00 UTC | btc-updown-5m-1780139700 | 开始430s后 | 730s后结束
[2026-05-30 19:07:54.814]      🔜 太远 11:20:00 - 11:25:00 UTC | btc-updown-5m-1780140000 | 开始730s后 | 1030s后结束
[2026-05-30 19:07:54.814]   📦 事件池: 2 个 | 本轮发现=0 | GC移除=0
[2026-05-30 19:07:54.814]   🎯 目标事件: btc-updown-5m-1780139400 | 状态=NO挂单中 | 距开始=130s | 距结束=430s
[2026-05-30 19:07:54.814]   ⏱  距离开始=130.3s | 状态=down_resting | 动作次数=3
[2026-05-30 19:07:54.814]   循环检查: ⏭️ 跳过 | 价格=- | 数量=- | 原因: action_count=3 >= max=3
[2026-05-30 19:07:54.814] 
[2026-05-30 19:07:54.814]   ✅ 【已下单】btc-updown-5m-1780139400
[2026-05-30 19:07:54.814]      📗 YES: 订单ID=DRY-0x4e18e1-YES | 成交价=$0.5100
[2026-05-30 19:07:54.814]      📙 NO: 订单ID=DRY-0x4e18e1-DOWN | 成交价=$N/A
[2026-05-30 19:07:54.814]      📍 当前状态: down_resting | 动作次数: 3
[2026-05-30 19:07:54.815]   📊 套利边缘: net=-0.4000 | 充足=True | edge=-0.4000 >= min=-0.5000; YES@0.510 cost=0.5100 + NO@0.400 cost=0.4000
[2026-05-30 19:07:54.815] 
[2026-05-30 19:07:54.815]   💤 等待 60s 后进行下次轮询...
[2026-05-30 19:08:54.821] 
[2026-05-30 19:08:54.823] ━━━━━━━━━━━━━━━━━━━━━━━━━━━━━━━━━━━━━━━━━━━━━━━━━━━━━━━━━━━━
[2026-05-30 19:08:54.824]   【 PreOpen 轮次 #23 】 2026-05-30 11:08:54 UTC
[2026-05-30 19:08:58.244] 
[2026-05-30 19:08:58.244]   🔍 【市场发现】共找到 5 个市场
[2026-05-30 19:08:58.244]      ├─ ❌ 过滤 [已开始] btc-updown-5m-1780138800 | 开始于 11:00:00 UTC | tts=-535s
[2026-05-30 19:08:58.245]      ├─ ❌ 过滤 [已开始] btc-updown-5m-1780139100 | 开始于 11:05:00 UTC | tts=-235s
[2026-05-30 19:08:58.245]      └─ ✅ 可交易 btc-updown-5m-1780139700 | 开始 11:15:00 UTC | 结束 11:20:00 UTC | tts=365s
[2026-05-30 19:08:58.245]      ├─ ❌ 过滤 [太远] btc-updown-5m-1780140000 | 开始于 11:20:00 UTC | tts=665s > 600s
[2026-05-30 19:08:58.245] 
[2026-05-30 19:08:58.245]   📊 【汇总】发现 5 个 | 可交易 0 个
[2026-05-30 19:08:58.245]      ├─ 已下单事件排除: 1
[2026-05-30 19:08:58.245]      └─ 时间窗口外: 3
[2026-05-30 19:08:58.245] 
[2026-05-30 19:08:58.245]   📅 【所有市场时间表】(当前: 11:08:54 UTC)
[2026-05-30 19:08:58.245]      🔴 已开始 11:00:00 - 11:05:00 UTC | btc-updown-5m-1780138800 | 开始已过 535s | 已结束
[2026-05-30 19:08:58.246]      🔴 已开始 11:05:00 - 11:10:00 UTC | btc-updown-5m-1780139100 | 开始已过 235s | 65s后结束
[2026-05-30 19:08:58.246]      ✅ 可交易 🧾已下单 11:10:00 - 11:15:00 UTC | btc-updown-5m-1780139400 | 开始65s后 | 365s后结束
[2026-05-30 19:08:58.246]      ✅ 可交易 11:15:00 - 11:20:00 UTC | btc-updown-5m-1780139700 | 开始365s后 | 665s后结束
[2026-05-30 19:08:58.246]      🔜 太远 11:20:00 - 11:25:00 UTC | btc-updown-5m-1780140000 | 开始665s后 | 965s后结束
[2026-05-30 19:08:58.246]   📦 事件池: 2 个 | 本轮发现=0 | GC移除=0
[2026-05-30 19:08:58.246]   🎯 目标事件: btc-updown-5m-1780139400 | 状态=NO挂单中 | 距开始=65s | 距结束=365s
[2026-05-30 19:08:58.246]   ⏱  距离开始=65.2s | 状态=down_resting | 动作次数=3
[2026-05-30 19:08:58.246]   循环检查: ⏭️ 跳过 | 价格=- | 数量=- | 原因: action_count=3 >= max=3
[2026-05-30 19:08:58.246] 
[2026-05-30 19:08:58.246]   ✅ 【已下单】btc-updown-5m-1780139400
[2026-05-30 19:08:58.247]      📗 YES: 订单ID=DRY-0x4e18e1-YES | 成交价=$0.5100
[2026-05-30 19:08:58.247]      📙 NO: 订单ID=DRY-0x4e18e1-DOWN | 成交价=$N/A
[2026-05-30 19:08:58.247]      📍 当前状态: down_resting | 动作次数: 3
[2026-05-30 19:08:58.247]   📊 套利边缘: net=-0.4000 | 充足=True | edge=-0.4000 >= min=-0.5000; YES@0.510 cost=0.5100 + NO@0.400 cost=0.4000
[2026-05-30 19:09:19.244]   🧾 结算回填: 已追加 4 条 settled 记录到 trades.csv
[2026-05-30 19:09:19.245] 
[2026-05-30 19:09:19.245]   💤 等待 60s 后进行下次轮询...
[2026-05-30 19:10:19.251] 
[2026-05-30 19:10:19.254] ━━━━━━━━━━━━━━━━━━━━━━━━━━━━━━━━━━━━━━━━━━━━━━━━━━━━━━━━━━━━
[2026-05-30 19:10:19.254]   【 PreOpen 轮次 #24 】 2026-05-30 11:10:19 UTC
[2026-05-30 19:10:22.771] 
[2026-05-30 19:10:22.772]   🔍 【市场发现】共找到 6 个市场
[2026-05-30 19:10:22.772]      ├─ ❌ 过滤 [已开始] btc-updown-5m-1780138800 | 开始于 11:00:00 UTC | tts=-619s
[2026-05-30 19:10:22.772]      ├─ ❌ 过滤 [已开始] btc-updown-5m-1780139100 | 开始于 11:05:00 UTC | tts=-319s
[2026-05-30 19:10:22.772]      └─ ✅ 可交易 btc-updown-5m-1780139700 | 开始 11:15:00 UTC | 结束 11:20:00 UTC | tts=281s
[2026-05-30 19:10:22.772]      └─ ✅ 可交易 btc-updown-5m-1780140000 | 开始 11:20:00 UTC | 结束 11:25:00 UTC | tts=581s
[2026-05-30 19:10:22.772]      ├─ ❌ 过滤 [太远] btc-updown-5m-1780140300 | 开始于 11:25:00 UTC | tts=881s > 600s
[2026-05-30 19:10:22.772] 
[2026-05-30 19:10:22.773]   📊 【汇总】发现 6 个 | 可交易 1 个
[2026-05-30 19:10:22.773]      ├─ 已下单事件排除: 1
[2026-05-30 19:10:22.773]      └─ 时间窗口外: 3
[2026-05-30 19:10:22.773] 
[2026-05-30 19:10:22.773]   📅 【所有市场时间表】(当前: 11:10:19 UTC)
[2026-05-30 19:10:22.773]      🔴 已开始 11:00:00 - 11:05:00 UTC | btc-updown-5m-1780138800 | 开始已过 619s | 已结束
[2026-05-30 19:10:22.773]      🔴 已开始 11:05:00 - 11:10:00 UTC | btc-updown-5m-1780139100 | 开始已过 319s | 已结束
[2026-05-30 19:10:22.773]      🔴 已开始 🧾已下单 11:10:00 - 11:15:00 UTC | btc-updown-5m-1780139400 | 开始已过 19s | 281s后结束
[2026-05-30 19:10:22.773]      ✅ 可交易 11:15:00 - 11:20:00 UTC | btc-updown-5m-1780139700 | 开始281s后 | 581s后结束
[2026-05-30 19:10:22.773]      ✅ 可交易 11:20:00 - 11:25:00 UTC | btc-updown-5m-1780140000 | 开始581s后 | 881s后结束
[2026-05-30 19:10:22.773]      🔜 太远 11:25:00 - 11:30:00 UTC | btc-updown-5m-1780140300 | 开始881s后 | 1181s后结束
[2026-05-30 19:10:22.774]   ✨ 新发现事件: btc-updown-5m-1780140000 | 状态=已发现 | 距开始=581s | 距结束=881s
[2026-05-30 19:10:22.774]   📦 事件池: 3 个 | 本轮发现=1 | GC移除=0
[2026-05-30 19:10:22.774]   🎯 目标事件: btc-updown-5m-1780139700 | 状态=已发现 | 距开始=281s | 距结束=581s
[2026-05-30 19:10:22.774]   ⏱  距离开始=280.7s | 状态=discovered | 动作次数=0
[2026-05-30 19:10:22.774]   🔄 事件状态: DISCOVERED → READY | btc-updown-5m-1780139700
[2026-05-30 19:10:23.308]   📗 YES下单: ✅ 已下单 | 价格=$0.5100 | 数量=10.0份 | 订单ID=DRY-0x7250ab-YES
[2026-05-30 19:10:23.308]   ✅ [PAPER] Bought 10.0 YES shares @ $0.510
[2026-05-30 19:10:30.228]   📙 NO挂单: ✅ 已下单 | 价格=$0.4000 | 数量=10.0份 | 订单ID=DRY-0x7250ab-DOWN
[2026-05-30 19:10:30.229]   ✅ [PAPER] Bought 10.0 NO shares @ $0.400
[2026-05-30 19:10:35.953] 
[2026-05-30 19:10:35.953]   ✅ 【已下单】btc-updown-5m-1780139700
[2026-05-30 19:10:35.953]      📗 YES: 订单ID=DRY-0x7250ab-YES | 成交价=$0.5100
[2026-05-30 19:10:35.953]      📙 NO: 订单ID=DRY-0x7250ab-DOWN | 成交价=$N/A
[2026-05-30 19:10:35.954]      📍 当前状态: down_resting | 动作次数: 3
[2026-05-30 19:10:35.954]   📊 套利边缘: net=-0.4000 | 充足=True | edge=-0.4000 >= min=-0.5000; YES@0.510 cost=0.5100 + NO@0.400 cost=0.4000
[2026-05-30 19:10:35.954] 
[2026-05-30 19:10:35.954]   💤 等待 60s 后进行下次轮询...
[2026-05-30 19:11:35.965] 
[2026-05-30 19:11:35.967] ━━━━━━━━━━━━━━━━━━━━━━━━━━━━━━━━━━━━━━━━━━━━━━━━━━━━━━━━━━━━
[2026-05-30 19:11:35.968]   【 PreOpen 轮次 #25 】 2026-05-30 11:11:35 UTC
[2026-05-30 19:11:35.968]   🗑 Pre-GC removed: btc-updown-5m-1780139400 | reason=stale/untradeable
[2026-05-30 19:11:39.804] 
[2026-05-30 19:11:39.805]   🔍 【市场发现】共找到 6 个市场
[2026-05-30 19:11:39.805]      ├─ ❌ 过滤 [已开始] btc-updown-5m-1780138800 | 开始于 11:00:00 UTC | tts=-696s
[2026-05-30 19:11:39.805]      ├─ ❌ 过滤 [已开始] btc-updown-5m-1780139100 | 开始于 11:05:00 UTC | tts=-396s
[2026-05-30 19:11:39.805]      ├─ ❌ 过滤 [已开始] btc-updown-5m-1780139400 | 开始于 11:10:00 UTC | tts=-96s
[2026-05-30 19:11:39.805]      └─ ✅ 可交易 btc-updown-5m-1780140000 | 开始 11:20:00 UTC | 结束 11:25:00 UTC | tts=504s
[2026-05-30 19:11:39.806]      ├─ ❌ 过滤 [太远] btc-updown-5m-1780140300 | 开始于 11:25:00 UTC | tts=804s > 600s
[2026-05-30 19:11:39.806] 
[2026-05-30 19:11:39.806]   📊 【汇总】发现 6 个 | 可交易 0 个
[2026-05-30 19:11:39.806]      ├─ 已下单事件排除: 1
[2026-05-30 19:11:39.806]      └─ 时间窗口外: 4
[2026-05-30 19:11:39.806] 
[2026-05-30 19:11:39.806]   📅 【所有市场时间表】(当前: 11:11:35 UTC)
[2026-05-30 19:11:39.806]      🔴 已开始 11:00:00 - 11:05:00 UTC | btc-updown-5m-1780138800 | 开始已过 696s | 已结束
[2026-05-30 19:11:39.806]      🔴 已开始 11:05:00 - 11:10:00 UTC | btc-updown-5m-1780139100 | 开始已过 396s | 已结束
[2026-05-30 19:11:39.806]      🔴 已开始 11:10:00 - 11:15:00 UTC | btc-updown-5m-1780139400 | 开始已过 96s | 204s后结束
[2026-05-30 19:11:39.806]      ✅ 可交易 🧾已下单 11:15:00 - 11:20:00 UTC | btc-updown-5m-1780139700 | 开始204s后 | 504s后结束
[2026-05-30 19:11:39.807]      ✅ 可交易 11:20:00 - 11:25:00 UTC | btc-updown-5m-1780140000 | 开始504s后 | 804s后结束
[2026-05-30 19:11:39.807]      🔜 太远 11:25:00 - 11:30:00 UTC | btc-updown-5m-1780140300 | 开始804s后 | 1104s后结束
[2026-05-30 19:11:39.807]   📦 事件池: 2 个 | 本轮发现=0 | GC移除=0
[2026-05-30 19:11:39.807]   🎯 目标事件: btc-updown-5m-1780139700 | 状态=NO挂单中 | 距开始=204s | 距结束=504s
[2026-05-30 19:11:39.807]   ⏱  距离开始=204.0s | 状态=down_resting | 动作次数=3
[2026-05-30 19:11:39.807]   循环检查: ⏭️ 跳过 | 价格=- | 数量=- | 原因: action_count=3 >= max=3
[2026-05-30 19:11:39.807] 
[2026-05-30 19:11:39.807]   ✅ 【已下单】btc-updown-5m-1780139700
[2026-05-30 19:11:39.807]      📗 YES: 订单ID=DRY-0x7250ab-YES | 成交价=$0.5100
[2026-05-30 19:11:39.807]      📙 NO: 订单ID=DRY-0x7250ab-DOWN | 成交价=$N/A
[2026-05-30 19:11:39.807]      📍 当前状态: down_resting | 动作次数: 3
[2026-05-30 19:11:39.807]   📊 套利边缘: net=-0.4000 | 充足=True | edge=-0.4000 >= min=-0.5000; YES@0.510 cost=0.5100 + NO@0.400 cost=0.4000
[2026-05-30 19:12:01.410] 
[2026-05-30 19:12:01.412]   💤 等待 60s 后进行下次轮询...
[2026-05-30 19:28:37.616] 
[2026-05-30 19:28:37.619] ━━━━━━━━━━━━━━━━━━━━━━━━━━━━━━━━━━━━━━━━━━━━━━━━━━━━━━━━━━━━
[2026-05-30 19:28:37.619]   【 PreOpen 轮次 #26 】 2026-05-30 11:28:37 UTC
[2026-05-30 19:28:37.620]   🗑 Pre-GC removed: btc-updown-5m-1780139700 | reason=stale/untradeable
[2026-05-30 19:28:37.620]   🗑 Pre-GC removed: btc-updown-5m-1780140000 | reason=stale/untradeable
[2026-05-30 19:28:42.214] 
[2026-05-30 19:28:42.214]   🔍 【市场发现】共找到 5 个市场
[2026-05-30 19:28:42.214]      ├─ ❌ 过滤 [已开始] btc-updown-5m-1780140000 | 开始于 11:20:00 UTC | tts=-518s
[2026-05-30 19:28:42.214]      ├─ ❌ 过滤 [已开始] btc-updown-5m-1780140300 | 开始于 11:25:00 UTC | tts=-218s
[2026-05-30 19:28:42.215]      └─ ✅ 可交易 btc-updown-5m-1780140600 | 开始 11:30:00 UTC | 结束 11:35:00 UTC | tts=82s
[2026-05-30 19:28:42.215]      └─ ✅ 可交易 btc-updown-5m-1780140900 | 开始 11:35:00 UTC | 结束 11:40:00 UTC | tts=382s
[2026-05-30 19:28:42.215]      ├─ ❌ 过滤 [太远] btc-updown-5m-1780141200 | 开始于 11:40:00 UTC | tts=682s > 600s
[2026-05-30 19:28:42.215] 
[2026-05-30 19:28:42.215]   📊 【汇总】发现 5 个 | 可交易 2 个
[2026-05-30 19:28:42.215]      └─ 时间窗口外: 3
[2026-05-30 19:28:42.215] 
[2026-05-30 19:28:42.215]   📅 【所有市场时间表】(当前: 11:28:37 UTC)
[2026-05-30 19:28:42.215]      🔴 已开始 11:20:00 - 11:25:00 UTC | btc-updown-5m-1780140000 | 开始已过 518s | 已结束
[2026-05-30 19:28:42.216]      🔴 已开始 11:25:00 - 11:30:00 UTC | btc-updown-5m-1780140300 | 开始已过 218s | 82s后结束
[2026-05-30 19:28:42.216]      ✅ 可交易 11:30:00 - 11:35:00 UTC | btc-updown-5m-1780140600 | 开始82s后 | 382s后结束
[2026-05-30 19:28:42.216]      ✅ 可交易 11:35:00 - 11:40:00 UTC | btc-updown-5m-1780140900 | 开始382s后 | 682s后结束
[2026-05-30 19:28:42.216]      🔜 太远 11:40:00 - 11:45:00 UTC | btc-updown-5m-1780141200 | 开始682s后 | 982s后结束
[2026-05-30 19:28:42.216]   ✨ 新发现事件: btc-updown-5m-1780140600 | 状态=已发现 | 距开始=82s | 距结束=382s
[2026-05-30 19:28:42.216]   ✨ 新发现事件: btc-updown-5m-1780140900 | 状态=已发现 | 距开始=382s | 距结束=682s
[2026-05-30 19:28:42.216]   📦 事件池: 2 个 | 本轮发现=2 | GC移除=0
[2026-05-30 19:28:42.216]   🎯 目标事件: btc-updown-5m-1780140600 | 状态=已发现 | 距开始=82s | 距结束=382s
[2026-05-30 19:28:42.217]   ⏱  距离开始=82.4s | 状态=discovered | 动作次数=0
[2026-05-30 19:28:42.217]   🔄 事件状态: DISCOVERED → READY | btc-updown-5m-1780140600
[2026-05-30 19:28:42.879]   📗 YES下单: ✅ 已下单 | 价格=$0.5100 | 数量=10.0份 | 订单ID=DRY-0x58f9bd-YES
[2026-05-30 19:28:42.879]   ✅ [PAPER] Bought 10.0 YES shares @ $0.510
[2026-05-30 19:28:49.128]   📙 NO挂单: ✅ 已下单 | 价格=$0.4000 | 数量=10.0份 | 订单ID=DRY-0x58f9bd-DOWN
[2026-05-30 19:28:49.128]   ✅ [PAPER] Bought 10.0 NO shares @ $0.400
[2026-05-30 19:45:47.541] 
[2026-05-30 19:45:47.542]   ✅ 【已下单】btc-updown-5m-1780140600
[2026-05-30 19:45:47.542]      📗 YES: 订单ID=DRY-0x58f9bd-YES | 成交价=$0.5100
[2026-05-30 19:45:47.542]      📙 NO: 订单ID=DRY-0x58f9bd-DOWN | 成交价=$N/A
[2026-05-30 19:45:47.542]      📍 当前状态: down_resting | 动作次数: 3
[2026-05-30 19:45:47.542]   📊 套利边缘: net=-0.4000 | 充足=True | edge=-0.4000 >= min=-0.5000; YES@0.510 cost=0.5100 + NO@0.400 cost=0.4000
[2026-05-30 19:45:52.691]   🧾 结算回填: 已追加 8 条 settled 记录到 trades.csv
[2026-05-30 19:45:52.691] 
[2026-05-30 19:45:52.691]   💤 等待 60s 后进行下次轮询...
[2026-05-30 20:03:24.913] 
[2026-05-30 20:03:24.915] ━━━━━━━━━━━━━━━━━━━━━━━━━━━━━━━━━━━━━━━━━━━━━━━━━━━━━━━━━━━━
[2026-05-30 20:03:24.916]   【 PreOpen 轮次 #27 】 2026-05-30 12:03:24 UTC
[2026-05-30 20:03:24.916]   🗑 Pre-GC removed: btc-updown-5m-1780140600 | reason=stale/untradeable
[2026-05-30 20:03:24.916]   🗑 Pre-GC removed: btc-updown-5m-1780140900 | reason=stale/untradeable
[2026-05-30 20:03:28.422] 
[2026-05-30 20:03:28.423]   🔍 【市场发现】共找到 5 个市场
[2026-05-30 20:03:28.423]      ├─ ❌ 过滤 [已开始] btc-updown-5m-1780142100 | 开始于 11:55:00 UTC | tts=-505s
[2026-05-30 20:03:28.423]      ├─ ❌ 过滤 [已开始] btc-updown-5m-1780142400 | 开始于 12:00:00 UTC | tts=-205s
[2026-05-30 20:03:28.423]      └─ ✅ 可交易 btc-updown-5m-1780142700 | 开始 12:05:00 UTC | 结束 12:10:00 UTC | tts=95s
[2026-05-30 20:03:28.423]      └─ ✅ 可交易 btc-updown-5m-1780143000 | 开始 12:10:00 UTC | 结束 12:15:00 UTC | tts=395s
[2026-05-30 20:03:28.423]      ├─ ❌ 过滤 [太远] btc-updown-5m-1780143300 | 开始于 12:15:00 UTC | tts=695s > 600s
[2026-05-30 20:03:28.423] 
[2026-05-30 20:03:28.424]   📊 【汇总】发现 5 个 | 可交易 2 个
[2026-05-30 20:03:28.424]      └─ 时间窗口外: 3
[2026-05-30 20:03:28.424] 
[2026-05-30 20:03:28.424]   📅 【所有市场时间表】(当前: 12:03:24 UTC)
[2026-05-30 20:03:28.424]      🔴 已开始 11:55:00 - 12:00:00 UTC | btc-updown-5m-1780142100 | 开始已过 505s | 已结束
[2026-05-30 20:03:28.424]      🔴 已开始 12:00:00 - 12:05:00 UTC | btc-updown-5m-1780142400 | 开始已过 205s | 95s后结束
[2026-05-30 20:03:28.424]      ✅ 可交易 12:05:00 - 12:10:00 UTC | btc-updown-5m-1780142700 | 开始95s后 | 395s后结束
[2026-05-30 20:03:28.424]      ✅ 可交易 12:10:00 - 12:15:00 UTC | btc-updown-5m-1780143000 | 开始395s后 | 695s后结束
[2026-05-30 20:03:28.424]      🔜 太远 12:15:00 - 12:20:00 UTC | btc-updown-5m-1780143300 | 开始695s后 | 995s后结束
[2026-05-30 20:03:28.424]   ✨ 新发现事件: btc-updown-5m-1780142700 | 状态=已发现 | 距开始=95s | 距结束=395s
[2026-05-30 20:03:28.425]   ✨ 新发现事件: btc-updown-5m-1780143000 | 状态=已发现 | 距开始=395s | 距结束=695s
[2026-05-30 20:03:28.425]   📦 事件池: 2 个 | 本轮发现=2 | GC移除=0
[2026-05-30 20:03:28.425]   🎯 目标事件: btc-updown-5m-1780142700 | 状态=已发现 | 距开始=95s | 距结束=395s
[2026-05-30 20:03:28.425]   ⏱  距离开始=95.1s | 状态=discovered | 动作次数=0
[2026-05-30 20:03:28.425]   🔄 事件状态: DISCOVERED → READY | btc-updown-5m-1780142700
[2026-05-30 20:03:29.382]   📗 YES下单: ✅ 已下单 | 价格=$0.5100 | 数量=10.0份 | 订单ID=DRY-0xa9ddd9-YES
[2026-05-30 20:03:29.383]   ✅ [PAPER] Bought 10.0 YES shares @ $0.510
[2026-05-30 20:03:36.634]   📙 NO挂单: ✅ 已下单 | 价格=$0.4000 | 数量=10.0份 | 订单ID=DRY-0xa9ddd9-DOWN
[2026-05-30 20:03:36.635]   ✅ [PAPER] Bought 10.0 NO shares @ $0.400
[2026-05-30 20:03:42.818] 
[2026-05-30 20:03:42.818]   ✅ 【已下单】btc-updown-5m-1780142700
[2026-05-30 20:03:42.818]      📗 YES: 订单ID=DRY-0xa9ddd9-YES | 成交价=$0.5100
[2026-05-30 20:03:42.818]      📙 NO: 订单ID=DRY-0xa9ddd9-DOWN | 成交价=$N/A
[2026-05-30 20:03:42.818]      📍 当前状态: down_resting | 动作次数: 3
[2026-05-30 20:03:42.818]   📊 套利边缘: net=-0.4000 | 充足=True | edge=-0.4000 >= min=-0.5000; YES@0.510 cost=0.5100 + NO@0.400 cost=0.4000
[2026-05-30 20:03:50.604] 
[2026-05-30 20:03:50.604]   💤 等待 60s 后进行下次轮询...
[2026-05-30 20:38:00.557] 
[2026-05-30 20:38:00.559] ━━━━━━━━━━━━━━━━━━━━━━━━━━━━━━━━━━━━━━━━━━━━━━━━━━━━━━━━━━━━
[2026-05-30 20:38:00.561]   【 PreOpen 轮次 #28 】 2026-05-30 12:38:00 UTC
[2026-05-30 20:38:00.561]   🗑 Pre-GC removed: btc-updown-5m-1780142700 | reason=stale/untradeable
[2026-05-30 20:38:00.563]   🗑 Pre-GC removed: btc-updown-5m-1780143000 | reason=stale/untradeable
[2026-05-30 20:38:07.093] 
[2026-05-30 20:38:07.094]   🔍 【市场发现】共找到 5 个市场
[2026-05-30 20:38:07.094]      ├─ ❌ 过滤 [已开始] btc-updown-5m-1780144200 | 开始于 12:30:00 UTC | tts=-481s
[2026-05-30 20:38:07.094]      ├─ ❌ 过滤 [已开始] btc-updown-5m-1780144500 | 开始于 12:35:00 UTC | tts=-181s
[2026-05-30 20:38:07.095]      └─ ✅ 可交易 btc-updown-5m-1780144800 | 开始 12:40:00 UTC | 结束 12:45:00 UTC | tts=119s
[2026-05-30 20:38:07.095]      └─ ✅ 可交易 btc-updown-5m-1780145100 | 开始 12:45:00 UTC | 结束 12:50:00 UTC | tts=419s
[2026-05-30 20:38:07.095]      ├─ ❌ 过滤 [太远] btc-updown-5m-1780145400 | 开始于 12:50:00 UTC | tts=719s > 600s
[2026-05-30 20:38:07.095] 
[2026-05-30 20:38:07.095]   📊 【汇总】发现 5 个 | 可交易 2 个
[2026-05-30 20:38:07.095]      └─ 时间窗口外: 3
[2026-05-30 20:38:07.095] 
[2026-05-30 20:38:07.095]   📅 【所有市场时间表】(当前: 12:38:00 UTC)
[2026-05-30 20:38:07.095]      🔴 已开始 12:30:00 - 12:35:00 UTC | btc-updown-5m-1780144200 | 开始已过 481s | 已结束
[2026-05-30 20:38:07.095]      🔴 已开始 12:35:00 - 12:40:00 UTC | btc-updown-5m-1780144500 | 开始已过 181s | 119s后结束
[2026-05-30 20:38:07.095]      ✅ 可交易 12:40:00 - 12:45:00 UTC | btc-updown-5m-1780144800 | 开始119s后 | 419s后结束
[2026-05-30 20:38:07.095]      ✅ 可交易 12:45:00 - 12:50:00 UTC | btc-updown-5m-1780145100 | 开始419s后 | 719s后结束
[2026-05-30 20:38:07.095]      🔜 太远 12:50:00 - 12:55:00 UTC | btc-updown-5m-1780145400 | 开始719s后 | 1019s后结束
[2026-05-30 20:38:07.096]   ✨ 新发现事件: btc-updown-5m-1780144800 | 状态=已发现 | 距开始=119s | 距结束=419s
[2026-05-30 20:38:07.096]   ✨ 新发现事件: btc-updown-5m-1780145100 | 状态=已发现 | 距开始=419s | 距结束=719s
[2026-05-30 20:38:07.096]   📦 事件池: 2 个 | 本轮发现=2 | GC移除=0
[2026-05-30 20:38:07.096]   🎯 目标事件: btc-updown-5m-1780144800 | 状态=已发现 | 距开始=119s | 距结束=419s
[2026-05-30 20:38:07.096]   ⏱  距离开始=119.4s | 状态=discovered | 动作次数=0
[2026-05-30 20:38:07.096]   🔄 事件状态: DISCOVERED → READY | btc-updown-5m-1780144800
[2026-05-30 20:38:09.805]   📗 YES下单: ✅ 已下单 | 价格=$0.4300 | 数量=10.0份 | 订单ID=DRY-0xdef6fa-YES
[2026-05-30 20:38:09.806]   ✅ [PAPER] Bought 10.0 YES shares @ $0.430
[2026-05-30 20:38:19.453]   📙 NO挂单: ✅ 已下单 | 价格=$0.4000 | 数量=10.0份 | 订单ID=DRY-0xdef6fa-DOWN
[2026-05-30 20:38:19.454]   ✅ [PAPER] Bought 10.0 NO shares @ $0.400
[2026-05-30 20:38:27.742] 
[2026-05-30 20:38:27.742]   ✅ 【已下单】btc-updown-5m-1780144800
[2026-05-30 20:38:27.742]      📗 YES: 订单ID=DRY-0xdef6fa-YES | 成交价=$0.4300
[2026-05-30 20:38:27.742]      📙 NO: 订单ID=DRY-0xdef6fa-DOWN | 成交价=$N/A
[2026-05-30 20:38:27.742]      📍 当前状态: down_resting | 动作次数: 3
[2026-05-30 20:38:27.742]   📊 套利边缘: net=-0.4000 | 充足=True | edge=-0.4000 >= min=-0.5000; YES@0.430 cost=0.4300 + NO@0.400 cost=0.4000
[2026-05-30 20:53:52.473]   🧾 结算回填: 已追加 2 条 settled 记录到 trades.csv
[2026-05-30 20:53:52.474] 
[2026-05-30 20:53:52.474]   💤 等待 60s 后进行下次轮询...
[2026-05-30 20:58:17.752] 
[2026-05-30 20:58:17.754] ━━━━━━━━━━━━━━━━━━━━━━━━━━━━━━━━━━━━━━━━━━━━━━━━━━━━━━━━━━━━
[2026-05-30 20:58:17.754]   【 PreOpen 轮次 #29 】 2026-05-30 12:58:17 UTC
[2026-05-30 20:58:17.755]   🗑 Pre-GC removed: btc-updown-5m-1780144800 | reason=stale/untradeable
[2026-05-30 20:58:17.755]   🗑 Pre-GC removed: btc-updown-5m-1780145100 | reason=stale/untradeable
[2026-05-30 20:58:21.863] 
[2026-05-30 20:58:21.863]   🔍 【市场发现】共找到 5 个市场
[2026-05-30 20:58:21.864]      ├─ ❌ 过滤 [已开始] btc-updown-5m-1780145400 | 开始于 12:50:00 UTC | tts=-498s
[2026-05-30 20:58:21.864]      ├─ ❌ 过滤 [已开始] btc-updown-5m-1780145700 | 开始于 12:55:00 UTC | tts=-198s
[2026-05-30 20:58:21.864]      └─ ✅ 可交易 btc-updown-5m-1780146000 | 开始 13:00:00 UTC | 结束 13:05:00 UTC | tts=102s
[2026-05-30 20:58:21.864]      └─ ✅ 可交易 btc-updown-5m-1780146300 | 开始 13:05:00 UTC | 结束 13:10:00 UTC | tts=402s
[2026-05-30 20:58:21.864]      ├─ ❌ 过滤 [太远] btc-updown-5m-1780146600 | 开始于 13:10:00 UTC | tts=702s > 600s
[2026-05-30 20:58:21.864] 
[2026-05-30 20:58:21.864]   📊 【汇总】发现 5 个 | 可交易 2 个
[2026-05-30 20:58:21.865]      └─ 时间窗口外: 3
[2026-05-30 20:58:21.865] 
[2026-05-30 20:58:21.865]   📅 【所有市场时间表】(当前: 12:58:17 UTC)
[2026-05-30 20:58:21.865]      🔴 已开始 12:50:00 - 12:55:00 UTC | btc-updown-5m-1780145400 | 开始已过 498s | 已结束
[2026-05-30 20:58:21.865]      🔴 已开始 12:55:00 - 13:00:00 UTC | btc-updown-5m-1780145700 | 开始已过 198s | 102s后结束
[2026-05-30 20:58:21.865]      ✅ 可交易 13:00:00 - 13:05:00 UTC | btc-updown-5m-1780146000 | 开始102s后 | 402s后结束
[2026-05-30 20:58:21.865]      ✅ 可交易 13:05:00 - 13:10:00 UTC | btc-updown-5m-1780146300 | 开始402s后 | 702s后结束
[2026-05-30 20:58:21.865]      🔜 太远 13:10:00 - 13:15:00 UTC | btc-updown-5m-1780146600 | 开始702s后 | 1002s后结束
[2026-05-30 20:58:21.866]   ✨ 新发现事件: btc-updown-5m-1780146000 | 状态=已发现 | 距开始=102s | 距结束=402s
[2026-05-30 20:58:21.866]   ✨ 新发现事件: btc-updown-5m-1780146300 | 状态=已发现 | 距开始=402s | 距结束=702s
[2026-05-30 20:58:21.866]   📦 事件池: 2 个 | 本轮发现=2 | GC移除=0
[2026-05-30 20:58:21.866]   🎯 目标事件: btc-updown-5m-1780146000 | 状态=已发现 | 距开始=102s | 距结束=402s
[2026-05-30 20:58:21.866]   ⏱  距离开始=102.2s | 状态=discovered | 动作次数=0
[2026-05-30 20:58:21.866]   🔄 事件状态: DISCOVERED → READY | btc-updown-5m-1780146000
[2026-05-30 20:58:22.692]   📗 YES下单: ✅ 已下单 | 价格=$0.5100 | 数量=10.0份 | 订单ID=DRY-0x454ebb-YES
[2026-05-30 20:58:22.692]   ✅ [PAPER] Bought 10.0 YES shares @ $0.510
[2026-05-30 20:58:33.251]   📙 NO挂单: ✅ 已下单 | 价格=$0.4000 | 数量=10.0份 | 订单ID=DRY-0x454ebb-DOWN
[2026-05-30 20:58:33.251]   ✅ [PAPER] Bought 10.0 NO shares @ $0.400
[2026-05-30 20:58:40.687] 
[2026-05-30 20:58:40.687]   ✅ 【已下单】btc-updown-5m-1780146000
[2026-05-30 20:58:40.688]      📗 YES: 订单ID=DRY-0x454ebb-YES | 成交价=$0.5100
[2026-05-30 20:58:40.688]      📙 NO: 订单ID=DRY-0x454ebb-DOWN | 成交价=$N/A
[2026-05-30 20:58:40.688]      📍 当前状态: down_resting | 动作次数: 3
[2026-05-30 20:58:40.688]   📊 套利边缘: net=-0.4000 | 充足=True | edge=-0.4000 >= min=-0.5000; YES@0.510 cost=0.5100 + NO@0.400 cost=0.4000
[2026-05-30 20:58:51.807]   🧾 结算回填: 已追加 2 条 settled 记录到 trades.csv
[2026-05-30 20:58:51.808] 
[2026-05-30 20:58:51.808]   💤 等待 60s 后进行下次轮询...
[2026-05-30 21:16:37.384] 
[2026-05-30 21:16:37.387] ━━━━━━━━━━━━━━━━━━━━━━━━━━━━━━━━━━━━━━━━━━━━━━━━━━━━━━━━━━━━
[2026-05-30 21:16:37.387]   【 PreOpen 轮次 #30 】 2026-05-30 13:16:37 UTC
[2026-05-30 21:16:37.388]   🗑 Pre-GC removed: btc-updown-5m-1780146000 | reason=stale/untradeable
[2026-05-30 21:16:37.388]   🗑 Pre-GC removed: btc-updown-5m-1780146300 | reason=stale/untradeable
[2026-05-30 21:16:42.508] 
[2026-05-30 21:16:42.508]   🔍 【市场发现】共找到 5 个市场
[2026-05-30 21:16:42.508]      ├─ ❌ 过滤 [已开始] btc-updown-5m-1780146600 | 开始于 13:10:00 UTC | tts=-397s
[2026-05-30 21:16:42.508]      ├─ ❌ 过滤 [已开始] btc-updown-5m-1780146900 | 开始于 13:15:00 UTC | tts=-97s
[2026-05-30 21:16:42.509]      └─ ✅ 可交易 btc-updown-5m-1780147200 | 开始 13:20:00 UTC | 结束 13:25:00 UTC | tts=203s
[2026-05-30 21:16:42.509]      └─ ✅ 可交易 btc-updown-5m-1780147500 | 开始 13:25:00 UTC | 结束 13:30:00 UTC | tts=503s
[2026-05-30 21:16:42.509]      ├─ ❌ 过滤 [太远] btc-updown-5m-1780147800 | 开始于 13:30:00 UTC | tts=803s > 600s
[2026-05-30 21:16:42.509] 
[2026-05-30 21:16:42.509]   📊 【汇总】发现 5 个 | 可交易 2 个
[2026-05-30 21:16:42.509]      └─ 时间窗口外: 3
[2026-05-30 21:16:42.509] 
[2026-05-30 21:16:42.509]   📅 【所有市场时间表】(当前: 13:16:37 UTC)
[2026-05-30 21:16:42.510]      🔴 已开始 13:10:00 - 13:15:00 UTC | btc-updown-5m-1780146600 | 开始已过 397s | 已结束
[2026-05-30 21:16:42.510]      🔴 已开始 13:15:00 - 13:20:00 UTC | btc-updown-5m-1780146900 | 开始已过 97s | 203s后结束
[2026-05-30 21:16:42.510]      ✅ 可交易 13:20:00 - 13:25:00 UTC | btc-updown-5m-1780147200 | 开始203s后 | 503s后结束
[2026-05-30 21:16:42.510]      ✅ 可交易 13:25:00 - 13:30:00 UTC | btc-updown-5m-1780147500 | 开始503s后 | 803s后结束
[2026-05-30 21:16:42.510]      🔜 太远 13:30:00 - 13:35:00 UTC | btc-updown-5m-1780147800 | 开始803s后 | 1103s后结束
[2026-05-30 21:16:42.510]   ✨ 新发现事件: btc-updown-5m-1780147200 | 状态=已发现 | 距开始=203s | 距结束=503s
[2026-05-30 21:16:42.510]   ✨ 新发现事件: btc-updown-5m-1780147500 | 状态=已发现 | 距开始=503s | 距结束=803s
[2026-05-30 21:16:42.510]   📦 事件池: 2 个 | 本轮发现=2 | GC移除=0
[2026-05-30 21:16:42.511]   🎯 目标事件: btc-updown-5m-1780147200 | 状态=已发现 | 距开始=203s | 距结束=503s
[2026-05-30 21:16:42.511]   ⏱  距离开始=202.6s | 状态=discovered | 动作次数=0
[2026-05-30 21:16:42.511]   🔄 事件状态: DISCOVERED → READY | btc-updown-5m-1780147200
[2026-05-30 21:16:44.088]   📗 YES下单: ✅ 已下单 | 价格=$0.4900 | 数量=10.0份 | 订单ID=DRY-0xf2dbcf-YES
[2026-05-30 21:16:44.088]   ✅ [PAPER] Bought 10.0 YES shares @ $0.490
[2026-05-30 21:16:53.586]   📙 NO挂单: ✅ 已下单 | 价格=$0.4000 | 数量=10.0份 | 订单ID=DRY-0xf2dbcf-DOWN
[2026-05-30 21:16:53.587]   ✅ [PAPER] Bought 10.0 NO shares @ $0.400
[2026-05-30 21:32:57.285] 
[2026-05-30 21:32:57.285]   ✅ 【已下单】btc-updown-5m-1780147200
[2026-05-30 21:32:57.285]      📗 YES: 订单ID=DRY-0xf2dbcf-YES | 成交价=$0.4900
[2026-05-30 21:32:57.285]      📙 NO: 订单ID=DRY-0xf2dbcf-DOWN | 成交价=$N/A
[2026-05-30 21:32:57.285]      📍 当前状态: down_resting | 动作次数: 3
[2026-05-30 21:32:57.285]   📊 套利边缘: net=-0.4000 | 充足=True | edge=-0.4000 >= min=-0.5000; YES@0.490 cost=0.4900 + NO@0.400 cost=0.4000
[2026-05-30 21:33:01.994]   🧾 结算回填: 已追加 4 条 settled 记录到 trades.csv
[2026-05-30 21:33:01.994] 
[2026-05-30 21:33:01.994]   💤 等待 60s 后进行下次轮询...
[2026-05-30 21:49:28.314] 
[2026-05-30 21:49:28.315] ━━━━━━━━━━━━━━━━━━━━━━━━━━━━━━━━━━━━━━━━━━━━━━━━━━━━━━━━━━━━
[2026-05-30 21:49:28.316]   【 PreOpen 轮次 #31 】 2026-05-30 13:49:28 UTC
[2026-05-30 21:49:28.316]   🗑 Pre-GC removed: btc-updown-5m-1780147200 | reason=stale/untradeable
[2026-05-30 21:49:28.316]   🗑 Pre-GC removed: btc-updown-5m-1780147500 | reason=stale/untradeable
[2026-05-30 21:49:36.142] 
[2026-05-30 21:49:36.143]   🔍 【市场发现】共找到 4 个市场
[2026-05-30 21:49:36.143]      ├─ ❌ 过滤 [已开始] btc-updown-5m-1780148700 | 开始于 13:45:00 UTC | tts=-268s
[2026-05-30 21:49:36.144]      └─ ✅ 可交易 btc-updown-5m-1780149000 | 开始 13:50:00 UTC | 结束 13:55:00 UTC | tts=32s
[2026-05-30 21:49:36.144]      └─ ✅ 可交易 btc-updown-5m-1780149300 | 开始 13:55:00 UTC | 结束 14:00:00 UTC | tts=332s
[2026-05-30 21:49:36.144]      ├─ ❌ 过滤 [太远] btc-updown-5m-1780149600 | 开始于 14:00:00 UTC | tts=632s > 600s
[2026-05-30 21:49:36.144] 
[2026-05-30 21:49:36.144]   📊 【汇总】发现 4 个 | 可交易 2 个
[2026-05-30 21:49:36.144]      └─ 时间窗口外: 2
[2026-05-30 21:49:36.144] 
[2026-05-30 21:49:36.145]   📅 【所有市场时间表】(当前: 13:49:28 UTC)
[2026-05-30 21:49:36.145]      🔴 已开始 13:45:00 - 13:50:00 UTC | btc-updown-5m-1780148700 | 开始已过 268s | 32s后结束
[2026-05-30 21:49:36.145]      ✅ 可交易 13:50:00 - 13:55:00 UTC | btc-updown-5m-1780149000 | 开始32s后 | 332s后结束
[2026-05-30 21:49:36.145]      ✅ 可交易 13:55:00 - 14:00:00 UTC | btc-updown-5m-1780149300 | 开始332s后 | 632s后结束
[2026-05-30 21:49:36.145]      🔜 太远 14:00:00 - 14:05:00 UTC | btc-updown-5m-1780149600 | 开始632s后 | 932s后结束
[2026-05-30 21:49:36.145]   ✨ 新发现事件: btc-updown-5m-1780149000 | 状态=已发现 | 距开始=32s | 距结束=332s
[2026-05-30 21:49:36.145]   ✨ 新发现事件: btc-updown-5m-1780149300 | 状态=已发现 | 距开始=332s | 距结束=632s
[2026-05-30 21:49:36.145]   📦 事件池: 2 个 | 本轮发现=2 | GC移除=0
[2026-05-30 21:49:36.145]   🎯 目标事件: btc-updown-5m-1780149000 | 状态=已发现 | 距开始=32s | 距结束=332s
[2026-05-30 21:49:36.146]   ⏱  距离开始=31.7s | 状态=discovered | 动作次数=0
[2026-05-30 21:49:36.146]   🔄 事件状态: DISCOVERED → READY | btc-updown-5m-1780149000
[2026-05-30 21:49:38.660]   📗 YES下单: ✅ 已下单 | 价格=$0.4900 | 数量=10.0份 | 订单ID=DRY-0x052592-YES
[2026-05-30 21:49:38.660]   ✅ [PAPER] Bought 10.0 YES shares @ $0.490
[2026-05-30 21:49:47.238]   📙 NO挂单: ✅ 已下单 | 价格=$0.4000 | 数量=10.0份 | 订单ID=DRY-0x052592-DOWN
[2026-05-30 21:49:47.238]   ✅ [PAPER] Bought 10.0 NO shares @ $0.400
[2026-05-30 21:59:23.959]   📙 NO切换FAK: ⏭️ 跳过 | 价格=$0.5200 | 数量=- | 原因: arb_insufficient: edge=-0.5200 < min=-0.5000; YES@0.490 cost=0.4900 + NO@0.520 cost=0.5200
[2026-05-30 21:59:23.959] 
[2026-05-30 21:59:23.959]   ✅ 【已下单】btc-updown-5m-1780149000
[2026-05-30 21:59:23.959]      📗 YES: 订单ID=DRY-0x052592-YES | 成交价=$0.4900
[2026-05-30 21:59:23.959]      📙 NO: 订单ID=DRY-0x052592-DOWN | 成交价=$N/A
[2026-05-30 21:59:23.959]      📍 当前状态: down_resting | 动作次数: 3
[2026-05-30 21:59:23.959]   📊 套利边缘: net=-0.4000 | 充足=True | edge=-0.4000 >= min=-0.5000; YES@0.490 cost=0.4900 + NO@0.400 cost=0.4000
[2026-05-30 21:59:29.390]   🧾 结算回填: 已追加 2 条 settled 记录到 trades.csv
[2026-05-30 21:59:29.390] 
[2026-05-30 21:59:29.391]   💤 等待 60s 后进行下次轮询...
[2026-05-30 22:17:31.840] 
[2026-05-30 22:17:31.842] ━━━━━━━━━━━━━━━━━━━━━━━━━━━━━━━━━━━━━━━━━━━━━━━━━━━━━━━━━━━━
[2026-05-30 22:17:31.842]   【 PreOpen 轮次 #32 】 2026-05-30 14:17:31 UTC
[2026-05-30 22:17:31.843]   🗑 Pre-GC removed: btc-updown-5m-1780149000 | reason=stale/untradeable
[2026-05-30 22:17:31.843]   🗑 Pre-GC removed: btc-updown-5m-1780149300 | reason=stale/untradeable
[2026-05-30 22:17:37.898] 
[2026-05-30 22:17:37.898]   🔍 【市场发现】共找到 6 个市场
[2026-05-30 22:17:37.898]      ├─ ❌ 过滤 [已开始] btc-updown-5m-1780149900 | 开始于 14:05:00 UTC | tts=-752s
[2026-05-30 22:17:37.899]      ├─ ❌ 过滤 [已开始] btc-updown-5m-1780150200 | 开始于 14:10:00 UTC | tts=-452s
[2026-05-30 22:17:37.899]      ├─ ❌ 过滤 [已开始] btc-updown-5m-1780150500 | 开始于 14:15:00 UTC | tts=-152s
[2026-05-30 22:17:37.899]      └─ ✅ 可交易 btc-updown-5m-1780150800 | 开始 14:20:00 UTC | 结束 14:25:00 UTC | tts=148s
[2026-05-30 22:17:37.899]      └─ ✅ 可交易 btc-updown-5m-1780151100 | 开始 14:25:00 UTC | 结束 14:30:00 UTC | tts=448s
[2026-05-30 22:17:37.899]      ├─ ❌ 过滤 [太远] btc-updown-5m-1780151400 | 开始于 14:30:00 UTC | tts=748s > 600s
[2026-05-30 22:17:37.899] 
[2026-05-30 22:17:37.899]   📊 【汇总】发现 6 个 | 可交易 2 个
[2026-05-30 22:17:37.899]      └─ 时间窗口外: 4
[2026-05-30 22:17:37.899] 
[2026-05-30 22:17:37.899]   📅 【所有市场时间表】(当前: 14:17:31 UTC)
[2026-05-30 22:17:37.899]      🔴 已开始 14:05:00 - 14:10:00 UTC | btc-updown-5m-1780149900 | 开始已过 752s | 已结束
[2026-05-30 22:17:37.899]      🔴 已开始 14:10:00 - 14:15:00 UTC | btc-updown-5m-1780150200 | 开始已过 452s | 已结束
[2026-05-30 22:17:37.899]      🔴 已开始 14:15:00 - 14:20:00 UTC | btc-updown-5m-1780150500 | 开始已过 152s | 148s后结束
[2026-05-30 22:17:37.899]      ✅ 可交易 14:20:00 - 14:25:00 UTC | btc-updown-5m-1780150800 | 开始148s后 | 448s后结束
[2026-05-30 22:17:37.899]      ✅ 可交易 14:25:00 - 14:30:00 UTC | btc-updown-5m-1780151100 | 开始448s后 | 748s后结束
[2026-05-30 22:17:37.899]      🔜 太远 14:30:00 - 14:35:00 UTC | btc-updown-5m-1780151400 | 开始748s后 | 1048s后结束
[2026-05-30 22:17:37.899]   ✨ 新发现事件: btc-updown-5m-1780150800 | 状态=已发现 | 距开始=148s | 距结束=448s
[2026-05-30 22:17:37.899]   ✨ 新发现事件: btc-updown-5m-1780151100 | 状态=已发现 | 距开始=448s | 距结束=748s
[2026-05-30 22:17:37.899]   📦 事件池: 2 个 | 本轮发现=2 | GC移除=0
[2026-05-30 22:17:37.899]   🎯 目标事件: btc-updown-5m-1780150800 | 状态=已发现 | 距开始=148s | 距结束=448s
[2026-05-30 22:17:37.899]   ⏱  距离开始=148.2s | 状态=discovered | 动作次数=0
[2026-05-30 22:17:37.899]   🔄 事件状态: DISCOVERED → READY | btc-updown-5m-1780150800
[2026-05-30 22:17:38.586]   📗 YES下单: ✅ 已下单 | 价格=$0.4600 | 数量=10.0份 | 订单ID=DRY-0xb4ec07-YES
[2026-05-30 22:17:38.586]   ✅ [PAPER] Bought 10.0 YES shares @ $0.460
[2026-05-30 22:33:21.899]   📙 NO挂单: ✅ 已下单 | 价格=$0.4000 | 数量=10.0份 | 订单ID=DRY-0xb4ec07-DOWN
[2026-05-30 22:33:21.900]   ✅ [PAPER] Bought 10.0 NO shares @ $0.400
[2026-05-30 22:33:26.283] 
[2026-05-30 22:33:26.283]   ✅ 【已下单】btc-updown-5m-1780150800
[2026-05-30 22:33:26.283]      📗 YES: 订单ID=DRY-0xb4ec07-YES | 成交价=$0.4600
[2026-05-30 22:33:26.283]      📙 NO: 订单ID=DRY-0xb4ec07-DOWN | 成交价=$N/A
[2026-05-30 22:33:26.283]      📍 当前状态: down_resting | 动作次数: 3
[2026-05-30 22:33:26.283]   📊 套利边缘: net=-0.4000 | 充足=True | edge=-0.4000 >= min=-0.5000; YES@0.460 cost=0.4600 + NO@0.400 cost=0.4000
[2026-05-30 22:33:27.092]   🧾 结算回填: 已追加 1 条 settled 记录到 trades.csv
[2026-05-30 22:33:27.092] 
[2026-05-30 22:33:27.092]   💤 等待 60s 后进行下次轮询...
[2026-05-30 22:50:07.640] 
[2026-05-30 22:50:07.642] ━━━━━━━━━━━━━━━━━━━━━━━━━━━━━━━━━━━━━━━━━━━━━━━━━━━━━━━━━━━━
[2026-05-30 22:50:07.642]   【 PreOpen 轮次 #33 】 2026-05-30 14:50:07 UTC
[2026-05-30 22:50:07.643]   🗑 Pre-GC removed: btc-updown-5m-1780150800 | reason=stale/untradeable
[2026-05-30 22:50:07.643]   🗑 Pre-GC removed: btc-updown-5m-1780151100 | reason=stale/untradeable
[2026-05-30 22:50:16.046] 
[2026-05-30 22:50:16.046]   🔍 【市场发现】共找到 5 个市场
[2026-05-30 22:50:16.047]      ├─ ❌ 过滤 [已开始] btc-updown-5m-1780152300 | 开始于 14:45:00 UTC | tts=-308s
[2026-05-30 22:50:16.047]      ├─ ❌ 过滤 [已开始] btc-updown-5m-1780152600 | 开始于 14:50:00 UTC | tts=-8s
[2026-05-30 22:50:16.047]      └─ ✅ 可交易 btc-updown-5m-1780152900 | 开始 14:55:00 UTC | 结束 15:00:00 UTC | tts=292s
[2026-05-30 22:50:16.047]      └─ ✅ 可交易 btc-updown-5m-1780153200 | 开始 15:00:00 UTC | 结束 15:05:00 UTC | tts=592s
[2026-05-30 22:50:16.047]      ├─ ❌ 过滤 [太远] btc-updown-5m-1780153500 | 开始于 15:05:00 UTC | tts=892s > 600s
[2026-05-30 22:50:16.048] 
[2026-05-30 22:50:16.048]   📊 【汇总】发现 5 个 | 可交易 2 个
[2026-05-30 22:50:16.048]      └─ 时间窗口外: 3
[2026-05-30 22:50:16.048] 
[2026-05-30 22:50:16.048]   📅 【所有市场时间表】(当前: 14:50:07 UTC)
[2026-05-30 22:50:16.048]      🔴 已开始 14:45:00 - 14:50:00 UTC | btc-updown-5m-1780152300 | 开始已过 308s | 已结束
[2026-05-30 22:50:16.048]      🔴 已开始 14:50:00 - 14:55:00 UTC | btc-updown-5m-1780152600 | 开始已过 8s | 292s后结束
[2026-05-30 22:50:16.048]      ✅ 可交易 14:55:00 - 15:00:00 UTC | btc-updown-5m-1780152900 | 开始292s后 | 592s后结束
[2026-05-30 22:50:16.048]      ✅ 可交易 15:00:00 - 15:05:00 UTC | btc-updown-5m-1780153200 | 开始592s后 | 892s后结束
[2026-05-30 22:50:16.048]      🔜 太远 15:05:00 - 15:10:00 UTC | btc-updown-5m-1780153500 | 开始892s后 | 1192s后结束
[2026-05-30 22:50:16.048]   ✨ 新发现事件: btc-updown-5m-1780152900 | 状态=已发现 | 距开始=292s | 距结束=592s
[2026-05-30 22:50:16.048]   ✨ 新发现事件: btc-updown-5m-1780153200 | 状态=已发现 | 距开始=592s | 距结束=892s
[2026-05-30 22:50:16.048]   📦 事件池: 2 个 | 本轮发现=2 | GC移除=0
[2026-05-30 22:50:16.048]   🎯 目标事件: btc-updown-5m-1780152900 | 状态=已发现 | 距开始=292s | 距结束=592s
[2026-05-30 22:50:16.049]   ⏱  距离开始=292.4s | 状态=discovered | 动作次数=0
[2026-05-30 22:50:16.049]   🔄 事件状态: DISCOVERED → READY | btc-updown-5m-1780152900
[2026-05-30 22:50:17.767]   📗 YES下单: ✅ 已下单 | 价格=$0.5100 | 数量=10.0份 | 订单ID=DRY-0x41a3e1-YES
[2026-05-30 22:50:17.767]   ✅ [PAPER] Bought 10.0 YES shares @ $0.510
[2026-05-30 22:50:27.893]   📙 NO挂单: ✅ 已下单 | 价格=$0.4000 | 数量=10.0份 | 订单ID=DRY-0x41a3e1-DOWN
[2026-05-30 22:50:27.893]   ✅ [PAPER] Bought 10.0 NO shares @ $0.400
[2026-05-30 23:00:20.443] 
[2026-05-30 23:00:20.443]   ✅ 【已下单】btc-updown-5m-1780152900
[2026-05-30 23:00:20.443]      📗 YES: 订单ID=DRY-0x41a3e1-YES | 成交价=$0.5100
[2026-05-30 23:00:20.444]      📙 NO: 订单ID=DRY-0x41a3e1-DOWN | 成交价=$N/A
[2026-05-30 23:00:20.444]      📍 当前状态: down_resting | 动作次数: 3
[2026-05-30 23:00:20.444]   📊 套利边缘: net=-0.4000 | 充足=True | edge=-0.4000 >= min=-0.5000; YES@0.510 cost=0.5100 + NO@0.400 cost=0.4000
[2026-05-30 23:00:29.970] 
[2026-05-30 23:00:29.970]   💤 等待 60s 后进行下次轮询...
[2026-05-30 23:01:30.103] 
[2026-05-30 23:01:30.105] ━━━━━━━━━━━━━━━━━━━━━━━━━━━━━━━━━━━━━━━━━━━━━━━━━━━━━━━━━━━━
[2026-05-30 23:01:30.106]   【 PreOpen 轮次 #34 】 2026-05-30 15:01:30 UTC
[2026-05-30 23:01:30.106]   🗑 Pre-GC removed: btc-updown-5m-1780152900 | reason=stale/untradeable
[2026-05-30 23:01:30.106]   🗑 Pre-GC removed: btc-updown-5m-1780153200 | reason=stale/untradeable
[2026-05-30 23:01:43.644]   ⚠️  Simmer SDK timed out after 1.5s; will use Polymarket API only
[2026-05-30 23:01:43.644]   ⚠️  Simmer fast-markets API timed out after 1.5s; using Polymarket deterministic/Gamma markets
[2026-05-30 23:01:43.644] 
[2026-05-30 23:01:43.644]   🔍 【市场发现】共找到 11 个市场
[2026-05-30 23:01:43.645]      ├─ ❌ 过滤 [已开始] btc-updown-5m-1780152900 | 开始于 14:55:00 UTC | tts=-390s
[2026-05-30 23:01:43.645]      └─ ✅ 可交易 btc-updown-5m-1780153500 | 开始 15:05:00 UTC | 结束 15:10:00 UTC | tts=210s
[2026-05-30 23:01:43.645]      └─ ✅ 可交易 btc-updown-5m-1780153800 | 开始 15:10:00 UTC | 结束 15:15:00 UTC | tts=510s
[2026-05-30 23:01:43.645]      ├─ ❌ 过滤 [太远] btc-updown-5m-1780154100 | 开始于 15:15:00 UTC | tts=810s > 600s
[2026-05-30 23:01:43.645]      ├─ ❌ 过滤 [太远] btc-updown-5m-1766162100 | 开始于 16:35:00 UTC | tts=17544810s > 600s
[2026-05-30 23:01:43.645]      ├─ ❌ 过滤 [太远] btc-updown-5m-1766162400 | 开始于 16:40:00 UTC | tts=17545110s > 600s
[2026-05-30 23:01:43.645]      ├─ ❌ 过滤 [太远] btc-updown-5m-1766162700 | 开始于 16:45:00 UTC | tts=17545410s > 600s
[2026-05-30 23:01:43.646]      ├─ ❌ 过滤 [太远] btc-updown-5m-1766163000 | 开始于 16:50:00 UTC | tts=17545710s > 600s
[2026-05-30 23:01:43.646]      ├─ ❌ 过滤 [太远] btc-updown-5m-1766163300 | 开始于 16:55:00 UTC | tts=17546010s > 600s
[2026-05-30 23:01:43.646]      ├─ ❌ 过滤 [太远] btc-updown-5m-1766163600 | 开始于 17:00:00 UTC | tts=17546310s > 600s
[2026-05-30 23:01:43.646]      ├─ ❌ 过滤 [太远] btc-updown-5m-1766163900 | 开始于 17:05:00 UTC | tts=17546610s > 600s
[2026-05-30 23:01:43.646] 
[2026-05-30 23:01:43.646]   📊 【汇总】发现 11 个 | 可交易 2 个
[2026-05-30 23:01:43.646]      └─ 时间窗口外: 9
[2026-05-30 23:01:43.646] 
[2026-05-30 23:01:43.646]   📅 【所有市场时间表】(当前: 15:01:30 UTC)
[2026-05-30 23:01:43.646]      🔴 已开始 14:55:00 - 15:00:00 UTC | btc-updown-5m-1780152900 | 开始已过 390s | 已结束
[2026-05-30 23:01:43.646]      ✅ 可交易 15:05:00 - 15:10:00 UTC | btc-updown-5m-1780153500 | 开始210s后 | 510s后结束
[2026-05-30 23:01:43.647]      ✅ 可交易 15:10:00 - 15:15:00 UTC | btc-updown-5m-1780153800 | 开始510s后 | 810s后结束
[2026-05-30 23:01:43.647]      🔜 太远 15:15:00 - 15:20:00 UTC | btc-updown-5m-1780154100 | 开始810s后 | 1110s后结束
[2026-05-30 23:01:43.647]      🔜 太远 16:35:00 - 16:40:00 UTC | btc-updown-5m-1766162100 | 开始17544810s后 | 17545110s后结束
[2026-05-30 23:01:43.647]      🔜 太远 16:40:00 - 16:45:00 UTC | btc-updown-5m-1766162400 | 开始17545110s后 | 17545410s后结束
[2026-05-30 23:01:43.647]      🔜 太远 16:45:00 - 16:50:00 UTC | btc-updown-5m-1766162700 | 开始17545410s后 | 17545710s后结束
[2026-05-30 23:01:43.647]      🔜 太远 16:50:00 - 16:55:00 UTC | btc-updown-5m-1766163000 | 开始17545710s后 | 17546010s后结束
[2026-05-30 23:01:43.647]      🔜 太远 16:55:00 - 17:00:00 UTC | btc-updown-5m-1766163300 | 开始17546010s后 | 17546310s后结束
[2026-05-30 23:01:43.647]      🔜 太远 17:00:00 - 17:05:00 UTC | btc-updown-5m-1766163600 | 开始17546310s后 | 17546610s后结束
[2026-05-30 23:01:43.647]      🔜 太远 17:05:00 - 17:10:00 UTC | btc-updown-5m-1766163900 | 开始17546610s后 | 17546910s后结束
[2026-05-30 23:01:43.647]   ✨ 新发现事件: btc-updown-5m-1780153500 | 状态=已发现 | 距开始=210s | 距结束=510s
[2026-05-30 23:01:43.647]   ✨ 新发现事件: btc-updown-5m-1780153800 | 状态=已发现 | 距开始=510s | 距结束=810s
[2026-05-30 23:01:43.647]   📦 事件池: 2 个 | 本轮发现=2 | GC移除=0
[2026-05-30 23:01:43.647]   🎯 目标事件: btc-updown-5m-1780153500 | 状态=已发现 | 距开始=210s | 距结束=510s
[2026-05-30 23:01:43.647]   ⏱  距离开始=209.9s | 状态=discovered | 动作次数=0
[2026-05-30 23:01:43.647]   🔄 事件状态: DISCOVERED → READY | btc-updown-5m-1780153500
[2026-05-30 23:01:45.279]   📗 YES下单: ✅ 已下单 | 价格=$0.5100 | 数量=10.0份 | 订单ID=DRY-0xe6a324-YES
[2026-05-30 23:01:45.280]   ✅ [PAPER] Bought 10.0 YES shares @ $0.510
[2026-05-30 23:13:05.789]   📙 NO挂单: ✅ 已下单 | 价格=$0.4000 | 数量=10.0份 | 订单ID=DRY-0xe6a324-DOWN
[2026-05-30 23:13:05.789]   ✅ [PAPER] Bought 10.0 NO shares @ $0.400
[2026-05-30 23:13:19.871] 
[2026-05-30 23:13:19.872]   ✅ 【已下单】btc-updown-5m-1780153500
[2026-05-30 23:13:19.872]      📗 YES: 订单ID=DRY-0xe6a324-YES | 成交价=$0.5100
[2026-05-30 23:13:19.872]      📙 NO: 订单ID=DRY-0xe6a324-DOWN | 成交价=$N/A
[2026-05-30 23:13:19.872]      📍 当前状态: down_resting | 动作次数: 3
[2026-05-30 23:13:19.872]   📊 套利边缘: net=-0.4000 | 充足=True | edge=-0.4000 >= min=-0.5000; YES@0.510 cost=0.5100 + NO@0.400 cost=0.4000
[2026-05-30 23:13:32.407]   🧾 结算回填: 已追加 2 条 settled 记录到 trades.csv
[2026-05-30 23:13:32.408] 
[2026-05-30 23:13:32.408]   💤 等待 60s 后进行下次轮询...
[2026-05-30 23:14:32.417] 
[2026-05-30 23:14:32.419] ━━━━━━━━━━━━━━━━━━━━━━━━━━━━━━━━━━━━━━━━━━━━━━━━━━━━━━━━━━━━
[2026-05-30 23:14:32.419]   【 PreOpen 轮次 #35 】 2026-05-30 15:14:32 UTC
[2026-05-30 23:14:32.420]   🗑 Pre-GC removed: btc-updown-5m-1780153500 | reason=stale/untradeable
[2026-05-30 23:14:32.420]   🗑 Pre-GC removed: btc-updown-5m-1780153800 | reason=stale/untradeable
[2026-05-30 23:14:38.612] 
[2026-05-30 23:14:38.612]   🔍 【市场发现】共找到 5 个市场
[2026-05-30 23:14:38.612]      ├─ ❌ 过滤 [已开始] btc-updown-5m-1780153500 | 开始于 15:05:00 UTC | tts=-572s
[2026-05-30 23:14:38.612]      ├─ ❌ 过滤 [已开始] btc-updown-5m-1780153800 | 开始于 15:10:00 UTC | tts=-272s
[2026-05-30 23:14:38.612]      └─ ✅ 可交易 btc-updown-5m-1780154100 | 开始 15:15:00 UTC | 结束 15:20:00 UTC | tts=28s
[2026-05-30 23:14:38.612]      └─ ✅ 可交易 btc-updown-5m-1780154400 | 开始 15:20:00 UTC | 结束 15:25:00 UTC | tts=328s
[2026-05-30 23:14:38.612]      ├─ ❌ 过滤 [太远] btc-updown-5m-1780154700 | 开始于 15:25:00 UTC | tts=628s > 600s
[2026-05-30 23:14:38.612] 
[2026-05-30 23:14:38.613]   📊 【汇总】发现 5 个 | 可交易 2 个
[2026-05-30 23:14:38.613]      └─ 时间窗口外: 3
[2026-05-30 23:14:38.613] 
[2026-05-30 23:14:38.613]   📅 【所有市场时间表】(当前: 15:14:32 UTC)
[2026-05-30 23:14:38.613]      🔴 已开始 15:05:00 - 15:10:00 UTC | btc-updown-5m-1780153500 | 开始已过 572s | 已结束
[2026-05-30 23:14:38.613]      🔴 已开始 15:10:00 - 15:15:00 UTC | btc-updown-5m-1780153800 | 开始已过 272s | 28s后结束
[2026-05-30 23:14:38.613]      ✅ 可交易 15:15:00 - 15:20:00 UTC | btc-updown-5m-1780154100 | 开始28s后 | 328s后结束
[2026-05-30 23:14:38.613]      ✅ 可交易 15:20:00 - 15:25:00 UTC | btc-updown-5m-1780154400 | 开始328s后 | 628s后结束
[2026-05-30 23:14:38.613]      🔜 太远 15:25:00 - 15:30:00 UTC | btc-updown-5m-1780154700 | 开始628s后 | 928s后结束
[2026-05-30 23:14:38.613]   ✨ 新发现事件: btc-updown-5m-1780154100 | 状态=已发现 | 距开始=28s | 距结束=328s
[2026-05-30 23:14:38.613]   ✨ 新发现事件: btc-updown-5m-1780154400 | 状态=已发现 | 距开始=328s | 距结束=628s
[2026-05-30 23:14:38.613]   📦 事件池: 2 个 | 本轮发现=2 | GC移除=0
[2026-05-30 23:14:38.613]   🎯 目标事件: btc-updown-5m-1780154100 | 状态=已发现 | 距开始=28s | 距结束=328s
[2026-05-30 23:14:38.613]   ⏱  距离开始=27.6s | 状态=discovered | 动作次数=0
[2026-05-30 23:14:38.613]   🔄 事件状态: DISCOVERED → READY | btc-updown-5m-1780154100
[2026-05-30 23:14:46.791]   📗 YES下单: ✅ 已下单 | 价格=$0.4900 | 数量=10.0份 | 订单ID=DRY-0x1180b4-YES
[2026-05-30 23:14:46.791]   ✅ [PAPER] Bought 10.0 YES shares @ $0.490
[2026-05-30 23:14:56.156]   📙 NO挂单: ✅ 已下单 | 价格=$0.4000 | 数量=10.0份 | 订单ID=DRY-0x1180b4-DOWN
[2026-05-30 23:14:56.156]   ✅ [PAPER] Bought 10.0 NO shares @ $0.400
[2026-05-30 23:15:05.896]   📙 NO切换FAK: ⏭️ 跳过 | 价格=$0.5200 | 数量=- | 原因: arb_insufficient: edge=-0.5200 < min=-0.5000; YES@0.490 cost=0.4900 + NO@0.520 cost=0.5200
[2026-05-30 23:15:05.897] 
[2026-05-30 23:15:05.897]   ✅ 【已下单】btc-updown-5m-1780154100
[2026-05-30 23:15:05.897]      📗 YES: 订单ID=DRY-0x1180b4-YES | 成交价=$0.4900
[2026-05-30 23:15:05.897]      📙 NO: 订单ID=DRY-0x1180b4-DOWN | 成交价=$N/A
[2026-05-30 23:15:05.897]      📍 当前状态: down_resting | 动作次数: 3
[2026-05-30 23:15:05.897]   📊 套利边缘: net=-0.4000 | 充足=True | edge=-0.4000 >= min=-0.5000; YES@0.490 cost=0.4900 + NO@0.400 cost=0.4000
[2026-05-30 23:15:05.897] 
[2026-05-30 23:15:05.897]   💤 等待 60s 后进行下次轮询...
[2026-05-30 23:16:05.904] 
[2026-05-30 23:16:05.906] ━━━━━━━━━━━━━━━━━━━━━━━━━━━━━━━━━━━━━━━━━━━━━━━━━━━━━━━━━━━━
[2026-05-30 23:16:05.907]   【 PreOpen 轮次 #36 】 2026-05-30 15:16:05 UTC
[2026-05-30 23:16:05.907]   🗑 Pre-GC removed: btc-updown-5m-1780154100 | reason=stale/untradeable
[2026-05-30 23:16:13.301] 
[2026-05-30 23:16:13.302]   🔍 【市场发现】共找到 4 个市场
[2026-05-30 23:16:13.302]      ├─ ❌ 过滤 [已开始] btc-updown-5m-1780153800 | 开始于 15:10:00 UTC | tts=-366s
[2026-05-30 23:16:13.302]      ├─ ❌ 过滤 [已开始] btc-updown-5m-1780154100 | 开始于 15:15:00 UTC | tts=-66s
[2026-05-30 23:16:13.302]      └─ ✅ 可交易 btc-updown-5m-1780154400 | 开始 15:20:00 UTC | 结束 15:25:00 UTC | tts=234s
[2026-05-30 23:16:13.302]      ├─ ❌ 过滤 [太远] btc-updown-5m-1780155000 | 开始于 15:30:00 UTC | tts=834s > 600s
[2026-05-30 23:16:13.303] 
[2026-05-30 23:16:13.303]   📊 【汇总】发现 4 个 | 可交易 0 个
[2026-05-30 23:16:13.303]      └─ 时间窗口外: 3
[2026-05-30 23:16:13.303] 
[2026-05-30 23:16:13.303]   📅 【所有市场时间表】(当前: 15:16:05 UTC)
[2026-05-30 23:16:13.303]      🔴 已开始 15:10:00 - 15:15:00 UTC | btc-updown-5m-1780153800 | 开始已过 366s | 已结束
[2026-05-30 23:16:13.303]      🔴 已开始 15:15:00 - 15:20:00 UTC | btc-updown-5m-1780154100 | 开始已过 66s | 234s后结束
[2026-05-30 23:16:13.303]      ✅ 可交易 15:20:00 - 15:25:00 UTC | btc-updown-5m-1780154400 | 开始234s后 | 534s后结束
[2026-05-30 23:16:13.303]      🔜 太远 15:30:00 - 15:35:00 UTC | btc-updown-5m-1780155000 | 开始834s后 | 1134s后结束
[2026-05-30 23:16:13.303]   📦 事件池: 1 个 | 本轮发现=0 | GC移除=0
[2026-05-30 23:16:13.303]   🎯 目标事件: btc-updown-5m-1780154400 | 状态=已发现 | 距开始=234s | 距结束=534s
[2026-05-30 23:16:13.303]   ⏱  距离开始=234.1s | 状态=discovered | 动作次数=0
[2026-05-30 23:16:13.304]   🔄 事件状态: DISCOVERED → READY | btc-updown-5m-1780154400
[2026-05-30 23:16:14.059]   📗 YES下单: ✅ 已下单 | 价格=$0.5000 | 数量=10.0份 | 订单ID=DRY-0xc5936c-YES
[2026-05-30 23:16:14.060]   ✅ [PAPER] Bought 10.0 YES shares @ $0.500
[2026-05-30 23:16:27.537]   📙 NO挂单: ✅ 已下单 | 价格=$0.4000 | 数量=10.0份 | 订单ID=DRY-0xc5936c-DOWN
[2026-05-30 23:16:27.537]   ✅ [PAPER] Bought 10.0 NO shares @ $0.400
[2026-05-30 23:16:39.373] 
[2026-05-30 23:16:39.374]   ✅ 【已下单】btc-updown-5m-1780154400
[2026-05-30 23:16:39.374]      📗 YES: 订单ID=DRY-0xc5936c-YES | 成交价=$0.5000
[2026-05-30 23:16:39.374]      📙 NO: 订单ID=DRY-0xc5936c-DOWN | 成交价=$N/A
[2026-05-30 23:16:39.374]      📍 当前状态: down_resting | 动作次数: 3
[2026-05-30 23:16:39.374]   📊 套利边缘: net=-0.4000 | 充足=True | edge=-0.4000 >= min=-0.5000; YES@0.500 cost=0.5000 + NO@0.400 cost=0.4000
[2026-05-30 23:17:09.125]   🧾 结算回填: 已追加 2 条 settled 记录到 trades.csv
[2026-05-30 23:17:09.126] 
[2026-05-30 23:17:09.126]   💤 等待 60s 后进行下次轮询...
[2026-05-30 23:18:09.133] 
[2026-05-30 23:18:09.134] ━━━━━━━━━━━━━━━━━━━━━━━━━━━━━━━━━━━━━━━━━━━━━━━━━━━━━━━━━━━━
[2026-05-30 23:18:09.135]   【 PreOpen 轮次 #37 】 2026-05-30 15:18:09 UTC
[2026-05-30 23:18:15.094] 
[2026-05-30 23:18:15.095]   🔍 【市场发现】共找到 5 个市场
[2026-05-30 23:18:15.095]      ├─ ❌ 过滤 [已开始] btc-updown-5m-1780153800 | 开始于 15:10:00 UTC | tts=-489s
[2026-05-30 23:18:15.095]      ├─ ❌ 过滤 [已开始] btc-updown-5m-1780154100 | 开始于 15:15:00 UTC | tts=-189s
[2026-05-30 23:18:15.096]      └─ ✅ 可交易 btc-updown-5m-1780154700 | 开始 15:25:00 UTC | 结束 15:30:00 UTC | tts=411s
[2026-05-30 23:18:15.096]      ├─ ❌ 过滤 [太远] btc-updown-5m-1780155000 | 开始于 15:30:00 UTC | tts=711s > 600s
[2026-05-30 23:18:15.096] 
[2026-05-30 23:18:15.096]   📊 【汇总】发现 5 个 | 可交易 1 个
[2026-05-30 23:18:15.096]      ├─ 已下单事件排除: 1
[2026-05-30 23:18:15.096]      └─ 时间窗口外: 3
[2026-05-30 23:18:15.096] 
[2026-05-30 23:18:15.096]   📅 【所有市场时间表】(当前: 15:18:09 UTC)
[2026-05-30 23:18:15.096]      🔴 已开始 15:10:00 - 15:15:00 UTC | btc-updown-5m-1780153800 | 开始已过 489s | 已结束
[2026-05-30 23:18:15.096]      🔴 已开始 15:15:00 - 15:20:00 UTC | btc-updown-5m-1780154100 | 开始已过 189s | 111s后结束
[2026-05-30 23:18:15.096]      ✅ 可交易 🧾已下单 15:20:00 - 15:25:00 UTC | btc-updown-5m-1780154400 | 开始111s后 | 411s后结束
[2026-05-30 23:18:15.096]      ✅ 可交易 15:25:00 - 15:30:00 UTC | btc-updown-5m-1780154700 | 开始411s后 | 711s后结束
[2026-05-30 23:18:15.097]      🔜 太远 15:30:00 - 15:35:00 UTC | btc-updown-5m-1780155000 | 开始711s后 | 1011s后结束
[2026-05-30 23:18:15.097]   ✨ 新发现事件: btc-updown-5m-1780154700 | 状态=已发现 | 距开始=411s | 距结束=711s
[2026-05-30 23:18:15.097]   📦 事件池: 2 个 | 本轮发现=1 | GC移除=0
[2026-05-30 23:18:15.097]   🎯 目标事件: btc-updown-5m-1780154400 | 状态=NO挂单中 | 距开始=111s | 距结束=411s
[2026-05-30 23:18:15.097]   ⏱  距离开始=110.9s | 状态=down_resting | 动作次数=3
[2026-05-30 23:18:15.097]   循环检查: ⏭️ 跳过 | 价格=- | 数量=- | 原因: action_count=3 >= max=3
[2026-05-30 23:18:15.097] 
[2026-05-30 23:18:15.097]   ✅ 【已下单】btc-updown-5m-1780154400
[2026-05-30 23:18:15.097]      📗 YES: 订单ID=DRY-0xc5936c-YES | 成交价=$0.5000
[2026-05-30 23:18:15.097]      📙 NO: 订单ID=DRY-0xc5936c-DOWN | 成交价=$N/A
[2026-05-30 23:18:15.097]      📍 当前状态: down_resting | 动作次数: 3
[2026-05-30 23:18:15.097]   📊 套利边缘: net=-0.4000 | 充足=True | edge=-0.4000 >= min=-0.5000; YES@0.500 cost=0.5000 + NO@0.400 cost=0.4000
[2026-05-30 23:18:15.098] 
[2026-05-30 23:18:15.098]   💤 等待 60s 后进行下次轮询...
[2026-05-30 23:19:15.104] 
[2026-05-30 23:19:15.107] ━━━━━━━━━━━━━━━━━━━━━━━━━━━━━━━━━━━━━━━━━━━━━━━━━━━━━━━━━━━━
[2026-05-30 23:19:15.107]   【 PreOpen 轮次 #38 】 2026-05-30 15:19:15 UTC
[2026-05-30 23:19:19.051] 
[2026-05-30 23:19:19.051]   🔍 【市场发现】共找到 5 个市场
[2026-05-30 23:19:19.051]      ├─ ❌ 过滤 [已开始] btc-updown-5m-1780153800 | 开始于 15:10:00 UTC | tts=-555s
[2026-05-30 23:19:19.052]      ├─ ❌ 过滤 [已开始] btc-updown-5m-1780154100 | 开始于 15:15:00 UTC | tts=-255s
[2026-05-30 23:19:19.052]      └─ ✅ 可交易 btc-updown-5m-1780154700 | 开始 15:25:00 UTC | 结束 15:30:00 UTC | tts=345s
[2026-05-30 23:19:19.052]      ├─ ❌ 过滤 [太远] btc-updown-5m-1780155000 | 开始于 15:30:00 UTC | tts=645s > 600s
[2026-05-30 23:19:19.052] 
[2026-05-30 23:19:19.052]   📊 【汇总】发现 5 个 | 可交易 0 个
[2026-05-30 23:19:19.052]      ├─ 已下单事件排除: 1
[2026-05-30 23:19:19.052]      └─ 时间窗口外: 3
[2026-05-30 23:19:19.052] 
[2026-05-30 23:19:19.052]   📅 【所有市场时间表】(当前: 15:19:15 UTC)
[2026-05-30 23:19:19.053]      🔴 已开始 15:10:00 - 15:15:00 UTC | btc-updown-5m-1780153800 | 开始已过 555s | 已结束
[2026-05-30 23:19:19.053]      🔴 已开始 15:15:00 - 15:20:00 UTC | btc-updown-5m-1780154100 | 开始已过 255s | 45s后结束
[2026-05-30 23:19:19.053]      ✅ 可交易 🧾已下单 15:20:00 - 15:25:00 UTC | btc-updown-5m-1780154400 | 开始45s后 | 345s后结束
[2026-05-30 23:19:19.053]      ✅ 可交易 15:25:00 - 15:30:00 UTC | btc-updown-5m-1780154700 | 开始345s后 | 645s后结束
[2026-05-30 23:19:19.053]      🔜 太远 15:30:00 - 15:35:00 UTC | btc-updown-5m-1780155000 | 开始645s后 | 945s后结束
[2026-05-30 23:19:19.053]   📦 事件池: 2 个 | 本轮发现=0 | GC移除=0
[2026-05-30 23:19:19.053]   🎯 目标事件: btc-updown-5m-1780154400 | 状态=NO挂单中 | 距开始=45s | 距结束=345s
[2026-05-30 23:19:19.053]   ⏱  距离开始=44.9s | 状态=down_resting | 动作次数=3
[2026-05-30 23:19:19.053]   循环检查: ⏭️ 跳过 | 价格=- | 数量=- | 原因: action_count=3 >= max=3
[2026-05-30 23:19:19.053] 
[2026-05-30 23:19:19.053]   ✅ 【已下单】btc-updown-5m-1780154400
[2026-05-30 23:19:19.053]      📗 YES: 订单ID=DRY-0xc5936c-YES | 成交价=$0.5000
[2026-05-30 23:19:19.053]      📙 NO: 订单ID=DRY-0xc5936c-DOWN | 成交价=$N/A
[2026-05-30 23:19:19.054]      📍 当前状态: down_resting | 动作次数: 3
[2026-05-30 23:19:19.054]   📊 套利边缘: net=-0.4000 | 充足=True | edge=-0.4000 >= min=-0.5000; YES@0.500 cost=0.5000 + NO@0.400 cost=0.4000
[2026-05-30 23:19:40.315] 
[2026-05-30 23:19:40.315]   💤 等待 60s 后进行下次轮询...
[2026-05-30 23:20:40.321] 
[2026-05-30 23:20:40.323] ━━━━━━━━━━━━━━━━━━━━━━━━━━━━━━━━━━━━━━━━━━━━━━━━━━━━━━━━━━━━
[2026-05-30 23:20:40.323]   【 PreOpen 轮次 #39 】 2026-05-30 15:20:40 UTC
[2026-05-30 23:20:45.729] 
[2026-05-30 23:20:45.729]   🔍 【市场发现】共找到 6 个市场
[2026-05-30 23:20:45.729]      ├─ ❌ 过滤 [已开始] btc-updown-5m-1780153800 | 开始于 15:10:00 UTC | tts=-640s
[2026-05-30 23:20:45.730]      ├─ ❌ 过滤 [已开始] btc-updown-5m-1780154100 | 开始于 15:15:00 UTC | tts=-340s
[2026-05-30 23:20:45.730]      └─ ✅ 可交易 btc-updown-5m-1780154700 | 开始 15:25:00 UTC | 结束 15:30:00 UTC | tts=260s
[2026-05-30 23:20:45.730]      └─ ✅ 可交易 btc-updown-5m-1780155000 | 开始 15:30:00 UTC | 结束 15:35:00 UTC | tts=560s
[2026-05-30 23:20:45.730]      ├─ ❌ 过滤 [太远] btc-updown-5m-1780155300 | 开始于 15:35:00 UTC | tts=860s > 600s
[2026-05-30 23:20:45.730] 
[2026-05-30 23:20:45.730]   📊 【汇总】发现 6 个 | 可交易 1 个
[2026-05-30 23:20:45.730]      ├─ 已下单事件排除: 1
[2026-05-30 23:20:45.730]      └─ 时间窗口外: 3
[2026-05-30 23:20:45.730] 
[2026-05-30 23:20:45.731]   📅 【所有市场时间表】(当前: 15:20:40 UTC)
[2026-05-30 23:20:45.731]      🔴 已开始 15:10:00 - 15:15:00 UTC | btc-updown-5m-1780153800 | 开始已过 640s | 已结束
[2026-05-30 23:20:45.731]      🔴 已开始 15:15:00 - 15:20:00 UTC | btc-updown-5m-1780154100 | 开始已过 340s | 已结束
[2026-05-30 23:20:45.731]      🔴 已开始 🧾已下单 15:20:00 - 15:25:00 UTC | btc-updown-5m-1780154400 | 开始已过 40s | 260s后结束
[2026-05-30 23:20:45.731]      ✅ 可交易 15:25:00 - 15:30:00 UTC | btc-updown-5m-1780154700 | 开始260s后 | 560s后结束
[2026-05-30 23:20:45.731]      ✅ 可交易 15:30:00 - 15:35:00 UTC | btc-updown-5m-1780155000 | 开始560s后 | 860s后结束
[2026-05-30 23:20:45.731]      🔜 太远 15:35:00 - 15:40:00 UTC | btc-updown-5m-1780155300 | 开始860s后 | 1160s后结束
[2026-05-30 23:20:45.732]   ✨ 新发现事件: btc-updown-5m-1780155000 | 状态=已发现 | 距开始=560s | 距结束=860s
[2026-05-30 23:20:45.732]   📦 事件池: 3 个 | 本轮发现=1 | GC移除=0
[2026-05-30 23:20:45.732]   🎯 目标事件: btc-updown-5m-1780154700 | 状态=已发现 | 距开始=260s | 距结束=560s
[2026-05-30 23:20:45.732]   ⏱  距离开始=259.7s | 状态=discovered | 动作次数=0
[2026-05-30 23:20:45.732]   🔄 事件状态: DISCOVERED → READY | btc-updown-5m-1780154700
[2026-05-30 23:20:47.185]   📗 YES下单: ✅ 已下单 | 价格=$0.5100 | 数量=10.0份 | 订单ID=DRY-0x225284-YES
[2026-05-30 23:20:47.185]   ✅ [PAPER] Bought 10.0 YES shares @ $0.510
[2026-05-30 23:20:55.861]   📙 NO挂单: ✅ 已下单 | 价格=$0.4000 | 数量=10.0份 | 订单ID=DRY-0x225284-DOWN
[2026-05-30 23:20:55.861]   ✅ [PAPER] Bought 10.0 NO shares @ $0.400
[2026-05-30 23:21:05.204] 
[2026-05-30 23:21:05.204]   ✅ 【已下单】btc-updown-5m-1780154700
[2026-05-30 23:21:05.204]      📗 YES: 订单ID=DRY-0x225284-YES | 成交价=$0.5100
[2026-05-30 23:21:05.204]      📙 NO: 订单ID=DRY-0x225284-DOWN | 成交价=$N/A
[2026-05-30 23:21:05.204]      📍 当前状态: down_resting | 动作次数: 3
[2026-05-30 23:21:05.204]   📊 套利边缘: net=-0.4000 | 充足=True | edge=-0.4000 >= min=-0.5000; YES@0.510 cost=0.5100 + NO@0.400 cost=0.4000
[2026-05-30 23:21:05.204] 
[2026-05-30 23:21:05.204]   💤 等待 60s 后进行下次轮询...
[2026-05-30 23:22:05.211] 
[2026-05-30 23:22:05.213] ━━━━━━━━━━━━━━━━━━━━━━━━━━━━━━━━━━━━━━━━━━━━━━━━━━━━━━━━━━━━
[2026-05-30 23:22:05.214]   【 PreOpen 轮次 #40 】 2026-05-30 15:22:05 UTC
[2026-05-30 23:22:05.214]   🗑 Pre-GC removed: btc-updown-5m-1780154400 | reason=stale/untradeable
[2026-05-30 23:22:16.196]   ⚠️  Simmer SDK timed out after 1.5s; will use Polymarket API only
[2026-05-30 23:22:16.198]   ⚠️  Simmer fast-markets API timed out after 1.5s; using Polymarket deterministic/Gamma markets
[2026-05-30 23:22:16.198] 
[2026-05-30 23:22:16.198]   🔍 【市场发现】共找到 12 个市场
[2026-05-30 23:22:16.198]      ├─ ❌ 过滤 [已开始] btc-updown-5m-1780153800 | 开始于 15:10:00 UTC | tts=-725s
[2026-05-30 23:22:16.198]      ├─ ❌ 过滤 [已开始] btc-updown-5m-1780154100 | 开始于 15:15:00 UTC | tts=-425s
[2026-05-30 23:22:16.198]      └─ ✅ 可交易 btc-updown-5m-1780155000 | 开始 15:30:00 UTC | 结束 15:35:00 UTC | tts=475s
[2026-05-30 23:22:16.198]      ├─ ❌ 过滤 [太远] btc-updown-5m-1780155300 | 开始于 15:35:00 UTC | tts=775s > 600s
[2026-05-30 23:22:16.199]      ├─ ❌ 过滤 [太远] btc-updown-5m-1766162100 | 开始于 16:35:00 UTC | tts=17543575s > 600s
[2026-05-30 23:22:16.199]      ├─ ❌ 过滤 [太远] btc-updown-5m-1766162400 | 开始于 16:40:00 UTC | tts=17543875s > 600s
[2026-05-30 23:22:16.199]      ├─ ❌ 过滤 [太远] btc-updown-5m-1766162700 | 开始于 16:45:00 UTC | tts=17544175s > 600s
[2026-05-30 23:22:16.199]      ├─ ❌ 过滤 [太远] btc-updown-5m-1766163000 | 开始于 16:50:00 UTC | tts=17544475s > 600s
[2026-05-30 23:22:16.199]      ├─ ❌ 过滤 [太远] btc-updown-5m-1766163300 | 开始于 16:55:00 UTC | tts=17544775s > 600s
[2026-05-30 23:22:16.199]      ├─ ❌ 过滤 [太远] btc-updown-5m-1766163600 | 开始于 17:00:00 UTC | tts=17545075s > 600s
[2026-05-30 23:22:16.199]      ├─ ❌ 过滤 [太远] btc-updown-5m-1766163900 | 开始于 17:05:00 UTC | tts=17545375s > 600s
[2026-05-30 23:22:16.199] 
[2026-05-30 23:22:16.199]   📊 【汇总】发现 12 个 | 可交易 0 个
[2026-05-30 23:22:16.199]      ├─ 已下单事件排除: 1
[2026-05-30 23:22:16.199]      └─ 时间窗口外: 10
[2026-05-30 23:22:16.199] 
[2026-05-30 23:22:16.199]   📅 【所有市场时间表】(当前: 15:22:05 UTC)
[2026-05-30 23:22:16.199]      🔴 已开始 15:10:00 - 15:15:00 UTC | btc-updown-5m-1780153800 | 开始已过 725s | 已结束
[2026-05-30 23:22:16.199]      🔴 已开始 15:15:00 - 15:20:00 UTC | btc-updown-5m-1780154100 | 开始已过 425s | 已结束
[2026-05-30 23:22:16.199]      ✅ 可交易 🧾已下单 15:25:00 - 15:30:00 UTC | btc-updown-5m-1780154700 | 开始175s后 | 475s后结束
[2026-05-30 23:22:16.199]      ✅ 可交易 15:30:00 - 15:35:00 UTC | btc-updown-5m-1780155000 | 开始475s后 | 775s后结束
[2026-05-30 23:22:16.200]      🔜 太远 15:35:00 - 15:40:00 UTC | btc-updown-5m-1780155300 | 开始775s后 | 1075s后结束
[2026-05-30 23:22:16.200]      🔜 太远 16:35:00 - 16:40:00 UTC | btc-updown-5m-1766162100 | 开始17543575s后 | 17543875s后结束
[2026-05-30 23:22:16.200]      🔜 太远 16:40:00 - 16:45:00 UTC | btc-updown-5m-1766162400 | 开始17543875s后 | 17544175s后结束
[2026-05-30 23:22:16.200]      🔜 太远 16:45:00 - 16:50:00 UTC | btc-updown-5m-1766162700 | 开始17544175s后 | 17544475s后结束
[2026-05-30 23:22:16.200]      🔜 太远 16:50:00 - 16:55:00 UTC | btc-updown-5m-1766163000 | 开始17544475s后 | 17544775s后结束
[2026-05-30 23:22:16.200]      🔜 太远 16:55:00 - 17:00:00 UTC | btc-updown-5m-1766163300 | 开始17544775s后 | 17545075s后结束
[2026-05-30 23:22:16.200]      🔜 太远 17:00:00 - 17:05:00 UTC | btc-updown-5m-1766163600 | 开始17545075s后 | 17545375s后结束
[2026-05-30 23:22:16.200]      🔜 太远 17:05:00 - 17:10:00 UTC | btc-updown-5m-1766163900 | 开始17545375s后 | 17545675s后结束
[2026-05-30 23:22:16.200]   📦 事件池: 2 个 | 本轮发现=0 | GC移除=0
[2026-05-30 23:22:16.200]   🎯 目标事件: btc-updown-5m-1780154700 | 状态=NO挂单中 | 距开始=175s | 距结束=475s
[2026-05-30 23:22:16.200]   ⏱  距离开始=174.8s | 状态=down_resting | 动作次数=3
[2026-05-30 23:22:16.200]   循环检查: ⏭️ 跳过 | 价格=- | 数量=- | 原因: action_count=3 >= max=3
[2026-05-30 23:22:16.200] 
[2026-05-30 23:22:16.200]   ✅ 【已下单】btc-updown-5m-1780154700
[2026-05-30 23:22:16.200]      📗 YES: 订单ID=DRY-0x225284-YES | 成交价=$0.5100
[2026-05-30 23:22:16.200]      📙 NO: 订单ID=DRY-0x225284-DOWN | 成交价=$N/A
[2026-05-30 23:22:16.200]      📍 当前状态: down_resting | 动作次数: 3
[2026-05-30 23:22:16.201]   📊 套利边缘: net=-0.4000 | 充足=True | edge=-0.4000 >= min=-0.5000; YES@0.510 cost=0.5100 + NO@0.400 cost=0.4000
[2026-05-30 23:23:04.240] 
[2026-05-30 23:23:04.242]   💤 等待 60s 后进行下次轮询...
[2026-05-30 23:23:46.068] 
[2026-05-30 23:23:46.069] 【PreOpen Loop】Stopped by user.
